track,agency,cert_code,cert_name,name,phone,gender,birth_date,exam_region,exam_date,exam_session,fee_amount,fee_discount_type,fee_final,payment_method,status,usage_context,channel,memo,extra,created_at
국가기술,두두넷,7910,한식조리기능사,안갑순,010-7276-9696,F,1954-07-13,울산,2026-09-25,5교시,14500,없음,14500,신용카드,접수완료,가족보조,,,"{""source_receipt"": ""DN2026090785"", ""education"": ""초등학교졸업"", ""grade"": ""기능사"", ""exam_type"": ""상시CBT"", ""eligibility"": ""비전공자"", ""exam_center"": ""울산시험장"", ""payment_status"": ""완료"", ""discount_amount"": 0}",2026-08-19 16:12:00
국가기술,두두넷,7520,지게차운전기능사,오원호,010-6551-2359,M,1956-07-24,울산,2026-09-05,5교시,14500,장애인,7250,계좌이체,접수완료,가족보조,,,"{""source_receipt"": ""DN2026483901"", ""education"": ""초등학교졸업"", ""grade"": ""기능사"", ""exam_type"": ""상시CBT"", ""eligibility"": ""비전공자"", ""exam_center"": ""울산시험장"", ""payment_status"": ""완료"", ""discount_amount"": 7250}",2026-08-11 16:20:00
국가기술,두두넷,7530,굴착기운전기능사,성동석,010-8570-9497,M,1958-07-02,경기,2026-09-12,5교시,14500,없음,14500,신용카드,접수완료,가족보조,,,"{""source_receipt"": ""DN2026978464"", ""education"": ""초등학교졸업"", ""grade"": ""기능사"", ""exam_type"": ""상시CBT"", ""eligibility"": ""관련학과졸업"", ""exam_center"": ""고양시험장"", ""payment_status"": ""완료"", ""discount_amount"": 0}",2026-08-10 14:08:00
국가기술,두두넷,7910,한식조리기능사,오순자,010-2798-1381,F,1963-04-23,대전,2026-09-17,4교시,14500,없음,14500,계좌이체,접수완료,본인단독,,,"{""source_receipt"": ""DN2026692375"", ""education"": ""중학교졸업"", ""grade"": ""기능사"", ""exam_type"": ""상시CBT"", ""eligibility"": ""관련학과졸업"", ""exam_center"": ""대전시험장"", ""payment_status"": ""완료"", ""discount_amount"": 0}",2026-08-16 10:59:00
국가기술,두두넷,2300,전기기능사,장병수,010-7640-4289,M,1962-07-21,대구,2026-09-13,2교시,14500,없음,14500,신용카드,접수완료,본인단독,,,"{""source_receipt"": ""DN2026345714"", ""education"": ""중학교졸업"", ""grade"": ""기능사"", ""exam_type"": ""정기"", ""exam_round"": ""1"", ""eligibility"": ""비전공자"", ""exam_center"": ""대구시험장"", ""payment_status"": ""완료"", ""discount_amount"": 0}",2026-08-18 15:52:00
국가기술,두두넷,7910,한식조리기능사,백만수,010-2580-2945,M,1955-03-12,경남,2026-09-20,3교시,14500,없음,14500,신용카드,접수완료,가족보조,,,"{""source_receipt"": ""DN2026986945"", ""education"": ""중학교졸업"", ""grade"": ""기능사"", ""exam_type"": ""상시CBT"", ""eligibility"": ""관련학과졸업"", ""exam_center"": ""창원시험장"", ""payment_status"": ""완료"", ""discount_amount"": 0}",2026-08-12 15:09:00
국가기술,두두넷,7910,한식조리기능사,양미자,010-2186-9212,F,1964-04-18,충북,2026-10-04,1교시,14500,장애인,7250,계좌이체,접수완료,본인단독,,,"{""source_receipt"": ""DN2026899538"", ""education"": ""고등학교졸업"", ""grade"": ""기능사"", ""exam_type"": ""상시CBT"", ""eligibility"": ""경력"", ""exam_center"": ""청주시험장"", ""payment_status"": ""완료"", ""discount_amount"": 7250}",2026-08-10 14:13:00
국가기술,두두넷,2300,전기기능사,오성호,010-7111-7530,M,1957-07-13,충북,2026-10-18,3교시,14500,없음,14500,가상계좌,접수완료,복지관,,,"{""source_receipt"": ""DN2026097166"", ""education"": ""고등학교졸업"", ""grade"": ""기능사"", ""exam_type"": ""정기"", ""exam_round"": ""4"", ""eligibility"": ""관련학과졸업"", ""exam_center"": ""청주시험장"", ""payment_status"": ""완료"", ""discount_amount"": 0}",2026-08-13 13:06:00
국가기술,두두넷,7520,지게차운전기능사,유갑수,010-2312-8173,M,1953-12-24,충북,2026-09-13,3교시,14500,장애인,7250,신용카드,접수완료,대리접수,,,"{""source_receipt"": ""DN2026310774"", ""education"": ""고등학교졸업"", ""grade"": ""기능사"", ""exam_type"": ""상시CBT"", ""eligibility"": ""경력"", ""exam_center"": ""청주시험장"", ""payment_status"": ""완료"", ""discount_amount"": 7250}",2026-08-14 14:50:00
국가기술,두두넷,7530,굴착기운전기능사,민미자,010-5625-7208,F,1963-08-18,광주,2026-10-14,5교시,14500,없음,14500,가상계좌,접수완료,본인단독,,,"{""source_receipt"": ""DN2026690191"", ""education"": ""대학원졸"", ""grade"": ""기능사"", ""exam_type"": ""상시CBT"", ""eligibility"": ""비전공자"", ""exam_center"": ""광주시험장"", ""payment_status"": ""완료"", ""discount_amount"": 0}",2026-08-19 16:12:00
국가기술,두두넷,7910,한식조리기능사,안정자,010-7827-4788,F,1954-06-01,충남,2026-09-22,4교시,14500,차상위계층,7250,신용카드,접수완료,본인단독,,,"{""source_receipt"": ""DN2026827843"", ""education"": ""고등학교졸업"", ""grade"": ""기능사"", ""exam_type"": ""상시CBT"", ""eligibility"": ""경력"", ""exam_center"": ""천안시험장"", ""payment_status"": ""완료"", ""discount_amount"": 7250}",2026-08-17 17:12:00
국가기술,두두넷,7530,굴착기운전기능사,민운순,010-5710-4281,F,1956-09-26,경북,2026-11-14,3교시,14500,없음,14500,신용카드,접수완료,가족보조,,,"{""source_receipt"": ""DN2026556827"", ""education"": ""전문대졸"", ""grade"": ""기능사"", ""exam_type"": ""상시CBT"", ""eligibility"": ""관련학과졸업"", ""exam_center"": ""포항시험장"", ""payment_status"": ""완료"", ""discount_amount"": 0}",2026-08-02 09:26:00
국가기술,두두넷,7530,굴착기운전기능사,남영자,010-3104-3140,F,1929-10-10,울산,2026-10-13,4교시,14500,차상위계층,7250,신용카드,접수완료,본인단독,,,"{""source_receipt"": ""DN2026277665"", ""education"": ""대학교졸"", ""grade"": ""기능사"", ""exam_type"": ""상시CBT"", ""eligibility"": ""비전공자"", ""exam_center"": ""울산시험장"", ""payment_status"": ""완료"", ""discount_amount"": 7250}",2026-08-06 14:16:00
국가기술,두두넷,2300,전기기능사,곽영숙,010-2881-6402,F,1942-03-27,경남,2026-09-18,1교시,14500,없음,14500,계좌이체,접수완료,본인단독,,,"{""source_receipt"": ""DN2026482211"", ""education"": ""전문대졸"", ""grade"": ""기능사"", ""exam_type"": ""정기"", ""exam_round"": ""1"", ""eligibility"": ""경력"", ""exam_center"": ""창원시험장"", ""payment_status"": ""완료"", ""discount_amount"": 0}",2026-08-18 13:40:00
국가기술,두두넷,2300,전기기능사,류미자,010-8193-1942,F,1956-03-19,부산,2026-10-17,2교시,14500,없음,14500,신용카드,접수완료,복지관,,,"{""source_receipt"": ""DN2026792220"", ""education"": ""전문대졸"", ""grade"": ""기능사"", ""exam_type"": ""정기"", ""exam_round"": ""4"", ""eligibility"": ""관련학과졸업"", ""exam_center"": ""부산남부시험장"", ""payment_status"": ""완료"", ""discount_amount"": 0}",2026-08-06 13:17:00
국가기술,두두넷,7910,한식조리기능사,임점순,010-2417-1542,F,1954-09-06,충남,2026-09-24,4교시,14500,없음,14500,신용카드,접수완료,복지관,,,"{""source_receipt"": ""DN2026143606"", ""education"": ""전문대졸"", ""grade"": ""기능사"", ""exam_type"": ""상시CBT"", ""eligibility"": ""비전공자"", ""exam_center"": ""천안시험장"", ""payment_status"": ""완료"", ""discount_amount"": 0}",2026-08-08 18:38:00
국가기술,두두넷,7910,한식조리기능사,곽두만,010-1205-4786,M,1963-06-26,전남,2026-11-04,1교시,14500,없음,14500,계좌이체,접수완료,복지관,,,"{""source_receipt"": ""DN2026674131"", ""education"": ""고등학교졸업"", ""grade"": ""기능사"", ""exam_type"": ""상시CBT"", ""eligibility"": ""비전공자"", ""exam_center"": ""순천시험장"", ""payment_status"": ""완료"", ""discount_amount"": 0}",2026-08-08 18:28:00
국가기술,두두넷,7530,굴착기운전기능사,전용기,010-3174-1184,M,1956-03-25,경북,2026-11-02,3교시,14500,없음,14500,신용카드,접수완료,본인단독,,,"{""source_receipt"": ""DN2026021371"", ""education"": ""대학교졸"", ""grade"": ""기능사"", ""exam_type"": ""상시CBT"", ""eligibility"": ""비전공자"", ""exam_center"": ""포항시험장"", ""payment_status"": ""완료"", ""discount_amount"": 0}",2026-08-16 15:51:00
국가기술,두두넷,2300,전기기능사,권재호,010-3469-1303,M,1928-11-11,충북,2026-09-13,4교시,14500,장애인,7250,신용카드,접수완료,가족보조,,,"{""source_receipt"": ""DN2026639918"", ""education"": ""전문대졸"", ""grade"": ""기능사"", ""exam_type"": ""정기"", ""exam_round"": ""3"", ""eligibility"": ""비전공자"", ""exam_center"": ""청주시험장"", ""payment_status"": ""완료"", ""discount_amount"": 7250}",2026-08-08 11:33:00
국가기술,두두넷,7910,한식조리기능사,오삼석,010-5922-2003,M,1950-03-27,인천,2026-09-27,2교시,14500,없음,14500,계좌이체,접수완료,복지관,,,"{""source_receipt"": ""DN2026944317"", ""education"": ""대학원졸"", ""grade"": ""기능사"", ""exam_type"": ""상시CBT"", ""eligibility"": ""경력"", ""exam_center"": ""인천시험장"", ""payment_status"": ""완료"", ""discount_amount"": 0}",2026-08-14 11:00:00
국가기술,두두넷,7520,지게차운전기능사,한상원,010-8940-4414,M,1938-02-06,세종,2026-10-20,4교시,14500,없음,14500,계좌이체,접수완료,복지관,,,"{""source_receipt"": ""DN2026526346"", ""education"": ""전문대졸"", ""grade"": ""기능사"", ""exam_type"": ""상시CBT"", ""eligibility"": ""관련학과졸업"", ""exam_center"": ""세종시험장"", ""payment_status"": ""완료"", ""discount_amount"": 0}",2026-08-06 11:30:00
국가기술,두두넷,7910,한식조리기능사,배병수,010-2187-4958,M,1950-03-21,제주,2026-11-08,3교시,14500,없음,14500,신용카드,접수완료,본인단독,,,"{""source_receipt"": ""DN2026441448"", ""education"": ""중학교졸업"", ""grade"": ""기능사"", ""exam_type"": ""상시CBT"", ""eligibility"": ""비전공자"", ""exam_center"": ""제주시험장"", ""payment_status"": ""완료"", ""discount_amount"": 0}",2026-08-04 21:40:00
국가기술,두두넷,2300,전기기능사,류태호,010-6972-2869,M,1946-04-02,강원,2026-11-09,3교시,14500,없음,14500,계좌이체,접수완료,본인단독,,,"{""source_receipt"": ""DN2026556076"", ""education"": ""중학교졸업"", ""grade"": ""기능사"", ""exam_type"": ""정기"", ""exam_round"": ""4"", ""eligibility"": ""관련학과졸업"", ""exam_center"": ""춘천시험장"", ""payment_status"": ""완료"", ""discount_amount"": 0}",2026-08-07 16:03:00
국가기술,두두넷,7910,한식조리기능사,정영숙,010-1475-3882,F,1928-02-27,전북,2026-10-13,5교시,14500,없음,14500,신용카드,접수완료,가족보조,,,"{""source_receipt"": ""DN2026160893"", ""education"": ""중학교졸업"", ""grade"": ""기능사"", ""exam_type"": ""상시CBT"", ""eligibility"": ""경력"", ""exam_center"": ""전주시험장"", ""payment_status"": ""완료"", ""discount_amount"": 0}",2026-08-03 19:00:00
국가기술,두두넷,7520,지게차운전기능사,안영수,010-6650-2911,M,1961-12-28,충남,2026-10-25,1교시,14500,없음,14500,가상계좌,접수완료,복지관,,,"{""source_receipt"": ""DN2026675935"", ""education"": ""중학교졸업"", ""grade"": ""기능사"", ""exam_type"": ""상시CBT"", ""eligibility"": ""관련학과졸업"", ""exam_center"": ""천안시험장"", ""payment_status"": ""완료"", ""discount_amount"": 0}",2026-08-08 13:20:00
국가기술,두두넷,7910,한식조리기능사,안동석,010-7282-2998,M,1947-10-20,세종,2026-10-17,4교시,14500,없음,14500,계좌이체,접수완료,가족보조,,,"{""source_receipt"": ""DN2026779831"", ""education"": ""전문대졸"", ""grade"": ""기능사"", ""exam_type"": ""상시CBT"", ""eligibility"": ""경력"", ""exam_center"": ""세종시험장"", ""payment_status"": ""완료"", ""discount_amount"": 0}",2026-08-15 15:50:00
국가기술,두두넷,7520,지게차운전기능사,구동석,010-1325-1779,M,1932-02-10,전북,2026-10-15,2교시,14500,없음,14500,가상계좌,접수완료,복지관,,,"{""source_receipt"": ""DN2026354933"", ""education"": ""고등학교졸업"", ""grade"": ""기능사"", ""exam_type"": ""상시CBT"", ""eligibility"": ""비전공자"", ""exam_center"": ""전주시험장"", ""payment_status"": ""완료"", ""discount_amount"": 0}",2026-08-07 15:56:00
국가기술,두두넷,7910,한식조리기능사,류용기,010-7805-2715,M,1946-04-07,인천,2026-10-06,4교시,14500,차상위계층,7250,신용카드,접수완료,복지관,,,"{""source_receipt"": ""DN2026858735"", ""education"": ""고등학교졸업"", ""grade"": ""기능사"", ""exam_type"": ""상시CBT"", ""eligibility"": ""관련학과졸업"", ""exam_center"": ""인천시험장"", ""payment_status"": ""완료"", ""discount_amount"": 7250}",2026-08-04 10:17:00
국가기술,두두넷,7910,한식조리기능사,류말자,010-8935-4563,F,1956-05-24,인천,2026-09-09,3교시,14500,없음,14500,계좌이체,접수완료,복지관,,,"{""source_receipt"": ""DN2026134670"", ""education"": ""대학교졸"", ""grade"": ""기능사"", ""exam_type"": ""상시CBT"", ""eligibility"": ""비전공자"", ""exam_center"": ""인천시험장"", ""payment_status"": ""완료"", ""discount_amount"": 0}",2026-08-09 17:16:00
국가기술,두두넷,2300,전기기능사,정상원,010-8127-3368,M,1957-04-11,제주,2026-09-20,4교시,14500,장애인,7250,계좌이체,접수완료,본인단독,,,"{""source_receipt"": ""DN2026541114"", ""education"": ""고등학교졸업"", ""grade"": ""기능사"", ""exam_type"": ""정기"", ""exam_round"": ""3"", ""eligibility"": ""비전공자"", ""exam_center"": ""제주시험장"", ""payment_status"": ""완료"", ""discount_amount"": 7250}",2026-08-03 09:27:00
국가기술,두두넷,2300,전기기능사,전미자,010-4112-2458,F,1961-01-07,대구,2026-09-05,2교시,14500,없음,14500,신용카드,접수완료,가족보조,,,"{""source_receipt"": ""DN2026742470"", ""education"": ""고등학교졸업"", ""grade"": ""기능사"", ""exam_type"": ""정기"", ""exam_round"": ""3"", ""eligibility"": ""관련학과졸업"", ""exam_center"": ""대구시험장"", ""payment_status"": ""완료"", ""discount_amount"": 0}",2026-08-11 17:02:00
국가기술,두두넷,2300,전기기능사,권선옥,010-9570-7957,F,1944-04-12,광주,2026-11-18,3교시,14500,없음,14500,계좌이체,취소,복지관,,,"{""source_receipt"": ""DN2026958328"", ""education"": ""전문대졸"", ""grade"": ""기능사"", ""exam_type"": ""정기"", ""exam_round"": ""2"", ""eligibility"": ""비전공자"", ""exam_center"": ""광주시험장"", ""payment_status"": ""환불"", ""discount_amount"": 0}",2026-08-17 22:51:00
국가기술,두두넷,7910,한식조리기능사,차명자,010-6946-3834,F,1928-10-12,광주,2026-09-18,1교시,14500,없음,14500,계좌이체,접수완료,가족보조,,,"{""source_receipt"": ""DN2026706334"", ""education"": ""고등학교졸업"", ""grade"": ""기능사"", ""exam_type"": ""상시CBT"", ""eligibility"": ""비전공자"", ""exam_center"": ""광주시험장"", ""payment_status"": ""완료"", ""discount_amount"": 0}",2026-08-10 09:42:00
국가기술,두두넷,7910,한식조리기능사,손복순,010-2721-4338,F,1956-01-06,대구,2026-11-18,2교시,14500,없음,14500,신용카드,접수완료,가족보조,,,"{""source_receipt"": ""DN2026620881"", ""education"": ""대학원졸"", ""grade"": ""기능사"", ""exam_type"": ""상시CBT"", ""eligibility"": ""경력"", ""exam_center"": ""대구시험장"", ""payment_status"": ""완료"", ""discount_amount"": 0}",2026-08-04 09:23:00
국가기술,두두넷,7520,지게차운전기능사,장명자,010-1443-9980,F,1929-02-20,강원,2026-09-05,2교시,14500,없음,14500,신용카드,접수완료,가족보조,,,"{""source_receipt"": ""DN2026882212"", ""education"": ""고등학교졸업"", ""grade"": ""기능사"", ""exam_type"": ""상시CBT"", ""eligibility"": ""경력"", ""exam_center"": ""춘천시험장"", ""payment_status"": ""완료"", ""discount_amount"": 0}",2026-08-17 17:08:00
국가기술,두두넷,2300,전기기능사,전경자,010-9314-1620,F,1942-02-27,충남,2026-09-16,5교시,14500,기초생활수급자,7250,가상계좌,접수완료,복지관,,,"{""source_receipt"": ""DN2026524066"", ""education"": ""초등학교졸업"", ""grade"": ""기능사"", ""exam_type"": ""정기"", ""exam_round"": ""1"", ""eligibility"": ""경력"", ""exam_center"": ""천안시험장"", ""payment_status"": ""완료"", ""discount_amount"": 7250}",2026-08-12 21:47:00
국가기술,두두넷,7910,한식조리기능사,김태호,010-1731-4607,M,1953-12-24,서울,2026-11-25,4교시,14500,없음,14500,신용카드,접수완료,복지관,,,"{""source_receipt"": ""DN2026666364"", ""education"": ""중학교졸업"", ""grade"": ""기능사"", ""exam_type"": ""상시CBT"", ""eligibility"": ""비전공자"", ""exam_center"": ""서울2시험장"", ""payment_status"": ""완료"", ""discount_amount"": 0}",2026-08-05 22:58:00
국가기술,두두넷,7910,한식조리기능사,양운순,010-9163-3231,F,1928-01-25,부산,2026-09-22,2교시,14500,없음,14500,계좌이체,접수완료,복지관,,,"{""source_receipt"": ""DN2026412566"", ""education"": ""중학교졸업"", ""grade"": ""기능사"", ""exam_type"": ""상시CBT"", ""eligibility"": ""경력"", ""exam_center"": ""부산남부시험장"", ""payment_status"": ""완료"", ""discount_amount"": 0}",2026-08-02 21:21:00
국가기술,두두넷,7520,지게차운전기능사,백갑순,010-5264-5969,F,1954-11-14,경기,2026-10-27,2교시,14500,없음,14500,계좌이체,접수완료,본인단독,,,"{""source_receipt"": ""DN2026741436"", ""education"": ""고등학교졸업"", ""grade"": ""기능사"", ""exam_type"": ""상시CBT"", ""eligibility"": ""비전공자"", ""exam_center"": ""수원시험장"", ""payment_status"": ""완료"", ""discount_amount"": 0}",2026-08-01 20:16:00
국가기술,두두넷,7530,굴착기운전기능사,안정호,010-3718-1099,M,1965-03-17,세종,2026-10-12,4교시,14500,없음,14500,신용카드,접수완료,복지관,,,"{""source_receipt"": ""DN2026927176"", ""education"": ""중학교졸업"", ""grade"": ""기능사"", ""exam_type"": ""상시CBT"", ""eligibility"": ""경력"", ""exam_center"": ""세종시험장"", ""payment_status"": ""완료"", ""discount_amount"": 0}",2026-08-16 19:20:00
국가기술,두두넷,7910,한식조리기능사,신병수,010-2928-7500,M,1957-12-20,부산,2026-11-05,5교시,14500,없음,14500,신용카드,접수완료,본인단독,,,"{""source_receipt"": ""DN2026489781"", ""education"": ""대학원졸"", ""grade"": ""기능사"", ""exam_type"": ""상시CBT"", ""eligibility"": ""경력"", ""exam_center"": ""부산남부시험장"", ""payment_status"": ""완료"", ""discount_amount"": 0}",2026-08-07 20:04:00
국가기술,두두넷,7530,굴착기운전기능사,최동석,010-8712-7221,M,1951-07-06,세종,2026-09-11,4교시,14500,국가유공자,7250,신용카드,접수완료,복지관,,,"{""source_receipt"": ""DN2026062428"", ""education"": ""중학교졸업"", ""grade"": ""기능사"", ""exam_type"": ""상시CBT"", ""eligibility"": ""경력"", ""exam_center"": ""세종시험장"", ""payment_status"": ""완료"", ""discount_amount"": 7250}",2026-08-01 11:41:00
국가기술,두두넷,7520,지게차운전기능사,유봉숙,010-4002-8448,F,1939-06-09,대전,2026-10-23,5교시,14500,없음,14500,계좌이체,접수완료,가족보조,,,"{""source_receipt"": ""DN2026506968"", ""education"": ""전문대졸"", ""grade"": ""기능사"", ""exam_type"": ""상시CBT"", ""eligibility"": ""경력"", ""exam_center"": ""대전시험장"", ""payment_status"": ""완료"", ""discount_amount"": 0}",2026-08-18 16:39:00
국가기술,두두넷,2300,전기기능사,서철수,010-2994-9975,M,1937-04-04,충남,2026-10-11,2교시,14500,없음,14500,계좌이체,접수완료,가족보조,,,"{""source_receipt"": ""DN2026764521"", ""education"": ""고등학교졸업"", ""grade"": ""기능사"", ""exam_type"": ""정기"", ""exam_round"": ""1"", ""eligibility"": ""관련학과졸업"", ""exam_center"": ""천안시험장"", ""payment_status"": ""완료"", ""discount_amount"": 0}",2026-08-07 11:14:00
국가기술,두두넷,7910,한식조리기능사,김용기,010-8557-5331,M,1963-01-25,울산,2026-11-07,3교시,14500,없음,14500,가상계좌,접수완료,본인단독,,,"{""source_receipt"": ""DN2026789949"", ""education"": ""고등학교졸업"", ""grade"": ""기능사"", ""exam_type"": ""상시CBT"", ""eligibility"": ""경력"", ""exam_center"": ""울산시험장"", ""payment_status"": ""완료"", ""discount_amount"": 0}",2026-08-11 12:18:00
국가기술,두두넷,7910,한식조리기능사,고미자,010-8714-6476,F,1929-01-27,울산,2026-10-25,4교시,14500,국가유공자,7250,계좌이체,접수완료,가족보조,,,"{""source_receipt"": ""DN2026386709"", ""education"": ""전문대졸"", ""grade"": ""기능사"", ""exam_type"": ""상시CBT"", ""eligibility"": ""비전공자"", ""exam_center"": ""울산시험장"", ""payment_status"": ""완료"", ""discount_amount"": 7250}",2026-08-01 16:01:00
국가기술,두두넷,7910,한식조리기능사,송영수,010-5346-7391,M,1965-07-23,충남,2026-10-12,3교시,14500,없음,14500,계좌이체,접수완료,복지관,,,"{""source_receipt"": ""DN2026706857"", ""education"": ""중학교졸업"", ""grade"": ""기능사"", ""exam_type"": ""상시CBT"", ""eligibility"": ""관련학과졸업"", ""exam_center"": ""천안시험장"", ""payment_status"": ""완료"", ""discount_amount"": 0}",2026-08-18 10:05:00
국가기술,두두넷,7910,한식조리기능사,장점순,010-5115-7497,F,1961-11-07,인천,2026-10-08,1교시,14500,없음,14500,가상계좌,취소,가족보조,,,"{""source_receipt"": ""DN2026056321"", ""education"": ""중학교졸업"", ""grade"": ""기능사"", ""exam_type"": ""상시CBT"", ""eligibility"": ""비전공자"", ""exam_center"": ""인천시험장"", ""payment_status"": ""환불"", ""discount_amount"": 0}",2026-08-11 12:24:00
국가기술,두두넷,7520,지게차운전기능사,임순자,010-3242-5712,F,1955-03-23,서울,2026-09-10,3교시,14500,없음,14500,신용카드,결제대기,가족보조,,,"{""source_receipt"": ""DN2026492108"", ""education"": ""전문대졸"", ""grade"": ""기능사"", ""exam_type"": ""상시CBT"", ""eligibility"": ""비전공자"", ""exam_center"": ""서울남부시험장"", ""payment_status"": ""대기"", ""discount_amount"": 0}",2026-08-08 09:15:00
국가기술,두두넷,7530,굴착기운전기능사,양정순,010-4812-4517,F,1928-02-26,대전,2026-11-07,4교시,14500,없음,14500,신용카드,접수완료,가족보조,,,"{""source_receipt"": ""DN2026403144"", ""education"": ""대학교졸"", ""grade"": ""기능사"", ""exam_type"": ""상시CBT"", ""eligibility"": ""비전공자"", ""exam_center"": ""대전시험장"", ""payment_status"": ""완료"", ""discount_amount"": 0}",2026-08-07 16:14:00
국가기술,두두넷,7520,지게차운전기능사,송만복,010-1241-2158,M,1945-08-26,울산,2026-11-02,2교시,14500,없음,14500,신용카드,접수완료,본인단독,,,"{""source_receipt"": ""DN2026207514"", ""education"": ""초등학교졸업"", ""grade"": ""기능사"", ""exam_type"": ""상시CBT"", ""eligibility"": ""관련학과졸업"", ""exam_center"": ""울산시험장"", ""payment_status"": ""완료"", ""discount_amount"": 0}",2026-08-03 10:05:00
국가기술,두두넷,7530,굴착기운전기능사,남영자,010-2248-6807,F,1943-06-06,경북,2026-10-06,3교시,14500,없음,14500,계좌이체,접수완료,본인단독,,,"{""source_receipt"": ""DN2026537477"", ""education"": ""중학교졸업"", ""grade"": ""기능사"", ""exam_type"": ""상시CBT"", ""eligibility"": ""경력"", ""exam_center"": ""포항시험장"", ""payment_status"": ""완료"", ""discount_amount"": 0}",2026-08-07 19:12:00
국가기술,두두넷,7520,지게차운전기능사,한금순,010-2952-3993,F,1951-10-15,인천,2026-10-24,4교시,14500,기초생활수급자,7250,계좌이체,접수완료,본인단독,,,"{""source_receipt"": ""DN2026035334"", ""education"": ""중학교졸업"", ""grade"": ""기능사"", ""exam_type"": ""상시CBT"", ""eligibility"": ""관련학과졸업"", ""exam_center"": ""인천시험장"", ""payment_status"": ""완료"", ""discount_amount"": 7250}",2026-08-19 22:16:00
국가기술,두두넷,7910,한식조리기능사,유철수,010-8613-9802,M,1933-09-01,경북,2026-11-19,2교시,14500,없음,14500,계좌이체,결제대기,복지관,,,"{""source_receipt"": ""DN2026544233"", ""education"": ""고등학교졸업"", ""grade"": ""기능사"", ""exam_type"": ""상시CBT"", ""eligibility"": ""경력"", ""exam_center"": ""포항시험장"", ""payment_status"": ""대기"", ""discount_amount"": 0}",2026-08-04 11:04:00
국가기술,두두넷,7910,한식조리기능사,오일남,010-6918-1856,M,1951-09-05,제주,2026-10-26,5교시,14500,장애인,7250,계좌이체,접수완료,복지관,,,"{""source_receipt"": ""DN2026403866"", ""education"": ""초등학교졸업"", ""grade"": ""기능사"", ""exam_type"": ""상시CBT"", ""eligibility"": ""관련학과졸업"", ""exam_center"": ""제주시험장"", ""payment_status"": ""완료"", ""discount_amount"": 7250}",2026-08-12 11:09:00
국가기술,두두넷,7910,한식조리기능사,우춘희,010-8904-3050,F,1937-03-11,충남,2026-10-09,3교시,14500,없음,14500,신용카드,접수완료,복지관,,,"{""source_receipt"": ""DN2026531770"", ""education"": ""고등학교졸업"", ""grade"": ""기능사"", ""exam_type"": ""상시CBT"", ""eligibility"": ""비전공자"", ""exam_center"": ""천안시험장"", ""payment_status"": ""완료"", ""discount_amount"": 0}",2026-08-06 12:59:00
국가기술,두두넷,7530,굴착기운전기능사,송점순,010-2476-3277,F,1933-08-09,서울,2026-10-25,5교시,14500,없음,14500,계좌이체,접수완료,본인단독,,,"{""source_receipt"": ""DN2026562748"", ""education"": ""고등학교졸업"", ""grade"": ""기능사"", ""exam_type"": ""상시CBT"", ""eligibility"": ""비전공자"", ""exam_center"": ""서울2시험장"", ""payment_status"": ""완료"", ""discount_amount"": 0}",2026-08-18 14:12:00
국가기술,두두넷,7530,굴착기운전기능사,노영호,010-2373-8454,M,1960-08-04,전남,2026-10-25,5교시,14500,없음,14500,신용카드,접수완료,복지관,,,"{""source_receipt"": ""DN2026544933"", ""education"": ""고등학교졸업"", ""grade"": ""기능사"", ""exam_type"": ""상시CBT"", ""eligibility"": ""비전공자"", ""exam_center"": ""순천시험장"", ""payment_status"": ""완료"", ""discount_amount"": 0}",2026-08-12 14:06:00
국가기술,두두넷,7520,지게차운전기능사,박광수,010-4578-7271,M,1959-03-24,세종,2026-09-26,3교시,14500,기초생활수급자,7250,가상계좌,접수완료,복지관,,,"{""source_receipt"": ""DN2026500276"", ""education"": ""대학교졸"", ""grade"": ""기능사"", ""exam_type"": ""상시CBT"", ""eligibility"": ""경력"", ""exam_center"": ""세종시험장"", ""payment_status"": ""완료"", ""discount_amount"": 7250}",2026-08-02 11:13:00
국가기술,두두넷,7910,한식조리기능사,정영수,010-8998-3363,M,1955-09-14,광주,2026-10-26,1교시,14500,없음,14500,신용카드,접수완료,가족보조,,,"{""source_receipt"": ""DN2026933372"", ""education"": ""중학교졸업"", ""grade"": ""기능사"", ""exam_type"": ""상시CBT"", ""eligibility"": ""비전공자"", ""exam_center"": ""광주시험장"", ""payment_status"": ""완료"", ""discount_amount"": 0}",2026-08-08 17:18:00
국가기술,두두넷,7530,굴착기운전기능사,심복남,010-7123-7218,M,1945-10-14,충북,2026-11-08,5교시,14500,없음,14500,신용카드,접수완료,복지관,,,"{""source_receipt"": ""DN2026486707"", ""education"": ""고등학교졸업"", ""grade"": ""기능사"", ""exam_type"": ""상시CBT"", ""eligibility"": ""비전공자"", ""exam_center"": ""청주시험장"", ""payment_status"": ""완료"", ""discount_amount"": 0}",2026-08-16 17:43:00
국가기술,두두넷,2300,전기기능사,권동석,010-5065-9729,M,1939-09-02,울산,2026-11-14,2교시,14500,없음,14500,신용카드,접수완료,복지관,,,"{""source_receipt"": ""DN2026196657"", ""education"": ""고등학교졸업"", ""grade"": ""기능사"", ""exam_type"": ""정기"", ""exam_round"": ""2"", ""eligibility"": ""관련학과졸업"", ""exam_center"": ""울산시험장"", ""payment_status"": ""완료"", ""discount_amount"": 0}",2026-08-12 20:04:00
국가기술,두두넷,7910,한식조리기능사,양춘희,010-5039-8742,F,1954-07-18,전북,2026-10-18,5교시,14500,없음,14500,계좌이체,접수완료,복지관,,,"{""source_receipt"": ""DN2026282661"", ""education"": ""중학교졸업"", ""grade"": ""기능사"", ""exam_type"": ""상시CBT"", ""eligibility"": ""경력"", ""exam_center"": ""전주시험장"", ""payment_status"": ""완료"", ""discount_amount"": 0}",2026-08-06 09:04:00
국가기술,두두넷,7520,지게차운전기능사,류삼석,010-7170-6382,M,1946-09-27,강원,2026-11-02,3교시,14500,없음,14500,계좌이체,접수완료,복지관,,,"{""source_receipt"": ""DN2026164294"", ""education"": ""무학"", ""grade"": ""기능사"", ""exam_type"": ""상시CBT"", ""eligibility"": ""비전공자"", ""exam_center"": ""춘천시험장"", ""payment_status"": ""완료"", ""discount_amount"": 0}",2026-08-19 18:37:00
국가기술,두두넷,7910,한식조리기능사,심인순,010-2801-8402,F,1928-02-16,제주,2026-11-25,5교시,14500,없음,14500,가상계좌,접수완료,본인단독,,,"{""source_receipt"": ""DN2026122974"", ""education"": ""대학원졸"", ""grade"": ""기능사"", ""exam_type"": ""상시CBT"", ""eligibility"": ""비전공자"", ""exam_center"": ""제주시험장"", ""payment_status"": ""완료"", ""discount_amount"": 0}",2026-08-02 21:33:00
국가기술,두두넷,7910,한식조리기능사,손봉숙,010-6087-2577,F,1952-05-24,광주,2026-10-12,1교시,14500,없음,14500,계좌이체,접수완료,본인단독,,,"{""source_receipt"": ""DN2026208353"", ""education"": ""고등학교졸업"", ""grade"": ""기능사"", ""exam_type"": ""상시CBT"", ""eligibility"": ""비전공자"", ""exam_center"": ""광주시험장"", ""payment_status"": ""완료"", ""discount_amount"": 0}",2026-08-08 19:51:00
국가기술,두두넷,7910,한식조리기능사,권운순,010-2101-6652,F,1958-07-17,서울,2026-10-24,5교시,14500,없음,14500,가상계좌,취소,복지관,,,"{""source_receipt"": ""DN2026389199"", ""education"": ""고등학교졸업"", ""grade"": ""기능사"", ""exam_type"": ""상시CBT"", ""eligibility"": ""관련학과졸업"", ""exam_center"": ""서울2시험장"", ""payment_status"": ""환불"", ""discount_amount"": 0}",2026-08-04 21:02:00
국가기술,두두넷,2300,전기기능사,성옥분,010-8160-9544,F,1946-12-10,경기,2026-09-22,2교시,14500,없음,14500,신용카드,접수완료,복지관,,,"{""source_receipt"": ""DN2026101844"", ""education"": ""초등학교졸업"", ""grade"": ""기능사"", ""exam_type"": ""정기"", ""exam_round"": ""1"", ""eligibility"": ""경력"", ""exam_center"": ""수원시험장"", ""payment_status"": ""완료"", ""discount_amount"": 0}",2026-08-05 22:23:00
국가기술,두두넷,7910,한식조리기능사,문삼석,010-9884-5413,M,1934-05-27,전남,2026-11-25,1교시,14500,없음,14500,계좌이체,접수완료,본인단독,,,"{""source_receipt"": ""DN2026196054"", ""education"": ""대학교졸"", ""grade"": ""기능사"", ""exam_type"": ""상시CBT"", ""eligibility"": ""경력"", ""exam_center"": ""순천시험장"", ""payment_status"": ""완료"", ""discount_amount"": 0}",2026-08-06 18:02:00
국가기술,두두넷,7910,한식조리기능사,유만수,010-1014-1779,M,1938-09-07,전북,2026-10-20,2교시,14500,없음,14500,신용카드,접수완료,본인단독,,,"{""source_receipt"": ""DN2026855782"", ""education"": ""고등학교졸업"", ""grade"": ""기능사"", ""exam_type"": ""상시CBT"", ""eligibility"": ""경력"", ""exam_center"": ""전주시험장"", ""payment_status"": ""완료"", ""discount_amount"": 0}",2026-08-03 11:37:00
국가기술,두두넷,7910,한식조리기능사,박두만,010-1052-6314,M,1930-06-19,울산,2026-10-06,4교시,14500,없음,14500,신용카드,접수완료,본인단독,,,"{""source_receipt"": ""DN2026612664"", ""education"": ""무학"", ""grade"": ""기능사"", ""exam_type"": ""상시CBT"", ""eligibility"": ""경력"", ""exam_center"": ""울산시험장"", ""payment_status"": ""완료"", ""discount_amount"": 0}",2026-08-12 12:34:00
국가기술,두두넷,7910,한식조리기능사,구정자,010-1787-7524,F,1929-05-22,세종,2026-09-01,5교시,14500,없음,14500,가상계좌,접수완료,복지관,,,"{""source_receipt"": ""DN2026078890"", ""education"": ""중학교졸업"", ""grade"": ""기능사"", ""exam_type"": ""상시CBT"", ""eligibility"": ""비전공자"", ""exam_center"": ""세종시험장"", ""payment_status"": ""완료"", ""discount_amount"": 0}",2026-08-08 14:28:00
국가기술,두두넷,7910,한식조리기능사,구말자,010-9520-4604,F,1941-04-15,강원,2026-10-12,5교시,14500,없음,14500,신용카드,접수완료,복지관,,,"{""source_receipt"": ""DN2026991573"", ""education"": ""전문대졸"", ""grade"": ""기능사"", ""exam_type"": ""상시CBT"", ""eligibility"": ""비전공자"", ""exam_center"": ""춘천시험장"", ""payment_status"": ""완료"", ""discount_amount"": 0}",2026-08-07 18:46:00
국가기술,두두넷,7530,굴착기운전기능사,조명자,010-1820-5845,F,1950-08-17,강원,2026-10-07,5교시,14500,기초생활수급자,7250,신용카드,접수완료,본인단독,,,"{""source_receipt"": ""DN2026301775"", ""education"": ""대학원졸"", ""grade"": ""기능사"", ""exam_type"": ""상시CBT"", ""eligibility"": ""비전공자"", ""exam_center"": ""춘천시험장"", ""payment_status"": ""완료"", ""discount_amount"": 7250}",2026-08-15 22:53:00
국가기술,두두넷,7910,한식조리기능사,구선옥,010-1564-2754,F,1960-08-20,경북,2026-11-16,5교시,14500,없음,14500,신용카드,접수완료,가족보조,,,"{""source_receipt"": ""DN2026717864"", ""education"": ""초등학교졸업"", ""grade"": ""기능사"", ""exam_type"": ""상시CBT"", ""eligibility"": ""경력"", ""exam_center"": ""포항시험장"", ""payment_status"": ""완료"", ""discount_amount"": 0}",2026-08-10 12:43:00
국가기술,두두넷,7520,지게차운전기능사,김정순,010-9726-9319,F,1941-02-04,인천,2026-09-18,2교시,14500,없음,14500,신용카드,접수완료,가족보조,,,"{""source_receipt"": ""DN2026659248"", ""education"": ""중학교졸업"", ""grade"": ""기능사"", ""exam_type"": ""상시CBT"", ""eligibility"": ""경력"", ""exam_center"": ""인천시험장"", ""payment_status"": ""완료"", ""discount_amount"": 0}",2026-08-01 14:21:00
국가기술,두두넷,7910,한식조리기능사,송재호,010-2416-7608,M,1933-06-21,강원,2026-11-07,5교시,14500,국가유공자,7250,신용카드,접수완료,가족보조,,,"{""source_receipt"": ""DN2026402462"", ""education"": ""고등학교졸업"", ""grade"": ""기능사"", ""exam_type"": ""상시CBT"", ""eligibility"": ""경력"", ""exam_center"": ""춘천시험장"", ""payment_status"": ""완료"", ""discount_amount"": 7250}",2026-08-18 10:53:00
국가기술,두두넷,7910,한식조리기능사,허태호,010-8909-5270,M,1939-08-12,대구,2026-10-13,5교시,14500,없음,14500,계좌이체,접수완료,가족보조,,,"{""source_receipt"": ""DN2026639081"", ""education"": ""초등학교졸업"", ""grade"": ""기능사"", ""exam_type"": ""상시CBT"", ""eligibility"": ""관련학과졸업"", ""exam_center"": ""대구시험장"", ""payment_status"": ""완료"", ""discount_amount"": 0}",2026-08-05 16:54:00
국가기술,두두넷,7530,굴착기운전기능사,우영호,010-1855-7968,M,1938-09-13,인천,2026-10-02,5교시,14500,없음,14500,신용카드,접수완료,복지관,,,"{""source_receipt"": ""DN2026070621"", ""education"": ""고등학교졸업"", ""grade"": ""기능사"", ""exam_type"": ""상시CBT"", ""eligibility"": ""경력"", ""exam_center"": ""인천시험장"", ""payment_status"": ""완료"", ""discount_amount"": 0}",2026-08-13 10:34:00
국가기술,두두넷,2300,전기기능사,정성호,010-7461-3864,M,1959-07-15,울산,2026-10-01,2교시,14500,없음,14500,계좌이체,취소,복지관,,,"{""source_receipt"": ""DN2026039851"", ""education"": ""무학"", ""grade"": ""기능사"", ""exam_type"": ""정기"", ""exam_round"": ""1"", ""eligibility"": ""경력"", ""exam_center"": ""울산시험장"", ""payment_status"": ""환불"", ""discount_amount"": 0}",2026-08-08 19:22:00
국가기술,두두넷,7530,굴착기운전기능사,김봉숙,010-8778-9953,F,1959-09-09,서울,2026-11-05,1교시,14500,없음,14500,신용카드,접수완료,복지관,,,"{""source_receipt"": ""DN2026634641"", ""education"": ""중학교졸업"", ""grade"": ""기능사"", ""exam_type"": ""상시CBT"", ""eligibility"": ""관련학과졸업"", ""exam_center"": ""서울1시험장"", ""payment_status"": ""완료"", ""discount_amount"": 0}",2026-08-09 21:10:00
국가기술,두두넷,7530,굴착기운전기능사,최성호,010-2882-9682,M,1937-07-07,충남,2026-10-08,5교시,14500,없음,14500,계좌이체,접수완료,가족보조,,,"{""source_receipt"": ""DN2026407713"", ""education"": ""고등학교졸업"", ""grade"": ""기능사"", ""exam_type"": ""상시CBT"", ""eligibility"": ""비전공자"", ""exam_center"": ""천안시험장"", ""payment_status"": ""완료"", ""discount_amount"": 0}",2026-08-02 11:23:00
국가기술,두두넷,7910,한식조리기능사,송금순,010-9279-1229,F,1943-02-04,광주,2026-09-22,4교시,14500,없음,14500,신용카드,접수완료,복지관,,,"{""source_receipt"": ""DN2026965185"", ""education"": ""초등학교졸업"", ""grade"": ""기능사"", ""exam_type"": ""상시CBT"", ""eligibility"": ""관련학과졸업"", ""exam_center"": ""광주시험장"", ""payment_status"": ""완료"", ""discount_amount"": 0}",2026-08-11 09:25:00
국가기술,두두넷,7520,지게차운전기능사,조상원,010-6736-7582,M,1941-07-07,인천,2026-11-14,3교시,14500,없음,14500,신용카드,접수완료,복지관,,,"{""source_receipt"": ""DN2026720126"", ""education"": ""대학교졸"", ""grade"": ""기능사"", ""exam_type"": ""상시CBT"", ""eligibility"": ""관련학과졸업"", ""exam_center"": ""인천시험장"", ""payment_status"": ""완료"", ""discount_amount"": 0}",2026-08-08 18:25:00
국가기술,두두넷,7530,굴착기운전기능사,하영자,010-1128-6194,F,1940-01-17,제주,2026-09-04,2교시,14500,없음,14500,신용카드,접수완료,본인단독,,,"{""source_receipt"": ""DN2026035962"", ""education"": ""대학교졸"", ""grade"": ""기능사"", ""exam_type"": ""상시CBT"", ""eligibility"": ""비전공자"", ""exam_center"": ""제주시험장"", ""payment_status"": ""완료"", ""discount_amount"": 0}",2026-08-07 16:13:00
국가기술,두두넷,2300,전기기능사,임철수,010-1370-5657,M,1954-08-12,세종,2026-10-26,5교시,14500,없음,14500,신용카드,접수완료,본인단독,,,"{""source_receipt"": ""DN2026722614"", ""education"": ""고등학교졸업"", ""grade"": ""기능사"", ""exam_type"": ""정기"", ""exam_round"": ""3"", ""eligibility"": ""관련학과졸업"", ""exam_center"": ""세종시험장"", ""payment_status"": ""완료"", ""discount_amount"": 0}",2026-08-09 19:48:00
국가기술,두두넷,2300,전기기능사,유동석,010-7151-4373,M,1961-08-28,울산,2026-09-23,1교시,14500,없음,14500,신용카드,접수완료,본인단독,,,"{""source_receipt"": ""DN2026856335"", ""education"": ""고등학교졸업"", ""grade"": ""기능사"", ""exam_type"": ""정기"", ""exam_round"": ""3"", ""eligibility"": ""경력"", ""exam_center"": ""울산시험장"", ""payment_status"": ""완료"", ""discount_amount"": 0}",2026-08-06 14:20:00
국가기술,두두넷,2300,전기기능사,정정순,010-2206-2078,F,1952-12-22,전남,2026-10-04,3교시,14500,없음,14500,계좌이체,접수완료,본인단독,,,"{""source_receipt"": ""DN2026561293"", ""education"": ""전문대졸"", ""grade"": ""기능사"", ""exam_type"": ""정기"", ""exam_round"": ""2"", ""eligibility"": ""경력"", ""exam_center"": ""순천시험장"", ""payment_status"": ""완료"", ""discount_amount"": 0}",2026-08-12 22:59:00
국가기술,두두넷,7910,한식조리기능사,심귀순,010-4126-5944,F,1933-04-08,서울,2026-11-22,3교시,14500,없음,14500,계좌이체,접수완료,본인단독,,,"{""source_receipt"": ""DN2026443662"", ""education"": ""전문대졸"", ""grade"": ""기능사"", ""exam_type"": ""상시CBT"", ""eligibility"": ""비전공자"", ""exam_center"": ""서울1시험장"", ""payment_status"": ""완료"", ""discount_amount"": 0}",2026-08-02 21:06:00
국가기술,두두넷,7530,굴착기운전기능사,전순옥,010-1693-8034,F,1930-12-19,충북,2026-11-13,4교시,14500,없음,14500,신용카드,접수완료,가족보조,,,"{""source_receipt"": ""DN2026026378"", ""education"": ""고등학교졸업"", ""grade"": ""기능사"", ""exam_type"": ""상시CBT"", ""eligibility"": ""경력"", ""exam_center"": ""청주시험장"", ""payment_status"": ""완료"", ""discount_amount"": 0}",2026-08-06 21:19:00
국가기술,두두넷,2300,전기기능사,문순옥,010-8690-4048,F,1954-07-21,경남,2026-11-15,5교시,14500,없음,14500,신용카드,접수완료,가족보조,,,"{""source_receipt"": ""DN2026564493"", ""education"": ""전문대졸"", ""grade"": ""기능사"", ""exam_type"": ""정기"", ""exam_round"": ""2"", ""eligibility"": ""관련학과졸업"", ""exam_center"": ""창원시험장"", ""payment_status"": ""완료"", ""discount_amount"": 0}",2026-08-08 15:07:00
국가기술,두두넷,2300,전기기능사,유원호,010-5907-4482,M,1962-01-27,경기,2026-10-20,1교시,14500,차상위계층,7250,가상계좌,접수완료,본인단독,,,"{""source_receipt"": ""DN2026123061"", ""education"": ""고등학교졸업"", ""grade"": ""기능사"", ""exam_type"": ""정기"", ""exam_round"": ""1"", ""eligibility"": ""관련학과졸업"", ""exam_center"": ""수원시험장"", ""payment_status"": ""완료"", ""discount_amount"": 7250}",2026-08-16 11:07:00
국가기술,두두넷,2300,전기기능사,홍재호,010-3761-4561,M,1933-03-19,경기,2026-09-02,5교시,14500,장애인,7250,신용카드,접수완료,복지관,,,"{""source_receipt"": ""DN2026329614"", ""education"": ""중학교졸업"", ""grade"": ""기능사"", ""exam_type"": ""정기"", ""exam_round"": ""2"", ""eligibility"": ""비전공자"", ""exam_center"": ""고양시험장"", ""payment_status"": ""완료"", ""discount_amount"": 7250}",2026-08-15 22:36:00
국가기술,두두넷,7910,한식조리기능사,백영호,010-9773-2894,M,1934-01-26,제주,2026-11-02,1교시,14500,없음,14500,신용카드,접수완료,본인단독,,,"{""source_receipt"": ""DN2026097481"", ""education"": ""고등학교졸업"", ""grade"": ""기능사"", ""exam_type"": ""상시CBT"", ""eligibility"": ""경력"", ""exam_center"": ""제주시험장"", ""payment_status"": ""완료"", ""discount_amount"": 0}",2026-08-10 10:52:00
국가기술,두두넷,7910,한식조리기능사,오필순,010-8914-8722,F,1935-04-27,세종,2026-11-01,1교시,14500,없음,14500,계좌이체,접수완료,본인단독,,,"{""source_receipt"": ""DN2026236474"", ""education"": ""고등학교졸업"", ""grade"": ""기능사"", ""exam_type"": ""상시CBT"", ""eligibility"": ""관련학과졸업"", ""exam_center"": ""세종시험장"", ""payment_status"": ""완료"", ""discount_amount"": 0}",2026-08-12 17:13:00
국가기술,두두넷,2300,전기기능사,성순옥,010-5913-1092,F,1954-02-01,제주,2026-09-24,2교시,14500,없음,14500,계좌이체,접수완료,복지관,,,"{""source_receipt"": ""DN2026693175"", ""education"": ""중학교졸업"", ""grade"": ""기능사"", ""exam_type"": ""정기"", ""exam_round"": ""1"", ""eligibility"": ""비전공자"", ""exam_center"": ""제주시험장"", ""payment_status"": ""완료"", ""discount_amount"": 0}",2026-08-12 12:35:00
국가기술,두두넷,7520,지게차운전기능사,고일남,010-5182-4499,M,1941-08-10,제주,2026-10-14,3교시,14500,없음,14500,계좌이체,결제대기,가족보조,,,"{""source_receipt"": ""DN2026573159"", ""education"": ""대학교졸"", ""grade"": ""기능사"", ""exam_type"": ""상시CBT"", ""eligibility"": ""관련학과졸업"", ""exam_center"": ""제주시험장"", ""payment_status"": ""대기"", ""discount_amount"": 0}",2026-08-14 09:31:00
국가기술,두두넷,7530,굴착기운전기능사,안순옥,010-7634-8156,F,1938-01-25,광주,2026-11-08,3교시,14500,없음,14500,가상계좌,접수완료,복지관,,,"{""source_receipt"": ""DN2026535018"", ""education"": ""대학원졸"", ""grade"": ""기능사"", ""exam_type"": ""상시CBT"", ""eligibility"": ""경력"", ""exam_center"": ""광주시험장"", ""payment_status"": ""완료"", ""discount_amount"": 0}",2026-08-07 11:52:00
국가기술,두두넷,7520,지게차운전기능사,최말순,010-7654-8168,F,1933-12-05,경북,2026-11-15,4교시,14500,장애인,7250,신용카드,접수완료,본인단독,,,"{""source_receipt"": ""DN2026632530"", ""education"": ""고등학교졸업"", ""grade"": ""기능사"", ""exam_type"": ""상시CBT"", ""eligibility"": ""비전공자"", ""exam_center"": ""포항시험장"", ""payment_status"": ""완료"", ""discount_amount"": 7250}",2026-08-19 11:17:00
국가기술,두두넷,7910,한식조리기능사,문영수,010-8258-9524,M,1950-06-08,서울,2026-11-05,1교시,14500,차상위계층,7250,신용카드,접수완료,본인단독,,,"{""source_receipt"": ""DN2026606107"", ""education"": ""중학교졸업"", ""grade"": ""기능사"", ""exam_type"": ""상시CBT"", ""eligibility"": ""관련학과졸업"", ""exam_center"": ""서울남부시험장"", ""payment_status"": ""완료"", ""discount_amount"": 7250}",2026-08-13 14:18:00
국가기술,두두넷,2300,전기기능사,오만수,010-9167-3995,M,1952-01-09,충북,2026-09-17,4교시,14500,없음,14500,계좌이체,접수완료,본인단독,,,"{""source_receipt"": ""DN2026387287"", ""education"": ""고등학교졸업"", ""grade"": ""기능사"", ""exam_type"": ""정기"", ""exam_round"": ""1"", ""eligibility"": ""경력"", ""exam_center"": ""청주시험장"", ""payment_status"": ""완료"", ""discount_amount"": 0}",2026-08-06 19:59:00
국가기술,두두넷,7910,한식조리기능사,우말순,010-8124-6969,F,1937-09-25,경기,2026-10-23,1교시,14500,차상위계층,7250,신용카드,취소,본인단독,,,"{""source_receipt"": ""DN2026557916"", ""education"": ""대학교졸"", ""grade"": ""기능사"", ""exam_type"": ""상시CBT"", ""eligibility"": ""관련학과졸업"", ""exam_center"": ""고양시험장"", ""payment_status"": ""환불"", ""discount_amount"": 7250}",2026-08-17 18:51:00
국가기술,두두넷,7520,지게차운전기능사,박복남,010-5075-2852,M,1952-06-10,경남,2026-11-16,2교시,14500,없음,14500,신용카드,접수완료,가족보조,,,"{""source_receipt"": ""DN2026334239"", ""education"": ""고등학교졸업"", ""grade"": ""기능사"", ""exam_type"": ""상시CBT"", ""eligibility"": ""관련학과졸업"", ""exam_center"": ""창원시험장"", ""payment_status"": ""완료"", ""discount_amount"": 0}",2026-08-04 12:29:00
국가기술,두두넷,7530,굴착기운전기능사,장복순,010-5960-6354,F,1964-09-07,경남,2026-09-04,3교시,14500,장애인,7250,신용카드,접수완료,복지관,,,"{""source_receipt"": ""DN2026221272"", ""education"": ""초등학교졸업"", ""grade"": ""기능사"", ""exam_type"": ""상시CBT"", ""eligibility"": ""비전공자"", ""exam_center"": ""창원시험장"", ""payment_status"": ""완료"", ""discount_amount"": 7250}",2026-08-05 19:31:00
국가기술,두두넷,7520,지게차운전기능사,류두만,010-9584-9948,M,1949-10-14,대구,2026-09-22,2교시,14500,없음,14500,계좌이체,접수완료,복지관,,,"{""source_receipt"": ""DN2026515599"", ""education"": ""대학교졸"", ""grade"": ""기능사"", ""exam_type"": ""상시CBT"", ""eligibility"": ""비전공자"", ""exam_center"": ""대구시험장"", ""payment_status"": ""완료"", ""discount_amount"": 0}",2026-08-14 09:31:00
국가기술,두두넷,7530,굴착기운전기능사,구상길,010-2114-2035,M,1965-09-08,부산,2026-09-15,4교시,14500,기초생활수급자,7250,계좌이체,접수완료,가족보조,,,"{""source_receipt"": ""DN2026431281"", ""education"": ""초등학교졸업"", ""grade"": ""기능사"", ""exam_type"": ""상시CBT"", ""eligibility"": ""관련학과졸업"", ""exam_center"": ""부산시험장"", ""payment_status"": ""완료"", ""discount_amount"": 7250}",2026-08-18 13:17:00
국가기술,두두넷,7530,굴착기운전기능사,최점순,010-5658-7661,F,1945-07-18,경기,2026-10-10,4교시,14500,없음,14500,계좌이체,취소,본인단독,,,"{""source_receipt"": ""DN2026063514"", ""education"": ""고등학교졸업"", ""grade"": ""기능사"", ""exam_type"": ""상시CBT"", ""eligibility"": ""관련학과졸업"", ""exam_center"": ""고양시험장"", ""payment_status"": ""환불"", ""discount_amount"": 0}",2026-08-18 18:08:00
국가기술,두두넷,7520,지게차운전기능사,장갑수,010-1162-3377,M,1962-04-23,전남,2026-10-12,1교시,14500,없음,14500,계좌이체,접수완료,가족보조,,,"{""source_receipt"": ""DN2026122222"", ""education"": ""대학교졸"", ""grade"": ""기능사"", ""exam_type"": ""상시CBT"", ""eligibility"": ""경력"", ""exam_center"": ""순천시험장"", ""payment_status"": ""완료"", ""discount_amount"": 0}",2026-08-19 15:40:00
국가기술,두두넷,2300,전기기능사,임정자,010-3972-1330,F,1933-11-20,울산,2026-09-13,4교시,14500,없음,14500,신용카드,접수완료,복지관,,,"{""source_receipt"": ""DN2026075315"", ""education"": ""고등학교졸업"", ""grade"": ""기능사"", ""exam_type"": ""정기"", ""exam_round"": ""1"", ""eligibility"": ""경력"", ""exam_center"": ""울산시험장"", ""payment_status"": ""완료"", ""discount_amount"": 0}",2026-08-04 19:14:00
국가기술,두두넷,7520,지게차운전기능사,양필호,010-5871-3836,M,1933-07-20,충남,2026-09-04,2교시,14500,없음,14500,계좌이체,접수완료,복지관,,,"{""source_receipt"": ""DN2026369477"", ""education"": ""전문대졸"", ""grade"": ""기능사"", ""exam_type"": ""상시CBT"", ""eligibility"": ""경력"", ""exam_center"": ""천안시험장"", ""payment_status"": ""완료"", ""discount_amount"": 0}",2026-08-05 20:27:00
국가기술,두두넷,7520,지게차운전기능사,최상원,010-2873-8530,M,1953-07-26,인천,2026-10-08,4교시,14500,장애인,7250,신용카드,접수완료,복지관,,,"{""source_receipt"": ""DN2026940736"", ""education"": ""중학교졸업"", ""grade"": ""기능사"", ""exam_type"": ""상시CBT"", ""eligibility"": ""관련학과졸업"", ""exam_center"": ""인천시험장"", ""payment_status"": ""완료"", ""discount_amount"": 7250}",2026-08-04 22:11:00
국가기술,두두넷,2300,전기기능사,오복남,010-4780-1338,M,1966-02-03,충남,2026-11-02,5교시,14500,차상위계층,7250,신용카드,접수완료,가족보조,,,"{""source_receipt"": ""DN2026422673"", ""education"": ""초등학교졸업"", ""grade"": ""기능사"", ""exam_type"": ""정기"", ""exam_round"": ""1"", ""eligibility"": ""경력"", ""exam_center"": ""천안시험장"", ""payment_status"": ""완료"", ""discount_amount"": 7250}",2026-08-15 16:57:00
국가기술,두두넷,7910,한식조리기능사,박갑수,010-5878-3858,M,1954-11-15,대전,2026-11-26,5교시,14500,없음,14500,신용카드,접수완료,가족보조,,,"{""source_receipt"": ""DN2026058951"", ""education"": ""고등학교졸업"", ""grade"": ""기능사"", ""exam_type"": ""상시CBT"", ""eligibility"": ""경력"", ""exam_center"": ""대전시험장"", ""payment_status"": ""완료"", ""discount_amount"": 0}",2026-08-03 13:33:00
국가기술,두두넷,7520,지게차운전기능사,김영호,010-2227-3617,M,1931-04-10,인천,2026-11-18,5교시,14500,없음,14500,가상계좌,접수완료,가족보조,,,"{""source_receipt"": ""DN2026461055"", ""education"": ""중학교졸업"", ""grade"": ""기능사"", ""exam_type"": ""상시CBT"", ""eligibility"": ""경력"", ""exam_center"": ""인천시험장"", ""payment_status"": ""완료"", ""discount_amount"": 0}",2026-08-03 13:39:00
국가기술,두두넷,7910,한식조리기능사,우복남,010-3981-1847,M,1933-10-25,경북,2026-09-15,4교시,14500,장애인,7250,계좌이체,접수완료,가족보조,,,"{""source_receipt"": ""DN2026044398"", ""education"": ""대학교졸"", ""grade"": ""기능사"", ""exam_type"": ""상시CBT"", ""eligibility"": ""경력"", ""exam_center"": ""포항시험장"", ""payment_status"": ""완료"", ""discount_amount"": 7250}",2026-08-11 20:10:00
국가기술,두두넷,2300,전기기능사,남갑수,010-3102-4684,M,1935-10-07,대구,2026-10-16,5교시,14500,없음,14500,신용카드,접수완료,복지관,,,"{""source_receipt"": ""DN2026691979"", ""education"": ""중학교졸업"", ""grade"": ""기능사"", ""exam_type"": ""정기"", ""exam_round"": ""3"", ""eligibility"": ""비전공자"", ""exam_center"": ""대구시험장"", ""payment_status"": ""완료"", ""discount_amount"": 0}",2026-08-08 15:30:00
국가기술,두두넷,7910,한식조리기능사,손병수,010-7762-1226,M,1963-10-07,경기,2026-11-03,1교시,14500,없음,14500,가상계좌,접수완료,본인단독,,,"{""source_receipt"": ""DN2026976955"", ""education"": ""대학교졸"", ""grade"": ""기능사"", ""exam_type"": ""상시CBT"", ""eligibility"": ""비전공자"", ""exam_center"": ""고양시험장"", ""payment_status"": ""완료"", ""discount_amount"": 0}",2026-08-11 10:33:00
국가기술,두두넷,7530,굴착기운전기능사,류명자,010-2099-7562,F,1940-02-19,충북,2026-11-21,2교시,14500,없음,14500,신용카드,접수완료,본인단독,,,"{""source_receipt"": ""DN2026886002"", ""education"": ""무학"", ""grade"": ""기능사"", ""exam_type"": ""상시CBT"", ""eligibility"": ""비전공자"", ""exam_center"": ""청주시험장"", ""payment_status"": ""완료"", ""discount_amount"": 0}",2026-08-19 14:04:00
국가기술,두두넷,7530,굴착기운전기능사,노만복,010-1196-1290,M,1942-01-26,부산,2026-09-21,2교시,14500,없음,14500,신용카드,접수완료,가족보조,,,"{""source_receipt"": ""DN2026765922"", ""education"": ""대학교졸"", ""grade"": ""기능사"", ""exam_type"": ""상시CBT"", ""eligibility"": ""경력"", ""exam_center"": ""부산남부시험장"", ""payment_status"": ""완료"", ""discount_amount"": 0}",2026-08-03 21:57:00
국가기술,두두넷,7910,한식조리기능사,곽계순,010-3966-4314,F,1965-09-23,경기,2026-10-18,5교시,14500,국가유공자,7250,신용카드,접수완료,가족보조,,,"{""source_receipt"": ""DN2026500103"", ""education"": ""전문대졸"", ""grade"": ""기능사"", ""exam_type"": ""상시CBT"", ""eligibility"": ""비전공자"", ""exam_center"": ""수원시험장"", ""payment_status"": ""완료"", ""discount_amount"": 7250}",2026-08-19 18:28:00
국가기술,두두넷,7530,굴착기운전기능사,노필순,010-4830-7592,F,1966-12-16,울산,2026-09-23,5교시,14500,없음,14500,계좌이체,접수완료,본인단독,,,"{""source_receipt"": ""DN2026045674"", ""education"": ""고등학교졸업"", ""grade"": ""기능사"", ""exam_type"": ""상시CBT"", ""eligibility"": ""비전공자"", ""exam_center"": ""울산시험장"", ""payment_status"": ""완료"", ""discount_amount"": 0}",2026-08-09 12:56:00
국가기술,두두넷,2300,전기기능사,홍광수,010-1343-8304,M,1945-07-13,강원,2026-10-26,3교시,14500,없음,14500,계좌이체,결제대기,가족보조,,,"{""source_receipt"": ""DN2026547921"", ""education"": ""고등학교졸업"", ""grade"": ""기능사"", ""exam_type"": ""정기"", ""exam_round"": ""4"", ""eligibility"": ""경력"", ""exam_center"": ""춘천시험장"", ""payment_status"": ""대기"", ""discount_amount"": 0}",2026-08-03 21:47:00
국가기술,두두넷,7520,지게차운전기능사,송경자,010-7043-2984,F,1964-12-13,전남,2026-10-24,2교시,14500,없음,14500,계좌이체,접수완료,가족보조,,,"{""source_receipt"": ""DN2026474890"", ""education"": ""무학"", ""grade"": ""기능사"", ""exam_type"": ""상시CBT"", ""eligibility"": ""관련학과졸업"", ""exam_center"": ""순천시험장"", ""payment_status"": ""완료"", ""discount_amount"": 0}",2026-08-19 15:26:00
국가기술,두두넷,2300,전기기능사,민운순,010-7674-3064,F,1949-06-05,제주,2026-09-23,2교시,14500,없음,14500,계좌이체,결제대기,복지관,,,"{""source_receipt"": ""DN2026000561"", ""education"": ""중학교졸업"", ""grade"": ""기능사"", ""exam_type"": ""정기"", ""exam_round"": ""1"", ""eligibility"": ""비전공자"", ""exam_center"": ""제주시험장"", ""payment_status"": ""대기"", ""discount_amount"": 0}",2026-08-18 21:34:00
국가기술,두두넷,7520,지게차운전기능사,유운순,010-7916-4352,F,1939-10-02,서울,2026-11-24,4교시,14500,없음,14500,신용카드,취소,복지관,,,"{""source_receipt"": ""DN2026212019"", ""education"": ""고등학교졸업"", ""grade"": ""기능사"", ""exam_type"": ""상시CBT"", ""eligibility"": ""경력"", ""exam_center"": ""서울1시험장"", ""payment_status"": ""환불"", ""discount_amount"": 0}",2026-08-17 10:52:00
국가기술,두두넷,7520,지게차운전기능사,성동석,010-4063-5603,M,1939-03-20,전북,2026-09-23,4교시,14500,국가유공자,7250,계좌이체,접수완료,복지관,,,"{""source_receipt"": ""DN2026817344"", ""education"": ""중학교졸업"", ""grade"": ""기능사"", ""exam_type"": ""상시CBT"", ""eligibility"": ""경력"", ""exam_center"": ""전주시험장"", ""payment_status"": ""완료"", ""discount_amount"": 7250}",2026-08-16 18:09:00
국가기술,두두넷,7520,지게차운전기능사,남봉숙,010-8212-1837,F,1959-04-17,제주,2026-10-19,1교시,14500,없음,14500,신용카드,접수완료,복지관,,,"{""source_receipt"": ""DN2026019546"", ""education"": ""대학원졸"", ""grade"": ""기능사"", ""exam_type"": ""상시CBT"", ""eligibility"": ""경력"", ""exam_center"": ""제주시험장"", ""payment_status"": ""완료"", ""discount_amount"": 0}",2026-08-06 16:37:00
국가기술,두두넷,7520,지게차운전기능사,김영수,010-7430-3472,M,1935-12-20,제주,2026-09-06,1교시,14500,없음,14500,신용카드,접수완료,가족보조,,,"{""source_receipt"": ""DN2026246680"", ""education"": ""고등학교졸업"", ""grade"": ""기능사"", ""exam_type"": ""상시CBT"", ""eligibility"": ""비전공자"", ""exam_center"": ""제주시험장"", ""payment_status"": ""완료"", ""discount_amount"": 0}",2026-08-17 11:34:00
국가기술,두두넷,7520,지게차운전기능사,하정자,010-3564-8337,F,1958-09-10,경기,2026-11-27,1교시,14500,없음,14500,신용카드,접수완료,본인단독,,,"{""source_receipt"": ""DN2026985483"", ""education"": ""전문대졸"", ""grade"": ""기능사"", ""exam_type"": ""상시CBT"", ""eligibility"": ""경력"", ""exam_center"": ""성남시험장"", ""payment_status"": ""완료"", ""discount_amount"": 0}",2026-08-17 16:59:00
국가기술,두두넷,7520,지게차운전기능사,박운순,010-1557-4243,F,1948-03-15,충북,2026-09-13,3교시,14500,없음,14500,신용카드,접수완료,본인단독,,,"{""source_receipt"": ""DN2026810069"", ""education"": ""대학교졸"", ""grade"": ""기능사"", ""exam_type"": ""상시CBT"", ""eligibility"": ""경력"", ""exam_center"": ""청주시험장"", ""payment_status"": ""완료"", ""discount_amount"": 0}",2026-08-10 22:20:00
국가기술,두두넷,7910,한식조리기능사,차인순,010-4431-6799,F,1934-09-11,대전,2026-11-16,5교시,14500,없음,14500,계좌이체,접수완료,복지관,,,"{""source_receipt"": ""DN2026111006"", ""education"": ""고등학교졸업"", ""grade"": ""기능사"", ""exam_type"": ""상시CBT"", ""eligibility"": ""관련학과졸업"", ""exam_center"": ""대전시험장"", ""payment_status"": ""완료"", ""discount_amount"": 0}",2026-08-13 18:18:00
국가기술,두두넷,2300,전기기능사,한귀순,010-1688-6139,F,1953-11-03,충남,2026-09-02,4교시,14500,없음,14500,계좌이체,접수완료,복지관,,,"{""source_receipt"": ""DN2026537064"", ""education"": ""중학교졸업"", ""grade"": ""기능사"", ""exam_type"": ""정기"", ""exam_round"": ""3"", ""eligibility"": ""관련학과졸업"", ""exam_center"": ""천안시험장"", ""payment_status"": ""완료"", ""discount_amount"": 0}",2026-08-15 09:22:00
국가기술,두두넷,2300,전기기능사,구순자,010-1556-8185,F,1938-09-12,충북,2026-11-27,5교시,14500,기초생활수급자,7250,신용카드,접수완료,복지관,,,"{""source_receipt"": ""DN2026097997"", ""education"": ""고등학교졸업"", ""grade"": ""기능사"", ""exam_type"": ""정기"", ""exam_round"": ""3"", ""eligibility"": ""비전공자"", ""exam_center"": ""청주시험장"", ""payment_status"": ""완료"", ""discount_amount"": 7250}",2026-08-02 10:14:00
국가기술,두두넷,7910,한식조리기능사,백두만,010-5276-6653,M,1930-09-26,충남,2026-11-07,5교시,14500,없음,14500,가상계좌,접수완료,가족보조,,,"{""source_receipt"": ""DN2026602332"", ""education"": ""고등학교졸업"", ""grade"": ""기능사"", ""exam_type"": ""상시CBT"", ""eligibility"": ""관련학과졸업"", ""exam_center"": ""천안시험장"", ""payment_status"": ""완료"", ""discount_amount"": 0}",2026-08-13 12:33:00
국가기술,두두넷,7910,한식조리기능사,성만복,010-1494-4582,M,1937-07-12,부산,2026-11-10,1교시,14500,기초생활수급자,7250,신용카드,접수완료,복지관,,,"{""source_receipt"": ""DN2026241796"", ""education"": ""고등학교졸업"", ""grade"": ""기능사"", ""exam_type"": ""상시CBT"", ""eligibility"": ""관련학과졸업"", ""exam_center"": ""부산남부시험장"", ""payment_status"": ""완료"", ""discount_amount"": 7250}",2026-08-08 15:24:00
국가기술,두두넷,2300,전기기능사,노영숙,010-3209-9609,F,1945-12-25,경기,2026-09-15,5교시,14500,없음,14500,가상계좌,접수완료,가족보조,,,"{""source_receipt"": ""DN2026906312"", ""education"": ""대학원졸"", ""grade"": ""기능사"", ""exam_type"": ""정기"", ""exam_round"": ""1"", ""eligibility"": ""경력"", ""exam_center"": ""성남시험장"", ""payment_status"": ""완료"", ""discount_amount"": 0}",2026-08-02 12:24:00
국가기술,두두넷,7910,한식조리기능사,장상길,010-7022-5170,M,1930-05-28,광주,2026-11-08,3교시,14500,기초생활수급자,7250,계좌이체,결제대기,복지관,,,"{""source_receipt"": ""DN2026121665"", ""education"": ""고등학교졸업"", ""grade"": ""기능사"", ""exam_type"": ""상시CBT"", ""eligibility"": ""관련학과졸업"", ""exam_center"": ""광주시험장"", ""payment_status"": ""대기"", ""discount_amount"": 7250}",2026-08-14 19:32:00
국가기술,두두넷,7910,한식조리기능사,곽상길,010-2268-2767,M,1951-01-22,강원,2026-09-04,2교시,14500,없음,14500,신용카드,접수완료,복지관,,,"{""source_receipt"": ""DN2026499326"", ""education"": ""고등학교졸업"", ""grade"": ""기능사"", ""exam_type"": ""상시CBT"", ""eligibility"": ""경력"", ""exam_center"": ""춘천시험장"", ""payment_status"": ""완료"", ""discount_amount"": 0}",2026-08-19 10:33:00
국가기술,두두넷,7910,한식조리기능사,안만수,010-3541-5450,M,1940-01-12,부산,2026-10-12,3교시,14500,없음,14500,신용카드,접수완료,복지관,,,"{""source_receipt"": ""DN2026622540"", ""education"": ""고등학교졸업"", ""grade"": ""기능사"", ""exam_type"": ""상시CBT"", ""eligibility"": ""경력"", ""exam_center"": ""부산남부시험장"", ""payment_status"": ""완료"", ""discount_amount"": 0}",2026-08-03 10:28:00
국가기술,두두넷,7520,지게차운전기능사,백삼석,010-8931-7078,M,1938-11-06,충남,2026-09-22,4교시,14500,없음,14500,계좌이체,접수완료,복지관,,,"{""source_receipt"": ""DN2026453178"", ""education"": ""고등학교졸업"", ""grade"": ""기능사"", ""exam_type"": ""상시CBT"", ""eligibility"": ""비전공자"", ""exam_center"": ""천안시험장"", ""payment_status"": ""완료"", ""discount_amount"": 0}",2026-08-14 11:31:00
국가기술,두두넷,7520,지게차운전기능사,신기철,010-2880-4829,M,1957-08-02,경기,2026-11-24,2교시,14500,없음,14500,신용카드,취소,본인단독,,,"{""source_receipt"": ""DN2026077960"", ""education"": ""고등학교졸업"", ""grade"": ""기능사"", ""exam_type"": ""상시CBT"", ""eligibility"": ""관련학과졸업"", ""exam_center"": ""수원시험장"", ""payment_status"": ""환불"", ""discount_amount"": 0}",2026-08-02 20:23:00
국가기술,두두넷,7530,굴착기운전기능사,구선옥,010-7530-8178,F,1949-05-28,대전,2026-10-28,5교시,14500,차상위계층,7250,가상계좌,접수완료,가족보조,,,"{""source_receipt"": ""DN2026345117"", ""education"": ""대학원졸"", ""grade"": ""기능사"", ""exam_type"": ""상시CBT"", ""eligibility"": ""관련학과졸업"", ""exam_center"": ""대전시험장"", ""payment_status"": ""완료"", ""discount_amount"": 7250}",2026-08-07 10:47:00
국가기술,두두넷,7910,한식조리기능사,오복남,010-5331-7047,M,1946-09-23,충남,2026-09-12,2교시,14500,없음,14500,계좌이체,접수완료,복지관,,,"{""source_receipt"": ""DN2026100483"", ""education"": ""대학교졸"", ""grade"": ""기능사"", ""exam_type"": ""상시CBT"", ""eligibility"": ""경력"", ""exam_center"": ""천안시험장"", ""payment_status"": ""완료"", ""discount_amount"": 0}",2026-08-10 17:54:00
국가기술,두두넷,7910,한식조리기능사,강복순,010-8631-4627,F,1943-08-23,세종,2026-10-21,3교시,14500,없음,14500,계좌이체,접수완료,가족보조,,,"{""source_receipt"": ""DN2026277830"", ""education"": ""고등학교졸업"", ""grade"": ""기능사"", ""exam_type"": ""상시CBT"", ""eligibility"": ""경력"", ""exam_center"": ""세종시험장"", ""payment_status"": ""완료"", ""discount_amount"": 0}",2026-08-07 15:16:00
국가기술,두두넷,2300,전기기능사,민철수,010-7035-2124,M,1929-04-07,경남,2026-10-02,2교시,14500,없음,14500,계좌이체,접수완료,복지관,,,"{""source_receipt"": ""DN2026990894"", ""education"": ""대학원졸"", ""grade"": ""기능사"", ""exam_type"": ""정기"", ""exam_round"": ""4"", ""eligibility"": ""관련학과졸업"", ""exam_center"": ""창원시험장"", ""payment_status"": ""완료"", ""discount_amount"": 0}",2026-08-06 20:01:00
국가기술,두두넷,2300,전기기능사,유두만,010-4523-8232,M,1959-02-02,충남,2026-11-26,1교시,14500,없음,14500,계좌이체,접수완료,복지관,,,"{""source_receipt"": ""DN2026296070"", ""education"": ""고등학교졸업"", ""grade"": ""기능사"", ""exam_type"": ""정기"", ""exam_round"": ""1"", ""eligibility"": ""경력"", ""exam_center"": ""천안시험장"", ""payment_status"": ""완료"", ""discount_amount"": 0}",2026-08-13 19:16:00
국가기술,두두넷,7520,지게차운전기능사,허경자,010-9958-1062,F,1955-08-01,전북,2026-09-09,1교시,14500,없음,14500,가상계좌,접수완료,복지관,,,"{""source_receipt"": ""DN2026185639"", ""education"": ""고등학교졸업"", ""grade"": ""기능사"", ""exam_type"": ""상시CBT"", ""eligibility"": ""비전공자"", ""exam_center"": ""전주시험장"", ""payment_status"": ""완료"", ""discount_amount"": 0}",2026-08-07 12:50:00
국가기술,두두넷,7530,굴착기운전기능사,한말자,010-9461-9935,F,1950-03-26,경기,2026-09-24,3교시,14500,없음,14500,계좌이체,접수완료,본인단독,,,"{""source_receipt"": ""DN2026015178"", ""education"": ""대학원졸"", ""grade"": ""기능사"", ""exam_type"": ""상시CBT"", ""eligibility"": ""경력"", ""exam_center"": ""수원시험장"", ""payment_status"": ""완료"", ""discount_amount"": 0}",2026-08-02 17:57:00
국가기술,두두넷,2300,전기기능사,권재호,010-3309-4677,M,1933-12-03,부산,2026-11-25,3교시,14500,없음,14500,신용카드,접수완료,가족보조,,,"{""source_receipt"": ""DN2026635143"", ""education"": ""고등학교졸업"", ""grade"": ""기능사"", ""exam_type"": ""정기"", ""exam_round"": ""1"", ""eligibility"": ""비전공자"", ""exam_center"": ""부산시험장"", ""payment_status"": ""완료"", ""discount_amount"": 0}",2026-08-09 11:48:00
국가기술,두두넷,7530,굴착기운전기능사,고계순,010-9317-5011,F,1946-04-27,울산,2026-11-26,4교시,14500,없음,14500,신용카드,접수완료,복지관,,,"{""source_receipt"": ""DN2026527339"", ""education"": ""대학교졸"", ""grade"": ""기능사"", ""exam_type"": ""상시CBT"", ""eligibility"": ""경력"", ""exam_center"": ""울산시험장"", ""payment_status"": ""완료"", ""discount_amount"": 0}",2026-08-10 12:56:00
국가기술,두두넷,7910,한식조리기능사,성갑순,010-3401-9990,F,1930-03-25,경북,2026-09-22,2교시,14500,없음,14500,신용카드,접수완료,복지관,,,"{""source_receipt"": ""DN2026794054"", ""education"": ""고등학교졸업"", ""grade"": ""기능사"", ""exam_type"": ""상시CBT"", ""eligibility"": ""경력"", ""exam_center"": ""포항시험장"", ""payment_status"": ""완료"", ""discount_amount"": 0}",2026-08-01 22:14:00
국가기술,두두넷,7910,한식조리기능사,문영숙,010-3495-9792,F,1955-10-03,경북,2026-10-22,2교시,14500,없음,14500,신용카드,접수완료,가족보조,,,"{""source_receipt"": ""DN2026182185"", ""education"": ""대학교졸"", ""grade"": ""기능사"", ""exam_type"": ""상시CBT"", ""eligibility"": ""경력"", ""exam_center"": ""포항시험장"", ""payment_status"": ""완료"", ""discount_amount"": 0}",2026-08-19 11:21:00
국가기술,두두넷,7520,지게차운전기능사,장점순,010-7216-1210,F,1966-10-26,광주,2026-10-26,4교시,14500,없음,14500,계좌이체,접수완료,가족보조,,,"{""source_receipt"": ""DN2026545725"", ""education"": ""무학"", ""grade"": ""기능사"", ""exam_type"": ""상시CBT"", ""eligibility"": ""관련학과졸업"", ""exam_center"": ""광주시험장"", ""payment_status"": ""완료"", ""discount_amount"": 0}",2026-08-11 09:56:00
국가기술,두두넷,7530,굴착기운전기능사,배동호,010-2339-4150,M,1947-03-07,경남,2026-10-14,5교시,14500,없음,14500,신용카드,취소,본인단독,,,"{""source_receipt"": ""DN2026374621"", ""education"": ""초등학교졸업"", ""grade"": ""기능사"", ""exam_type"": ""상시CBT"", ""eligibility"": ""경력"", ""exam_center"": ""창원시험장"", ""payment_status"": ""환불"", ""discount_amount"": 0}",2026-08-04 13:25:00
국가기술,두두넷,7910,한식조리기능사,양일남,010-6758-2141,M,1963-02-16,인천,2026-11-24,3교시,14500,없음,14500,계좌이체,접수완료,가족보조,,,"{""source_receipt"": ""DN2026441911"", ""education"": ""고등학교졸업"", ""grade"": ""기능사"", ""exam_type"": ""상시CBT"", ""eligibility"": ""경력"", ""exam_center"": ""인천시험장"", ""payment_status"": ""완료"", ""discount_amount"": 0}",2026-08-19 12:21:00
국가기술,두두넷,7530,굴착기운전기능사,성경자,010-8731-5584,F,1966-12-07,대전,2026-11-12,1교시,14500,없음,14500,가상계좌,접수완료,본인단독,,,"{""source_receipt"": ""DN2026419865"", ""education"": ""중학교졸업"", ""grade"": ""기능사"", ""exam_type"": ""상시CBT"", ""eligibility"": ""비전공자"", ""exam_center"": ""대전시험장"", ""payment_status"": ""완료"", ""discount_amount"": 0}",2026-08-10 11:54:00
국가기술,두두넷,2300,전기기능사,김점순,010-5171-6994,F,1963-11-15,대전,2026-11-19,5교시,14500,없음,14500,계좌이체,접수완료,가족보조,,,"{""source_receipt"": ""DN2026565785"", ""education"": ""고등학교졸업"", ""grade"": ""기능사"", ""exam_type"": ""정기"", ""exam_round"": ""1"", ""eligibility"": ""관련학과졸업"", ""exam_center"": ""대전시험장"", ""payment_status"": ""완료"", ""discount_amount"": 0}",2026-08-16 19:29:00
국가기술,두두넷,7530,굴착기운전기능사,윤순자,010-3242-5034,F,1941-11-03,대전,2026-11-20,5교시,14500,없음,14500,신용카드,접수완료,가족보조,,,"{""source_receipt"": ""DN2026732313"", ""education"": ""대학교졸"", ""grade"": ""기능사"", ""exam_type"": ""상시CBT"", ""eligibility"": ""경력"", ""exam_center"": ""대전시험장"", ""payment_status"": ""완료"", ""discount_amount"": 0}",2026-08-08 10:00:00
국가기술,두두넷,7520,지게차운전기능사,양귀순,010-5711-8526,F,1965-12-04,세종,2026-11-27,1교시,14500,없음,14500,신용카드,결제대기,본인단독,,,"{""source_receipt"": ""DN2026354774"", ""education"": ""중학교졸업"", ""grade"": ""기능사"", ""exam_type"": ""상시CBT"", ""eligibility"": ""경력"", ""exam_center"": ""세종시험장"", ""payment_status"": ""대기"", ""discount_amount"": 0}",2026-08-06 11:36:00
국가기술,두두넷,7910,한식조리기능사,장정순,010-8482-4684,F,1941-09-12,세종,2026-10-05,2교시,14500,없음,14500,신용카드,접수완료,본인단독,,,"{""source_receipt"": ""DN2026058382"", ""education"": ""대학교졸"", ""grade"": ""기능사"", ""exam_type"": ""상시CBT"", ""eligibility"": ""관련학과졸업"", ""exam_center"": ""세종시험장"", ""payment_status"": ""완료"", ""discount_amount"": 0}",2026-08-01 11:53:00
국가기술,두두넷,7910,한식조리기능사,조귀순,010-9216-9519,F,1934-11-15,광주,2026-11-08,3교시,14500,장애인,7250,계좌이체,취소,가족보조,,,"{""source_receipt"": ""DN2026472156"", ""education"": ""대학교졸"", ""grade"": ""기능사"", ""exam_type"": ""상시CBT"", ""eligibility"": ""비전공자"", ""exam_center"": ""광주시험장"", ""payment_status"": ""환불"", ""discount_amount"": 7250}",2026-08-07 12:18:00
국가기술,두두넷,7520,지게차운전기능사,고일남,010-7584-8679,M,1951-09-22,강원,2026-10-13,5교시,14500,없음,14500,계좌이체,접수완료,가족보조,,,"{""source_receipt"": ""DN2026412371"", ""education"": ""대학교졸"", ""grade"": ""기능사"", ""exam_type"": ""상시CBT"", ""eligibility"": ""관련학과졸업"", ""exam_center"": ""춘천시험장"", ""payment_status"": ""완료"", ""discount_amount"": 0}",2026-08-08 20:02:00
국가기술,두두넷,7910,한식조리기능사,민삼석,010-3070-8915,M,1956-07-24,부산,2026-10-28,2교시,14500,국가유공자,7250,가상계좌,접수완료,본인단독,,,"{""source_receipt"": ""DN2026515482"", ""education"": ""전문대졸"", ""grade"": ""기능사"", ""exam_type"": ""상시CBT"", ""eligibility"": ""경력"", ""exam_center"": ""부산시험장"", ""payment_status"": ""완료"", ""discount_amount"": 7250}",2026-08-04 22:32:00
국가기술,두두넷,7910,한식조리기능사,안말순,010-3224-5176,F,1934-07-08,경남,2026-10-21,4교시,14500,없음,14500,가상계좌,접수완료,본인단독,,,"{""source_receipt"": ""DN2026341226"", ""education"": ""대학원졸"", ""grade"": ""기능사"", ""exam_type"": ""상시CBT"", ""eligibility"": ""비전공자"", ""exam_center"": ""창원시험장"", ""payment_status"": ""완료"", ""discount_amount"": 0}",2026-08-06 13:22:00
국가기술,두두넷,7910,한식조리기능사,구정호,010-7888-3565,M,1940-08-15,부산,2026-09-22,1교시,14500,없음,14500,계좌이체,접수완료,가족보조,,,"{""source_receipt"": ""DN2026503597"", ""education"": ""중학교졸업"", ""grade"": ""기능사"", ""exam_type"": ""상시CBT"", ""eligibility"": ""관련학과졸업"", ""exam_center"": ""부산남부시험장"", ""payment_status"": ""완료"", ""discount_amount"": 0}",2026-08-01 12:30:00
국가기술,두두넷,7520,지게차운전기능사,정만복,010-2583-9520,M,1963-11-06,강원,2026-10-12,3교시,14500,없음,14500,계좌이체,접수완료,본인단독,,,"{""source_receipt"": ""DN2026314189"", ""education"": ""전문대졸"", ""grade"": ""기능사"", ""exam_type"": ""상시CBT"", ""eligibility"": ""비전공자"", ""exam_center"": ""춘천시험장"", ""payment_status"": ""완료"", ""discount_amount"": 0}",2026-08-11 15:28:00
국가기술,두두넷,7910,한식조리기능사,양정자,010-6228-4982,F,1938-08-17,경기,2026-10-09,2교시,14500,기초생활수급자,7250,신용카드,접수완료,본인단독,,,"{""source_receipt"": ""DN2026507780"", ""education"": ""전문대졸"", ""grade"": ""기능사"", ""exam_type"": ""상시CBT"", ""eligibility"": ""경력"", ""exam_center"": ""성남시험장"", ""payment_status"": ""완료"", ""discount_amount"": 7250}",2026-08-15 15:19:00
국가기술,두두넷,7530,굴착기운전기능사,강태호,010-8397-2477,M,1929-05-13,경기,2026-10-22,1교시,14500,없음,14500,계좌이체,접수완료,본인단독,,,"{""source_receipt"": ""DN2026286496"", ""education"": ""고등학교졸업"", ""grade"": ""기능사"", ""exam_type"": ""상시CBT"", ""eligibility"": ""관련학과졸업"", ""exam_center"": ""수원시험장"", ""payment_status"": ""완료"", ""discount_amount"": 0}",2026-08-05 12:25:00
국가기술,두두넷,2300,전기기능사,양영호,010-3819-1764,M,1962-06-27,경남,2026-09-07,4교시,14500,장애인,7250,신용카드,접수완료,가족보조,,,"{""source_receipt"": ""DN2026970011"", ""education"": ""중학교졸업"", ""grade"": ""기능사"", ""exam_type"": ""정기"", ""exam_round"": ""3"", ""eligibility"": ""경력"", ""exam_center"": ""창원시험장"", ""payment_status"": ""완료"", ""discount_amount"": 7250}",2026-08-18 18:04:00
국가기술,두두넷,7520,지게차운전기능사,안영자,010-4839-9473,F,1935-11-21,경북,2026-09-09,4교시,14500,기초생활수급자,7250,계좌이체,접수완료,본인단독,,,"{""source_receipt"": ""DN2026317515"", ""education"": ""고등학교졸업"", ""grade"": ""기능사"", ""exam_type"": ""상시CBT"", ""eligibility"": ""경력"", ""exam_center"": ""포항시험장"", ""payment_status"": ""완료"", ""discount_amount"": 7250}",2026-08-03 13:37:00
국가기술,두두넷,7910,한식조리기능사,정말순,010-6777-9933,F,1944-08-08,제주,2026-09-23,2교시,14500,없음,14500,신용카드,접수완료,복지관,,,"{""source_receipt"": ""DN2026800513"", ""education"": ""중학교졸업"", ""grade"": ""기능사"", ""exam_type"": ""상시CBT"", ""eligibility"": ""관련학과졸업"", ""exam_center"": ""제주시험장"", ""payment_status"": ""완료"", ""discount_amount"": 0}",2026-08-14 19:10:00
국가기술,두두넷,7910,한식조리기능사,고영자,010-8475-7725,F,1948-03-09,세종,2026-11-19,3교시,14500,없음,14500,신용카드,접수완료,복지관,,,"{""source_receipt"": ""DN2026212303"", ""education"": ""고등학교졸업"", ""grade"": ""기능사"", ""exam_type"": ""상시CBT"", ""eligibility"": ""관련학과졸업"", ""exam_center"": ""세종시험장"", ""payment_status"": ""완료"", ""discount_amount"": 0}",2026-08-13 12:41:00
국가기술,두두넷,7520,지게차운전기능사,안선옥,010-9042-3927,F,1956-02-27,전북,2026-09-23,5교시,14500,없음,14500,신용카드,접수완료,가족보조,,,"{""source_receipt"": ""DN2026271173"", ""education"": ""고등학교졸업"", ""grade"": ""기능사"", ""exam_type"": ""상시CBT"", ""eligibility"": ""비전공자"", ""exam_center"": ""전주시험장"", ""payment_status"": ""완료"", ""discount_amount"": 0}",2026-08-15 11:03:00
국가기술,두두넷,7520,지게차운전기능사,안근호,010-2164-8086,M,1948-10-21,광주,2026-09-07,4교시,14500,국가유공자,7250,가상계좌,취소,복지관,,,"{""source_receipt"": ""DN2026251338"", ""education"": ""중학교졸업"", ""grade"": ""기능사"", ""exam_type"": ""상시CBT"", ""eligibility"": ""비전공자"", ""exam_center"": ""광주시험장"", ""payment_status"": ""환불"", ""discount_amount"": 7250}",2026-08-15 16:40:00
국가기술,두두넷,7520,지게차운전기능사,김순옥,010-4092-3263,F,1950-08-04,경기,2026-09-11,3교시,14500,없음,14500,신용카드,접수완료,복지관,,,"{""source_receipt"": ""DN2026521435"", ""education"": ""대학원졸"", ""grade"": ""기능사"", ""exam_type"": ""상시CBT"", ""eligibility"": ""비전공자"", ""exam_center"": ""수원시험장"", ""payment_status"": ""완료"", ""discount_amount"": 0}",2026-08-05 11:04:00
국가기술,두두넷,7530,굴착기운전기능사,이만수,010-3068-7931,M,1959-05-11,대전,2026-09-10,3교시,14500,없음,14500,계좌이체,접수완료,가족보조,,,"{""source_receipt"": ""DN2026186140"", ""education"": ""중학교졸업"", ""grade"": ""기능사"", ""exam_type"": ""상시CBT"", ""eligibility"": ""관련학과졸업"", ""exam_center"": ""대전시험장"", ""payment_status"": ""완료"", ""discount_amount"": 0}",2026-08-11 10:23:00
국가기술,두두넷,7910,한식조리기능사,김경자,010-3236-9286,F,1956-12-21,전북,2026-09-07,5교시,14500,없음,14500,신용카드,접수완료,가족보조,,,"{""source_receipt"": ""DN2026518957"", ""education"": ""고등학교졸업"", ""grade"": ""기능사"", ""exam_type"": ""상시CBT"", ""eligibility"": ""관련학과졸업"", ""exam_center"": ""전주시험장"", ""payment_status"": ""완료"", ""discount_amount"": 0}",2026-08-07 17:40:00
국가기술,두두넷,7520,지게차운전기능사,곽광수,010-6345-7608,M,1931-11-17,경남,2026-09-15,4교시,14500,없음,14500,가상계좌,접수완료,가족보조,,,"{""source_receipt"": ""DN2026340194"", ""education"": ""대학교졸"", ""grade"": ""기능사"", ""exam_type"": ""상시CBT"", ""eligibility"": ""관련학과졸업"", ""exam_center"": ""창원시험장"", ""payment_status"": ""완료"", ""discount_amount"": 0}",2026-08-18 14:25:00
국가기술,두두넷,7520,지게차운전기능사,양정호,010-8313-4710,M,1948-03-24,경남,2026-09-05,5교시,14500,없음,14500,신용카드,접수완료,복지관,,,"{""source_receipt"": ""DN2026206087"", ""education"": ""고등학교졸업"", ""grade"": ""기능사"", ""exam_type"": ""상시CBT"", ""eligibility"": ""비전공자"", ""exam_center"": ""창원시험장"", ""payment_status"": ""완료"", ""discount_amount"": 0}",2026-08-03 13:42:00
국가기술,두두넷,7910,한식조리기능사,우원호,010-3771-3184,M,1955-09-22,전북,2026-11-15,5교시,14500,없음,14500,신용카드,접수완료,복지관,,,"{""source_receipt"": ""DN2026177906"", ""education"": ""고등학교졸업"", ""grade"": ""기능사"", ""exam_type"": ""상시CBT"", ""eligibility"": ""경력"", ""exam_center"": ""전주시험장"", ""payment_status"": ""완료"", ""discount_amount"": 0}",2026-08-02 12:17:00
국가기술,두두넷,7520,지게차운전기능사,홍계순,010-4869-1362,F,1947-11-10,인천,2026-11-15,4교시,14500,없음,14500,계좌이체,접수완료,본인단독,,,"{""source_receipt"": ""DN2026612353"", ""education"": ""대학원졸"", ""grade"": ""기능사"", ""exam_type"": ""상시CBT"", ""eligibility"": ""경력"", ""exam_center"": ""인천시험장"", ""payment_status"": ""완료"", ""discount_amount"": 0}",2026-08-07 15:34:00
국가기술,두두넷,2300,전기기능사,민말순,010-3874-2302,F,1932-11-14,광주,2026-10-10,5교시,14500,없음,14500,신용카드,접수완료,가족보조,,,"{""source_receipt"": ""DN2026287736"", ""education"": ""초등학교졸업"", ""grade"": ""기능사"", ""exam_type"": ""정기"", ""exam_round"": ""1"", ""eligibility"": ""경력"", ""exam_center"": ""광주시험장"", ""payment_status"": ""완료"", ""discount_amount"": 0}",2026-08-04 20:40:00
국가기술,두두넷,2300,전기기능사,안필호,010-9682-7833,M,1943-10-24,광주,2026-11-12,3교시,14500,없음,14500,신용카드,접수완료,가족보조,,,"{""source_receipt"": ""DN2026411230"", ""education"": ""대학원졸"", ""grade"": ""기능사"", ""exam_type"": ""정기"", ""exam_round"": ""3"", ""eligibility"": ""관련학과졸업"", ""exam_center"": ""광주시험장"", ""payment_status"": ""완료"", ""discount_amount"": 0}",2026-08-12 18:51:00
국가기술,두두넷,7520,지게차운전기능사,이영자,010-7023-7315,F,1945-09-28,울산,2026-09-14,2교시,14500,기초생활수급자,7250,신용카드,취소,복지관,,,"{""source_receipt"": ""DN2026365012"", ""education"": ""대학교졸"", ""grade"": ""기능사"", ""exam_type"": ""상시CBT"", ""eligibility"": ""비전공자"", ""exam_center"": ""울산시험장"", ""payment_status"": ""환불"", ""discount_amount"": 7250}",2026-08-19 13:22:00
국가기술,두두넷,7520,지게차운전기능사,안영호,010-5469-3103,M,1937-05-15,충북,2026-10-10,2교시,14500,없음,14500,계좌이체,접수완료,가족보조,,,"{""source_receipt"": ""DN2026107646"", ""education"": ""고등학교졸업"", ""grade"": ""기능사"", ""exam_type"": ""상시CBT"", ""eligibility"": ""경력"", ""exam_center"": ""청주시험장"", ""payment_status"": ""완료"", ""discount_amount"": 0}",2026-08-05 13:54:00
국가기술,두두넷,7530,굴착기운전기능사,신명자,010-6808-9541,F,1953-07-04,경북,2026-11-20,5교시,14500,없음,14500,신용카드,접수완료,본인단독,,,"{""source_receipt"": ""DN2026305386"", ""education"": ""고등학교졸업"", ""grade"": ""기능사"", ""exam_type"": ""상시CBT"", ""eligibility"": ""경력"", ""exam_center"": ""포항시험장"", ""payment_status"": ""완료"", ""discount_amount"": 0}",2026-08-02 16:52:00
국가기술,두두넷,7910,한식조리기능사,주계순,010-7324-7121,F,1928-04-22,충북,2026-09-27,2교시,14500,없음,14500,계좌이체,접수완료,가족보조,,,"{""source_receipt"": ""DN2026835292"", ""education"": ""전문대졸"", ""grade"": ""기능사"", ""exam_type"": ""상시CBT"", ""eligibility"": ""경력"", ""exam_center"": ""청주시험장"", ""payment_status"": ""완료"", ""discount_amount"": 0}",2026-08-16 11:57:00
국가기술,두두넷,7530,굴착기운전기능사,권용기,010-2469-3715,M,1945-12-06,대구,2026-10-12,4교시,14500,없음,14500,신용카드,결제대기,가족보조,,,"{""source_receipt"": ""DN2026606902"", ""education"": ""초등학교졸업"", ""grade"": ""기능사"", ""exam_type"": ""상시CBT"", ""eligibility"": ""관련학과졸업"", ""exam_center"": ""대구시험장"", ""payment_status"": ""대기"", ""discount_amount"": 0}",2026-08-11 11:09:00
국가기술,두두넷,7530,굴착기운전기능사,최삼석,010-6115-4348,M,1931-12-07,충북,2026-11-09,1교시,14500,없음,14500,신용카드,접수완료,본인단독,,,"{""source_receipt"": ""DN2026845710"", ""education"": ""고등학교졸업"", ""grade"": ""기능사"", ""exam_type"": ""상시CBT"", ""eligibility"": ""비전공자"", ""exam_center"": ""청주시험장"", ""payment_status"": ""완료"", ""discount_amount"": 0}",2026-08-14 15:11:00
국가기술,두두넷,2300,전기기능사,허종수,010-5502-2456,M,1951-12-20,광주,2026-10-22,2교시,14500,기초생활수급자,7250,계좌이체,접수완료,복지관,,,"{""source_receipt"": ""DN2026201142"", ""education"": ""무학"", ""grade"": ""기능사"", ""exam_type"": ""정기"", ""exam_round"": ""4"", ""eligibility"": ""경력"", ""exam_center"": ""광주시험장"", ""payment_status"": ""완료"", ""discount_amount"": 7250}",2026-08-08 12:58:00
국가기술,두두넷,7910,한식조리기능사,한복남,010-2720-1573,M,1961-06-28,경북,2026-10-17,2교시,14500,없음,14500,신용카드,접수완료,복지관,,,"{""source_receipt"": ""DN2026024052"", ""education"": ""고등학교졸업"", ""grade"": ""기능사"", ""exam_type"": ""상시CBT"", ""eligibility"": ""관련학과졸업"", ""exam_center"": ""포항시험장"", ""payment_status"": ""완료"", ""discount_amount"": 0}",2026-08-05 13:05:00
국가기술,두두넷,7530,굴착기운전기능사,윤순자,010-3666-8021,F,1932-02-20,서울,2026-10-08,1교시,14500,없음,14500,계좌이체,접수완료,본인단독,,,"{""source_receipt"": ""DN2026359018"", ""education"": ""중학교졸업"", ""grade"": ""기능사"", ""exam_type"": ""상시CBT"", ""eligibility"": ""경력"", ""exam_center"": ""서울남부시험장"", ""payment_status"": ""완료"", ""discount_amount"": 0}",2026-08-15 17:47:00
국가기술,두두넷,7530,굴착기운전기능사,구영숙,010-5155-2553,F,1954-05-11,울산,2026-09-01,3교시,14500,장애인,7250,신용카드,접수완료,복지관,,,"{""source_receipt"": ""DN2026987781"", ""education"": ""대학원졸"", ""grade"": ""기능사"", ""exam_type"": ""상시CBT"", ""eligibility"": ""관련학과졸업"", ""exam_center"": ""울산시험장"", ""payment_status"": ""완료"", ""discount_amount"": 7250}",2026-08-18 13:08:00
국가기술,두두넷,7530,굴착기운전기능사,성종수,010-1392-9593,M,1931-10-07,충남,2026-10-22,5교시,14500,없음,14500,가상계좌,취소,가족보조,,,"{""source_receipt"": ""DN2026617624"", ""education"": ""고등학교졸업"", ""grade"": ""기능사"", ""exam_type"": ""상시CBT"", ""eligibility"": ""비전공자"", ""exam_center"": ""천안시험장"", ""payment_status"": ""환불"", ""discount_amount"": 0}",2026-08-16 13:34:00
국가기술,두두넷,7520,지게차운전기능사,신순옥,010-9532-4362,F,1942-06-25,대구,2026-10-11,1교시,14500,없음,14500,계좌이체,접수완료,복지관,,,"{""source_receipt"": ""DN2026987037"", ""education"": ""초등학교졸업"", ""grade"": ""기능사"", ""exam_type"": ""상시CBT"", ""eligibility"": ""관련학과졸업"", ""exam_center"": ""대구시험장"", ""payment_status"": ""완료"", ""discount_amount"": 0}",2026-08-09 20:23:00
국가기술,두두넷,7910,한식조리기능사,주재호,010-5349-8276,M,1936-09-04,세종,2026-10-08,5교시,14500,없음,14500,신용카드,취소,본인단독,,,"{""source_receipt"": ""DN2026949131"", ""education"": ""고등학교졸업"", ""grade"": ""기능사"", ""exam_type"": ""상시CBT"", ""eligibility"": ""관련학과졸업"", ""exam_center"": ""세종시험장"", ""payment_status"": ""환불"", ""discount_amount"": 0}",2026-08-12 14:11:00
국가기술,두두넷,7520,지게차운전기능사,허순옥,010-8200-3787,F,1955-03-16,경남,2026-09-13,1교시,14500,없음,14500,신용카드,접수완료,가족보조,,,"{""source_receipt"": ""DN2026699624"", ""education"": ""초등학교졸업"", ""grade"": ""기능사"", ""exam_type"": ""상시CBT"", ""eligibility"": ""관련학과졸업"", ""exam_center"": ""창원시험장"", ""payment_status"": ""완료"", ""discount_amount"": 0}",2026-08-08 15:05:00
국가기술,두두넷,7910,한식조리기능사,차일남,010-9574-2859,M,1948-04-13,광주,2026-09-20,3교시,14500,없음,14500,계좌이체,접수완료,본인단독,,,"{""source_receipt"": ""DN2026079285"", ""education"": ""고등학교졸업"", ""grade"": ""기능사"", ""exam_type"": ""상시CBT"", ""eligibility"": ""비전공자"", ""exam_center"": ""광주시험장"", ""payment_status"": ""완료"", ""discount_amount"": 0}",2026-08-14 11:17:00
국가기술,두두넷,7520,지게차운전기능사,남정호,010-5072-7517,M,1930-02-21,제주,2026-11-16,4교시,14500,차상위계층,7250,가상계좌,접수완료,본인단독,,,"{""source_receipt"": ""DN2026439005"", ""education"": ""무학"", ""grade"": ""기능사"", ""exam_type"": ""상시CBT"", ""eligibility"": ""관련학과졸업"", ""exam_center"": ""제주시험장"", ""payment_status"": ""완료"", ""discount_amount"": 7250}",2026-08-04 16:20:00
국가기술,두두넷,7530,굴착기운전기능사,차선옥,010-5758-1495,F,1932-08-27,세종,2026-09-11,2교시,14500,없음,14500,가상계좌,접수완료,가족보조,,,"{""source_receipt"": ""DN2026963957"", ""education"": ""대학교졸"", ""grade"": ""기능사"", ""exam_type"": ""상시CBT"", ""eligibility"": ""경력"", ""exam_center"": ""세종시험장"", ""payment_status"": ""완료"", ""discount_amount"": 0}",2026-08-11 21:22:00
국가기술,두두넷,7910,한식조리기능사,양영호,010-2855-4947,M,1944-05-05,대전,2026-11-28,5교시,14500,없음,14500,가상계좌,접수완료,복지관,,,"{""source_receipt"": ""DN2026169578"", ""education"": ""대학원졸"", ""grade"": ""기능사"", ""exam_type"": ""상시CBT"", ""eligibility"": ""경력"", ""exam_center"": ""대전시험장"", ""payment_status"": ""완료"", ""discount_amount"": 0}",2026-08-18 18:39:00
국가기술,두두넷,7910,한식조리기능사,정광수,010-6946-7554,M,1933-02-21,경북,2026-11-15,3교시,14500,없음,14500,신용카드,접수완료,가족보조,,,"{""source_receipt"": ""DN2026551726"", ""education"": ""고등학교졸업"", ""grade"": ""기능사"", ""exam_type"": ""상시CBT"", ""eligibility"": ""경력"", ""exam_center"": ""포항시험장"", ""payment_status"": ""완료"", ""discount_amount"": 0}",2026-08-09 11:20:00
국가기술,두두넷,7530,굴착기운전기능사,서옥분,010-8916-9180,F,1945-04-20,부산,2026-10-12,5교시,14500,없음,14500,신용카드,접수완료,복지관,,,"{""source_receipt"": ""DN2026837906"", ""education"": ""중학교졸업"", ""grade"": ""기능사"", ""exam_type"": ""상시CBT"", ""eligibility"": ""비전공자"", ""exam_center"": ""부산시험장"", ""payment_status"": ""완료"", ""discount_amount"": 0}",2026-08-15 13:15:00
국가기술,두두넷,7910,한식조리기능사,윤명자,010-6654-3120,F,1945-05-01,충남,2026-10-28,1교시,14500,기초생활수급자,7250,가상계좌,접수완료,복지관,,,"{""source_receipt"": ""DN2026669797"", ""education"": ""고등학교졸업"", ""grade"": ""기능사"", ""exam_type"": ""상시CBT"", ""eligibility"": ""경력"", ""exam_center"": ""천안시험장"", ""payment_status"": ""완료"", ""discount_amount"": 7250}",2026-08-11 19:40:00
국가기술,두두넷,7910,한식조리기능사,남동호,010-6239-6534,M,1960-11-26,경기,2026-11-27,3교시,14500,장애인,7250,계좌이체,접수완료,본인단독,,,"{""source_receipt"": ""DN2026489356"", ""education"": ""중학교졸업"", ""grade"": ""기능사"", ""exam_type"": ""상시CBT"", ""eligibility"": ""경력"", ""exam_center"": ""수원시험장"", ""payment_status"": ""완료"", ""discount_amount"": 7250}",2026-08-18 15:48:00
국가기술,두두넷,7530,굴착기운전기능사,전옥분,010-5034-2437,F,1949-06-01,부산,2026-11-25,2교시,14500,없음,14500,신용카드,접수완료,가족보조,,,"{""source_receipt"": ""DN2026298644"", ""education"": ""대학교졸"", ""grade"": ""기능사"", ""exam_type"": ""상시CBT"", ""eligibility"": ""비전공자"", ""exam_center"": ""부산시험장"", ""payment_status"": ""완료"", ""discount_amount"": 0}",2026-08-12 14:18:00
국가기술,두두넷,7530,굴착기운전기능사,곽점순,010-2373-4823,F,1950-07-26,충북,2026-10-21,3교시,14500,없음,14500,계좌이체,접수완료,복지관,,,"{""source_receipt"": ""DN2026908817"", ""education"": ""대학교졸"", ""grade"": ""기능사"", ""exam_type"": ""상시CBT"", ""eligibility"": ""경력"", ""exam_center"": ""청주시험장"", ""payment_status"": ""완료"", ""discount_amount"": 0}",2026-08-04 18:04:00
국가기술,두두넷,7520,지게차운전기능사,류경자,010-6751-4149,F,1965-03-22,제주,2026-11-25,1교시,14500,없음,14500,신용카드,접수완료,복지관,,,"{""source_receipt"": ""DN2026937710"", ""education"": ""대학원졸"", ""grade"": ""기능사"", ""exam_type"": ""상시CBT"", ""eligibility"": ""비전공자"", ""exam_center"": ""제주시험장"", ""payment_status"": ""완료"", ""discount_amount"": 0}",2026-08-16 11:27:00
국가기술,두두넷,2300,전기기능사,권명자,010-3376-9369,F,1954-03-11,광주,2026-11-04,4교시,14500,기초생활수급자,7250,신용카드,접수완료,복지관,,,"{""source_receipt"": ""DN2026353781"", ""education"": ""대학교졸"", ""grade"": ""기능사"", ""exam_type"": ""정기"", ""exam_round"": ""1"", ""eligibility"": ""비전공자"", ""exam_center"": ""광주시험장"", ""payment_status"": ""완료"", ""discount_amount"": 7250}",2026-08-02 22:51:00
국가기술,두두넷,7530,굴착기운전기능사,허정자,010-6365-8624,F,1940-01-06,경남,2026-11-17,1교시,14500,기초생활수급자,7250,계좌이체,접수완료,가족보조,,,"{""source_receipt"": ""DN2026935195"", ""education"": ""대학교졸"", ""grade"": ""기능사"", ""exam_type"": ""상시CBT"", ""eligibility"": ""비전공자"", ""exam_center"": ""창원시험장"", ""payment_status"": ""완료"", ""discount_amount"": 7250}",2026-08-05 19:04:00
국가기술,두두넷,7530,굴착기운전기능사,정경자,010-3352-4582,F,1928-06-01,제주,2026-11-25,4교시,14500,없음,14500,계좌이체,접수완료,복지관,,,"{""source_receipt"": ""DN2026237773"", ""education"": ""대학교졸"", ""grade"": ""기능사"", ""exam_type"": ""상시CBT"", ""eligibility"": ""관련학과졸업"", ""exam_center"": ""제주시험장"", ""payment_status"": ""완료"", ""discount_amount"": 0}",2026-08-07 18:41:00
국가기술,두두넷,7520,지게차운전기능사,오복남,010-4440-4398,M,1943-08-23,경남,2026-10-21,4교시,14500,기초생활수급자,7250,가상계좌,접수완료,복지관,,,"{""source_receipt"": ""DN2026728020"", ""education"": ""고등학교졸업"", ""grade"": ""기능사"", ""exam_type"": ""상시CBT"", ""eligibility"": ""경력"", ""exam_center"": ""창원시험장"", ""payment_status"": ""완료"", ""discount_amount"": 7250}",2026-08-04 21:04:00
국가기술,두두넷,7910,한식조리기능사,이동호,010-7863-5193,M,1930-03-09,전북,2026-10-17,1교시,14500,기초생활수급자,7250,계좌이체,접수완료,본인단독,,,"{""source_receipt"": ""DN2026206360"", ""education"": ""초등학교졸업"", ""grade"": ""기능사"", ""exam_type"": ""상시CBT"", ""eligibility"": ""경력"", ""exam_center"": ""전주시험장"", ""payment_status"": ""완료"", ""discount_amount"": 7250}",2026-08-07 12:39:00
국가기술,두두넷,7910,한식조리기능사,전복순,010-9738-8616,F,1960-03-02,광주,2026-11-23,3교시,14500,없음,14500,신용카드,접수완료,복지관,,,"{""source_receipt"": ""DN2026621749"", ""education"": ""고등학교졸업"", ""grade"": ""기능사"", ""exam_type"": ""상시CBT"", ""eligibility"": ""비전공자"", ""exam_center"": ""광주시험장"", ""payment_status"": ""완료"", ""discount_amount"": 0}",2026-08-17 13:18:00
국가기술,두두넷,7910,한식조리기능사,이용기,010-4004-3462,M,1960-06-17,경기,2026-09-28,5교시,14500,없음,14500,신용카드,접수완료,가족보조,,,"{""source_receipt"": ""DN2026105163"", ""education"": ""초등학교졸업"", ""grade"": ""기능사"", ""exam_type"": ""상시CBT"", ""eligibility"": ""경력"", ""exam_center"": ""성남시험장"", ""payment_status"": ""완료"", ""discount_amount"": 0}",2026-08-08 18:30:00
국가기술,두두넷,7520,지게차운전기능사,최정호,010-6174-2465,M,1956-07-27,서울,2026-11-13,1교시,14500,없음,14500,계좌이체,접수완료,가족보조,,,"{""source_receipt"": ""DN2026337737"", ""education"": ""고등학교졸업"", ""grade"": ""기능사"", ""exam_type"": ""상시CBT"", ""eligibility"": ""비전공자"", ""exam_center"": ""서울2시험장"", ""payment_status"": ""완료"", ""discount_amount"": 0}",2026-08-11 11:00:00
국가기술,두두넷,7910,한식조리기능사,조영숙,010-1522-1282,F,1940-04-14,울산,2026-11-18,3교시,14500,없음,14500,신용카드,접수완료,복지관,,,"{""source_receipt"": ""DN2026994325"", ""education"": ""고등학교졸업"", ""grade"": ""기능사"", ""exam_type"": ""상시CBT"", ""eligibility"": ""비전공자"", ""exam_center"": ""울산시험장"", ""payment_status"": ""완료"", ""discount_amount"": 0}",2026-08-14 18:19:00
국가기술,두두넷,7910,한식조리기능사,안미자,010-8818-4792,F,1954-03-25,서울,2026-09-21,1교시,14500,없음,14500,신용카드,접수완료,복지관,,,"{""source_receipt"": ""DN2026893385"", ""education"": ""전문대졸"", ""grade"": ""기능사"", ""exam_type"": ""상시CBT"", ""eligibility"": ""비전공자"", ""exam_center"": ""서울남부시험장"", ""payment_status"": ""완료"", ""discount_amount"": 0}",2026-08-11 14:24:00
국가기술,두두넷,7910,한식조리기능사,한영수,010-9691-8401,M,1940-03-10,충북,2026-09-22,5교시,14500,없음,14500,계좌이체,접수완료,가족보조,,,"{""source_receipt"": ""DN2026421902"", ""education"": ""초등학교졸업"", ""grade"": ""기능사"", ""exam_type"": ""상시CBT"", ""eligibility"": ""비전공자"", ""exam_center"": ""청주시험장"", ""payment_status"": ""완료"", ""discount_amount"": 0}",2026-08-08 21:34:00
국가기술,두두넷,2300,전기기능사,유필호,010-4897-5309,M,1933-07-22,부산,2026-10-08,3교시,14500,없음,14500,신용카드,접수완료,복지관,,,"{""source_receipt"": ""DN2026908257"", ""education"": ""고등학교졸업"", ""grade"": ""기능사"", ""exam_type"": ""정기"", ""exam_round"": ""2"", ""eligibility"": ""비전공자"", ""exam_center"": ""부산남부시험장"", ""payment_status"": ""완료"", ""discount_amount"": 0}",2026-08-16 20:58:00
국가기술,두두넷,2300,전기기능사,곽두만,010-5657-3069,M,1952-05-08,제주,2026-09-01,3교시,14500,차상위계층,7250,계좌이체,접수완료,가족보조,,,"{""source_receipt"": ""DN2026970177"", ""education"": ""고등학교졸업"", ""grade"": ""기능사"", ""exam_type"": ""정기"", ""exam_round"": ""2"", ""eligibility"": ""관련학과졸업"", ""exam_center"": ""제주시험장"", ""payment_status"": ""완료"", ""discount_amount"": 7250}",2026-08-04 13:42:00
국가기술,두두넷,7520,지게차운전기능사,강복남,010-4400-3151,M,1963-04-01,전북,2026-11-23,1교시,14500,없음,14500,신용카드,접수완료,복지관,,,"{""source_receipt"": ""DN2026395787"", ""education"": ""전문대졸"", ""grade"": ""기능사"", ""exam_type"": ""상시CBT"", ""eligibility"": ""비전공자"", ""exam_center"": ""전주시험장"", ""payment_status"": ""완료"", ""discount_amount"": 0}",2026-08-18 11:43:00
국가기술,두두넷,7910,한식조리기능사,최영자,010-6479-9788,F,1944-09-20,서울,2026-11-18,4교시,14500,없음,14500,신용카드,접수완료,복지관,,,"{""source_receipt"": ""DN2026979457"", ""education"": ""전문대졸"", ""grade"": ""기능사"", ""exam_type"": ""상시CBT"", ""eligibility"": ""비전공자"", ""exam_center"": ""서울남부시험장"", ""payment_status"": ""완료"", ""discount_amount"": 0}",2026-08-16 09:37:00
국가기술,두두넷,7910,한식조리기능사,구재호,010-8944-5208,M,1953-05-19,강원,2026-09-04,3교시,14500,없음,14500,가상계좌,접수완료,가족보조,,,"{""source_receipt"": ""DN2026922160"", ""education"": ""대학교졸"", ""grade"": ""기능사"", ""exam_type"": ""상시CBT"", ""eligibility"": ""관련학과졸업"", ""exam_center"": ""춘천시험장"", ""payment_status"": ""완료"", ""discount_amount"": 0}",2026-08-09 22:51:00
국가기술,두두넷,7530,굴착기운전기능사,임만복,010-5707-8037,M,1938-11-22,대전,2026-09-01,4교시,14500,없음,14500,계좌이체,접수완료,본인단독,,,"{""source_receipt"": ""DN2026149238"", ""education"": ""무학"", ""grade"": ""기능사"", ""exam_type"": ""상시CBT"", ""eligibility"": ""비전공자"", ""exam_center"": ""대전시험장"", ""payment_status"": ""완료"", ""discount_amount"": 0}",2026-08-06 11:53:00
국가기술,두두넷,7530,굴착기운전기능사,신영자,010-4958-2313,F,1964-07-26,경기,2026-09-08,2교시,14500,없음,14500,신용카드,접수완료,복지관,,,"{""source_receipt"": ""DN2026695028"", ""education"": ""대학교졸"", ""grade"": ""기능사"", ""exam_type"": ""상시CBT"", ""eligibility"": ""경력"", ""exam_center"": ""고양시험장"", ""payment_status"": ""완료"", ""discount_amount"": 0}",2026-08-12 15:02:00
국가기술,두두넷,7530,굴착기운전기능사,전복순,010-1046-5978,F,1938-04-06,경북,2026-11-16,5교시,14500,없음,14500,가상계좌,접수완료,본인단독,,,"{""source_receipt"": ""DN2026893976"", ""education"": ""전문대졸"", ""grade"": ""기능사"", ""exam_type"": ""상시CBT"", ""eligibility"": ""관련학과졸업"", ""exam_center"": ""포항시험장"", ""payment_status"": ""완료"", ""discount_amount"": 0}",2026-08-07 11:49:00
국가기술,두두넷,7910,한식조리기능사,류영호,010-6982-9129,M,1938-02-08,대전,2026-11-10,4교시,14500,기초생활수급자,7250,가상계좌,접수완료,가족보조,,,"{""source_receipt"": ""DN2026139002"", ""education"": ""고등학교졸업"", ""grade"": ""기능사"", ""exam_type"": ""상시CBT"", ""eligibility"": ""관련학과졸업"", ""exam_center"": ""대전시험장"", ""payment_status"": ""완료"", ""discount_amount"": 7250}",2026-08-02 21:10:00
국가기술,두두넷,7520,지게차운전기능사,고말자,010-9190-7714,F,1944-04-28,부산,2026-11-13,4교시,14500,기초생활수급자,7250,신용카드,접수완료,가족보조,,,"{""source_receipt"": ""DN2026551218"", ""education"": ""고등학교졸업"", ""grade"": ""기능사"", ""exam_type"": ""상시CBT"", ""eligibility"": ""경력"", ""exam_center"": ""부산시험장"", ""payment_status"": ""완료"", ""discount_amount"": 7250}",2026-08-15 14:55:00
국가기술,두두넷,7520,지게차운전기능사,이운순,010-5526-7410,F,1934-10-26,전북,2026-09-08,5교시,14500,없음,14500,계좌이체,접수완료,본인단독,,,"{""source_receipt"": ""DN2026021550"", ""education"": ""고등학교졸업"", ""grade"": ""기능사"", ""exam_type"": ""상시CBT"", ""eligibility"": ""비전공자"", ""exam_center"": ""전주시험장"", ""payment_status"": ""완료"", ""discount_amount"": 0}",2026-08-09 14:46:00
국가기술,두두넷,7520,지게차운전기능사,한말순,010-1338-5209,F,1966-07-08,광주,2026-11-17,4교시,14500,장애인,7250,신용카드,결제대기,본인단독,,,"{""source_receipt"": ""DN2026255357"", ""education"": ""전문대졸"", ""grade"": ""기능사"", ""exam_type"": ""상시CBT"", ""eligibility"": ""비전공자"", ""exam_center"": ""광주시험장"", ""payment_status"": ""대기"", ""discount_amount"": 7250}",2026-08-15 10:34:00
국가기술,두두넷,7530,굴착기운전기능사,최갑수,010-1190-6244,M,1931-07-20,대구,2026-10-16,3교시,14500,없음,14500,신용카드,접수완료,가족보조,,,"{""source_receipt"": ""DN2026035589"", ""education"": ""초등학교졸업"", ""grade"": ""기능사"", ""exam_type"": ""상시CBT"", ""eligibility"": ""경력"", ""exam_center"": ""대구시험장"", ""payment_status"": ""완료"", ""discount_amount"": 0}",2026-08-16 21:14:00
국가기술,두두넷,7520,지게차운전기능사,손영숙,010-5723-9716,F,1933-02-22,충남,2026-10-05,1교시,14500,없음,14500,신용카드,접수완료,본인단독,,,"{""source_receipt"": ""DN2026149695"", ""education"": ""대학교졸"", ""grade"": ""기능사"", ""exam_type"": ""상시CBT"", ""eligibility"": ""경력"", ""exam_center"": ""천안시험장"", ""payment_status"": ""완료"", ""discount_amount"": 0}",2026-08-02 14:40:00
국가기술,두두넷,7910,한식조리기능사,심두만,010-8968-8428,M,1957-08-27,광주,2026-10-13,3교시,14500,없음,14500,신용카드,접수완료,가족보조,,,"{""source_receipt"": ""DN2026113845"", ""education"": ""대학교졸"", ""grade"": ""기능사"", ""exam_type"": ""상시CBT"", ""eligibility"": ""비전공자"", ""exam_center"": ""광주시험장"", ""payment_status"": ""완료"", ""discount_amount"": 0}",2026-08-07 19:02:00
국가기술,두두넷,7910,한식조리기능사,장기철,010-2522-3883,M,1953-12-22,경남,2026-09-04,1교시,14500,없음,14500,가상계좌,접수완료,가족보조,,,"{""source_receipt"": ""DN2026112214"", ""education"": ""초등학교졸업"", ""grade"": ""기능사"", ""exam_type"": ""상시CBT"", ""eligibility"": ""경력"", ""exam_center"": ""창원시험장"", ""payment_status"": ""완료"", ""discount_amount"": 0}",2026-08-17 18:45:00
국가기술,두두넷,7910,한식조리기능사,남일남,010-2467-5871,M,1957-03-15,경기,2026-11-13,4교시,14500,없음,14500,계좌이체,결제대기,본인단독,,,"{""source_receipt"": ""DN2026378449"", ""education"": ""초등학교졸업"", ""grade"": ""기능사"", ""exam_type"": ""상시CBT"", ""eligibility"": ""비전공자"", ""exam_center"": ""성남시험장"", ""payment_status"": ""대기"", ""discount_amount"": 0}",2026-08-01 16:17:00
국가기술,두두넷,7910,한식조리기능사,박동호,010-6662-2144,M,1937-06-09,경남,2026-10-08,2교시,14500,없음,14500,신용카드,접수완료,가족보조,,,"{""source_receipt"": ""DN2026725696"", ""education"": ""무학"", ""grade"": ""기능사"", ""exam_type"": ""상시CBT"", ""eligibility"": ""비전공자"", ""exam_center"": ""창원시험장"", ""payment_status"": ""완료"", ""discount_amount"": 0}",2026-08-03 12:44:00
국가기술,두두넷,7530,굴착기운전기능사,송삼석,010-5431-5422,M,1937-10-15,충남,2026-11-06,5교시,14500,없음,14500,신용카드,접수완료,본인단독,,,"{""source_receipt"": ""DN2026697947"", ""education"": ""무학"", ""grade"": ""기능사"", ""exam_type"": ""상시CBT"", ""eligibility"": ""비전공자"", ""exam_center"": ""천안시험장"", ""payment_status"": ""완료"", ""discount_amount"": 0}",2026-08-03 15:14:00
국가기술,두두넷,7910,한식조리기능사,정말자,010-8235-5538,F,1934-07-05,세종,2026-11-18,3교시,14500,없음,14500,신용카드,접수완료,가족보조,,,"{""source_receipt"": ""DN2026491595"", ""education"": ""대학교졸"", ""grade"": ""기능사"", ""exam_type"": ""상시CBT"", ""eligibility"": ""관련학과졸업"", ""exam_center"": ""세종시험장"", ""payment_status"": ""완료"", ""discount_amount"": 0}",2026-08-03 18:17:00
국가기술,두두넷,7530,굴착기운전기능사,하순옥,010-5567-7120,F,1962-05-19,인천,2026-10-09,1교시,14500,없음,14500,계좌이체,접수완료,복지관,,,"{""source_receipt"": ""DN2026751949"", ""education"": ""고등학교졸업"", ""grade"": ""기능사"", ""exam_type"": ""상시CBT"", ""eligibility"": ""관련학과졸업"", ""exam_center"": ""인천시험장"", ""payment_status"": ""완료"", ""discount_amount"": 0}",2026-08-15 12:27:00
국가기술,두두넷,7910,한식조리기능사,오선옥,010-3796-3969,F,1938-02-11,울산,2026-09-09,2교시,14500,국가유공자,7250,계좌이체,접수완료,복지관,,,"{""source_receipt"": ""DN2026670351"", ""education"": ""전문대졸"", ""grade"": ""기능사"", ""exam_type"": ""상시CBT"", ""eligibility"": ""관련학과졸업"", ""exam_center"": ""울산시험장"", ""payment_status"": ""완료"", ""discount_amount"": 7250}",2026-08-07 10:46:00
국가기술,두두넷,7910,한식조리기능사,이운순,010-4471-9622,F,1959-09-15,세종,2026-10-13,3교시,14500,없음,14500,가상계좌,접수완료,본인단독,,,"{""source_receipt"": ""DN2026693701"", ""education"": ""중학교졸업"", ""grade"": ""기능사"", ""exam_type"": ""상시CBT"", ""eligibility"": ""경력"", ""exam_center"": ""세종시험장"", ""payment_status"": ""완료"", ""discount_amount"": 0}",2026-08-05 18:57:00
국가기술,두두넷,7530,굴착기운전기능사,홍만수,010-3374-3968,M,1933-10-11,강원,2026-09-17,1교시,14500,없음,14500,신용카드,접수완료,복지관,,,"{""source_receipt"": ""DN2026902461"", ""education"": ""고등학교졸업"", ""grade"": ""기능사"", ""exam_type"": ""상시CBT"", ""eligibility"": ""비전공자"", ""exam_center"": ""춘천시험장"", ""payment_status"": ""완료"", ""discount_amount"": 0}",2026-08-09 16:09:00
국가기술,두두넷,7910,한식조리기능사,고상원,010-1611-2044,M,1928-06-11,경남,2026-09-11,1교시,14500,없음,14500,신용카드,접수완료,가족보조,,,"{""source_receipt"": ""DN2026751849"", ""education"": ""전문대졸"", ""grade"": ""기능사"", ""exam_type"": ""상시CBT"", ""eligibility"": ""관련학과졸업"", ""exam_center"": ""창원시험장"", ""payment_status"": ""완료"", ""discount_amount"": 0}",2026-08-03 18:09:00
국가기술,두두넷,2300,전기기능사,유경자,010-9769-7707,F,1952-05-11,제주,2026-11-23,4교시,14500,없음,14500,신용카드,접수완료,가족보조,,,"{""source_receipt"": ""DN2026069780"", ""education"": ""고등학교졸업"", ""grade"": ""기능사"", ""exam_type"": ""정기"", ""exam_round"": ""4"", ""eligibility"": ""경력"", ""exam_center"": ""제주시험장"", ""payment_status"": ""완료"", ""discount_amount"": 0}",2026-08-14 13:38:00
국가기술,두두넷,2300,전기기능사,강필호,010-1017-8073,M,1946-05-17,전북,2026-10-07,2교시,14500,없음,14500,가상계좌,접수완료,가족보조,,,"{""source_receipt"": ""DN2026848787"", ""education"": ""고등학교졸업"", ""grade"": ""기능사"", ""exam_type"": ""정기"", ""exam_round"": ""1"", ""eligibility"": ""관련학과졸업"", ""exam_center"": ""전주시험장"", ""payment_status"": ""완료"", ""discount_amount"": 0}",2026-08-18 10:24:00
국가기술,두두넷,7530,굴착기운전기능사,오계순,010-2250-3283,F,1948-11-20,충북,2026-11-21,3교시,14500,없음,14500,가상계좌,취소,가족보조,,,"{""source_receipt"": ""DN2026374925"", ""education"": ""대학교졸"", ""grade"": ""기능사"", ""exam_type"": ""상시CBT"", ""eligibility"": ""경력"", ""exam_center"": ""청주시험장"", ""payment_status"": ""환불"", ""discount_amount"": 0}",2026-08-18 20:21:00
국가기술,두두넷,7530,굴착기운전기능사,김성호,010-9790-2340,M,1939-02-08,전남,2026-10-12,3교시,14500,장애인,7250,계좌이체,접수완료,가족보조,,,"{""source_receipt"": ""DN2026764477"", ""education"": ""고등학교졸업"", ""grade"": ""기능사"", ""exam_type"": ""상시CBT"", ""eligibility"": ""비전공자"", ""exam_center"": ""순천시험장"", ""payment_status"": ""완료"", ""discount_amount"": 7250}",2026-08-17 18:04:00
국가기술,두두넷,2300,전기기능사,홍동호,010-2044-9681,M,1965-10-13,서울,2026-10-24,5교시,14500,기초생활수급자,7250,계좌이체,접수완료,가족보조,,,"{""source_receipt"": ""DN2026005202"", ""education"": ""중학교졸업"", ""grade"": ""기능사"", ""exam_type"": ""정기"", ""exam_round"": ""4"", ""eligibility"": ""비전공자"", ""exam_center"": ""서울1시험장"", ""payment_status"": ""완료"", ""discount_amount"": 7250}",2026-08-13 17:24:00
국가기술,두두넷,7530,굴착기운전기능사,우복순,010-8197-4353,F,1936-07-27,광주,2026-09-20,4교시,14500,없음,14500,계좌이체,접수완료,가족보조,,,"{""source_receipt"": ""DN2026475001"", ""education"": ""고등학교졸업"", ""grade"": ""기능사"", ""exam_type"": ""상시CBT"", ""eligibility"": ""경력"", ""exam_center"": ""광주시험장"", ""payment_status"": ""완료"", ""discount_amount"": 0}",2026-08-10 10:29:00
국가기술,두두넷,2300,전기기능사,류순자,010-6183-5512,F,1953-03-15,전북,2026-10-06,2교시,14500,기초생활수급자,7250,신용카드,접수완료,복지관,,,"{""source_receipt"": ""DN2026350438"", ""education"": ""고등학교졸업"", ""grade"": ""기능사"", ""exam_type"": ""정기"", ""exam_round"": ""4"", ""eligibility"": ""경력"", ""exam_center"": ""전주시험장"", ""payment_status"": ""완료"", ""discount_amount"": 7250}",2026-08-14 22:07:00
국가기술,두두넷,7530,굴착기운전기능사,김점순,010-7732-5216,F,1928-02-21,충남,2026-10-08,5교시,14500,없음,14500,가상계좌,접수완료,본인단독,,,"{""source_receipt"": ""DN2026683436"", ""education"": ""대학원졸"", ""grade"": ""기능사"", ""exam_type"": ""상시CBT"", ""eligibility"": ""경력"", ""exam_center"": ""천안시험장"", ""payment_status"": ""완료"", ""discount_amount"": 0}",2026-08-03 16:23:00
국가기술,두두넷,7530,굴착기운전기능사,윤기철,010-4400-4804,M,1933-12-17,강원,2026-10-06,5교시,14500,없음,14500,계좌이체,접수완료,본인단독,,,"{""source_receipt"": ""DN2026908040"", ""education"": ""고등학교졸업"", ""grade"": ""기능사"", ""exam_type"": ""상시CBT"", ""eligibility"": ""비전공자"", ""exam_center"": ""춘천시험장"", ""payment_status"": ""완료"", ""discount_amount"": 0}",2026-08-04 21:34:00
국가기술,두두넷,7530,굴착기운전기능사,고점순,010-5092-8450,F,1931-08-27,서울,2026-11-23,2교시,14500,없음,14500,신용카드,취소,복지관,,,"{""source_receipt"": ""DN2026545905"", ""education"": ""전문대졸"", ""grade"": ""기능사"", ""exam_type"": ""상시CBT"", ""eligibility"": ""비전공자"", ""exam_center"": ""서울2시험장"", ""payment_status"": ""환불"", ""discount_amount"": 0}",2026-08-02 21:50:00
국가기술,두두넷,7530,굴착기운전기능사,신필호,010-2925-5748,M,1944-10-11,충북,2026-10-17,1교시,14500,없음,14500,계좌이체,접수완료,가족보조,,,"{""source_receipt"": ""DN2026005523"", ""education"": ""중학교졸업"", ""grade"": ""기능사"", ""exam_type"": ""상시CBT"", ""eligibility"": ""비전공자"", ""exam_center"": ""청주시험장"", ""payment_status"": ""완료"", ""discount_amount"": 0}",2026-08-09 10:23:00
국가기술,두두넷,2300,전기기능사,곽복순,010-2219-2113,F,1945-09-07,경북,2026-09-15,1교시,14500,없음,14500,계좌이체,접수완료,본인단독,,,"{""source_receipt"": ""DN2026326246"", ""education"": ""고등학교졸업"", ""grade"": ""기능사"", ""exam_type"": ""정기"", ""exam_round"": ""2"", ""eligibility"": ""경력"", ""exam_center"": ""포항시험장"", ""payment_status"": ""완료"", ""discount_amount"": 0}",2026-08-13 16:30:00
국가기술,두두넷,2300,전기기능사,유봉숙,010-4953-7042,F,1964-03-09,제주,2026-10-27,2교시,14500,없음,14500,가상계좌,접수완료,가족보조,,,"{""source_receipt"": ""DN2026107758"", ""education"": ""전문대졸"", ""grade"": ""기능사"", ""exam_type"": ""정기"", ""exam_round"": ""3"", ""eligibility"": ""비전공자"", ""exam_center"": ""제주시험장"", ""payment_status"": ""완료"", ""discount_amount"": 0}",2026-08-03 15:10:00
국가기술,두두넷,7520,지게차운전기능사,차미자,010-2500-1961,F,1929-09-23,서울,2026-09-24,1교시,14500,장애인,7250,가상계좌,접수완료,복지관,,,"{""source_receipt"": ""DN2026200461"", ""education"": ""전문대졸"", ""grade"": ""기능사"", ""exam_type"": ""상시CBT"", ""eligibility"": ""비전공자"", ""exam_center"": ""서울2시험장"", ""payment_status"": ""완료"", ""discount_amount"": 7250}",2026-08-03 17:58:00
국가기술,두두넷,7910,한식조리기능사,송만복,010-3296-8107,M,1961-10-12,세종,2026-11-08,2교시,14500,없음,14500,신용카드,접수완료,가족보조,,,"{""source_receipt"": ""DN2026222769"", ""education"": ""고등학교졸업"", ""grade"": ""기능사"", ""exam_type"": ""상시CBT"", ""eligibility"": ""관련학과졸업"", ""exam_center"": ""세종시험장"", ""payment_status"": ""완료"", ""discount_amount"": 0}",2026-08-18 22:30:00
국가기술,두두넷,2300,전기기능사,권갑수,010-2285-4809,M,1962-01-15,광주,2026-10-12,5교시,14500,국가유공자,7250,신용카드,접수완료,복지관,,,"{""source_receipt"": ""DN2026524577"", ""education"": ""전문대졸"", ""grade"": ""기능사"", ""exam_type"": ""정기"", ""exam_round"": ""1"", ""eligibility"": ""경력"", ""exam_center"": ""광주시험장"", ""payment_status"": ""완료"", ""discount_amount"": 7250}",2026-08-10 19:31:00
국가기술,두두넷,7910,한식조리기능사,송재호,010-7989-1654,M,1955-06-10,부산,2026-10-03,1교시,14500,없음,14500,계좌이체,접수완료,복지관,,,"{""source_receipt"": ""DN2026797268"", ""education"": ""중학교졸업"", ""grade"": ""기능사"", ""exam_type"": ""상시CBT"", ""eligibility"": ""경력"", ""exam_center"": ""부산남부시험장"", ""payment_status"": ""완료"", ""discount_amount"": 0}",2026-08-15 13:04:00
국가기술,두두넷,7530,굴착기운전기능사,정순자,010-7062-2327,F,1941-08-04,강원,2026-11-15,1교시,14500,없음,14500,신용카드,접수완료,복지관,,,"{""source_receipt"": ""DN2026217348"", ""education"": ""고등학교졸업"", ""grade"": ""기능사"", ""exam_type"": ""상시CBT"", ""eligibility"": ""비전공자"", ""exam_center"": ""춘천시험장"", ""payment_status"": ""완료"", ""discount_amount"": 0}",2026-08-17 17:19:00
국가기술,두두넷,7530,굴착기운전기능사,성옥분,010-7964-8840,F,1950-11-03,충북,2026-10-17,2교시,14500,없음,14500,계좌이체,접수완료,본인단독,,,"{""source_receipt"": ""DN2026894685"", ""education"": ""고등학교졸업"", ""grade"": ""기능사"", ""exam_type"": ""상시CBT"", ""eligibility"": ""경력"", ""exam_center"": ""청주시험장"", ""payment_status"": ""완료"", ""discount_amount"": 0}",2026-08-10 15:23:00
국가기술,두두넷,7530,굴착기운전기능사,전필호,010-1048-5648,M,1935-07-08,세종,2026-10-23,3교시,14500,없음,14500,계좌이체,접수완료,가족보조,,,"{""source_receipt"": ""DN2026568509"", ""education"": ""중학교졸업"", ""grade"": ""기능사"", ""exam_type"": ""상시CBT"", ""eligibility"": ""경력"", ""exam_center"": ""세종시험장"", ""payment_status"": ""완료"", ""discount_amount"": 0}",2026-08-16 19:05:00
국가기술,두두넷,7910,한식조리기능사,박영숙,010-4634-3805,F,1931-10-04,충남,2026-09-18,2교시,14500,없음,14500,가상계좌,접수완료,본인단독,,,"{""source_receipt"": ""DN2026014610"", ""education"": ""중학교졸업"", ""grade"": ""기능사"", ""exam_type"": ""상시CBT"", ""eligibility"": ""관련학과졸업"", ""exam_center"": ""천안시험장"", ""payment_status"": ""완료"", ""discount_amount"": 0}",2026-08-18 17:47:00
국가기술,두두넷,7520,지게차운전기능사,고순옥,010-7504-8975,F,1941-09-25,울산,2026-11-13,3교시,14500,없음,14500,계좌이체,접수완료,본인단독,,,"{""source_receipt"": ""DN2026218626"", ""education"": ""대학교졸"", ""grade"": ""기능사"", ""exam_type"": ""상시CBT"", ""eligibility"": ""경력"", ""exam_center"": ""울산시험장"", ""payment_status"": ""완료"", ""discount_amount"": 0}",2026-08-17 15:38:00
국가기술,두두넷,2300,전기기능사,차선옥,010-8100-9897,F,1944-08-19,경남,2026-10-19,1교시,14500,없음,14500,신용카드,접수완료,가족보조,,,"{""source_receipt"": ""DN2026831060"", ""education"": ""고등학교졸업"", ""grade"": ""기능사"", ""exam_type"": ""정기"", ""exam_round"": ""3"", ""eligibility"": ""관련학과졸업"", ""exam_center"": ""창원시험장"", ""payment_status"": ""완료"", ""discount_amount"": 0}",2026-08-18 21:47:00
국가기술,두두넷,7520,지게차운전기능사,임일남,010-7101-2754,M,1939-05-06,대구,2026-10-11,1교시,14500,없음,14500,신용카드,취소,복지관,,,"{""source_receipt"": ""DN2026724749"", ""education"": ""전문대졸"", ""grade"": ""기능사"", ""exam_type"": ""상시CBT"", ""eligibility"": ""관련학과졸업"", ""exam_center"": ""대구시험장"", ""payment_status"": ""환불"", ""discount_amount"": 0}",2026-08-09 13:42:00
국가기술,두두넷,7910,한식조리기능사,유정호,010-6600-8177,M,1964-04-03,제주,2026-11-26,5교시,14500,없음,14500,계좌이체,접수완료,본인단독,,,"{""source_receipt"": ""DN2026853069"", ""education"": ""고등학교졸업"", ""grade"": ""기능사"", ""exam_type"": ""상시CBT"", ""eligibility"": ""비전공자"", ""exam_center"": ""제주시험장"", ""payment_status"": ""완료"", ""discount_amount"": 0}",2026-08-16 10:27:00
국가기술,두두넷,7530,굴착기운전기능사,백만복,010-7650-9988,M,1961-08-22,충북,2026-09-27,5교시,14500,없음,14500,신용카드,접수완료,복지관,,,"{""source_receipt"": ""DN2026546035"", ""education"": ""고등학교졸업"", ""grade"": ""기능사"", ""exam_type"": ""상시CBT"", ""eligibility"": ""비전공자"", ""exam_center"": ""청주시험장"", ""payment_status"": ""완료"", ""discount_amount"": 0}",2026-08-05 20:53:00
국가기술,두두넷,7910,한식조리기능사,고용기,010-7242-4944,M,1964-02-11,인천,2026-11-08,4교시,14500,국가유공자,7250,신용카드,접수완료,가족보조,,,"{""source_receipt"": ""DN2026405134"", ""education"": ""고등학교졸업"", ""grade"": ""기능사"", ""exam_type"": ""상시CBT"", ""eligibility"": ""경력"", ""exam_center"": ""인천시험장"", ""payment_status"": ""완료"", ""discount_amount"": 7250}",2026-08-08 21:31:00
국가기술,두두넷,7520,지게차운전기능사,서경자,010-8734-2179,F,1955-02-10,제주,2026-10-21,5교시,14500,없음,14500,계좌이체,접수완료,복지관,,,"{""source_receipt"": ""DN2026270198"", ""education"": ""고등학교졸업"", ""grade"": ""기능사"", ""exam_type"": ""상시CBT"", ""eligibility"": ""경력"", ""exam_center"": ""제주시험장"", ""payment_status"": ""완료"", ""discount_amount"": 0}",2026-08-01 09:57:00
국가기술,두두넷,2300,전기기능사,차필호,010-8023-3245,M,1955-12-11,대구,2026-09-17,1교시,14500,없음,14500,신용카드,접수완료,본인단독,,,"{""source_receipt"": ""DN2026933777"", ""education"": ""대학교졸"", ""grade"": ""기능사"", ""exam_type"": ""정기"", ""exam_round"": ""1"", ""eligibility"": ""관련학과졸업"", ""exam_center"": ""대구시험장"", ""payment_status"": ""완료"", ""discount_amount"": 0}",2026-08-08 13:45:00
국가기술,두두넷,2300,전기기능사,성두만,010-6516-4933,M,1953-02-26,세종,2026-11-27,3교시,14500,없음,14500,신용카드,접수완료,본인단독,,,"{""source_receipt"": ""DN2026057408"", ""education"": ""고등학교졸업"", ""grade"": ""기능사"", ""exam_type"": ""정기"", ""exam_round"": ""2"", ""eligibility"": ""관련학과졸업"", ""exam_center"": ""세종시험장"", ""payment_status"": ""완료"", ""discount_amount"": 0}",2026-08-08 18:18:00
국가기술,두두넷,7530,굴착기운전기능사,김동석,010-4911-4933,M,1929-01-05,부산,2026-11-08,5교시,14500,없음,14500,가상계좌,접수완료,본인단독,,,"{""source_receipt"": ""DN2026762794"", ""education"": ""고등학교졸업"", ""grade"": ""기능사"", ""exam_type"": ""상시CBT"", ""eligibility"": ""비전공자"", ""exam_center"": ""부산시험장"", ""payment_status"": ""완료"", ""discount_amount"": 0}",2026-08-11 15:09:00
국가기술,두두넷,7910,한식조리기능사,안만수,010-8023-3375,M,1941-01-20,광주,2026-09-19,2교시,14500,없음,14500,가상계좌,접수완료,본인단독,,,"{""source_receipt"": ""DN2026853114"", ""education"": ""대학교졸"", ""grade"": ""기능사"", ""exam_type"": ""상시CBT"", ""eligibility"": ""관련학과졸업"", ""exam_center"": ""광주시험장"", ""payment_status"": ""완료"", ""discount_amount"": 0}",2026-08-09 16:44:00
국가기술,두두넷,2300,전기기능사,조귀순,010-9236-2534,F,1938-10-16,경기,2026-10-18,5교시,14500,없음,14500,신용카드,접수완료,가족보조,,,"{""source_receipt"": ""DN2026662154"", ""education"": ""고등학교졸업"", ""grade"": ""기능사"", ""exam_type"": ""정기"", ""exam_round"": ""1"", ""eligibility"": ""비전공자"", ""exam_center"": ""고양시험장"", ""payment_status"": ""완료"", ""discount_amount"": 0}",2026-08-14 18:00:00
국가기술,두두넷,7910,한식조리기능사,권복순,010-2978-1123,F,1964-05-06,울산,2026-10-22,1교시,14500,없음,14500,신용카드,취소,복지관,,,"{""source_receipt"": ""DN2026764076"", ""education"": ""중학교졸업"", ""grade"": ""기능사"", ""exam_type"": ""상시CBT"", ""eligibility"": ""관련학과졸업"", ""exam_center"": ""울산시험장"", ""payment_status"": ""환불"", ""discount_amount"": 0}",2026-08-17 17:18:00
국가기술,두두넷,7530,굴착기운전기능사,우두만,010-9044-1632,M,1930-06-13,세종,2026-10-01,1교시,14500,국가유공자,7250,신용카드,접수완료,복지관,,,"{""source_receipt"": ""DN2026092496"", ""education"": ""초등학교졸업"", ""grade"": ""기능사"", ""exam_type"": ""상시CBT"", ""eligibility"": ""비전공자"", ""exam_center"": ""세종시험장"", ""payment_status"": ""완료"", ""discount_amount"": 7250}",2026-08-15 13:54:00
국가기술,두두넷,2300,전기기능사,서말순,010-4092-8411,F,1964-11-01,인천,2026-11-08,2교시,14500,없음,14500,신용카드,접수완료,본인단독,,,"{""source_receipt"": ""DN2026603308"", ""education"": ""중학교졸업"", ""grade"": ""기능사"", ""exam_type"": ""정기"", ""exam_round"": ""4"", ""eligibility"": ""경력"", ""exam_center"": ""인천시험장"", ""payment_status"": ""완료"", ""discount_amount"": 0}",2026-08-14 16:44:00
국가기술,두두넷,7530,굴착기운전기능사,노귀순,010-9580-8194,F,1946-11-10,경남,2026-11-26,5교시,14500,없음,14500,계좌이체,접수완료,복지관,,,"{""source_receipt"": ""DN2026194629"", ""education"": ""초등학교졸업"", ""grade"": ""기능사"", ""exam_type"": ""상시CBT"", ""eligibility"": ""관련학과졸업"", ""exam_center"": ""창원시험장"", ""payment_status"": ""완료"", ""discount_amount"": 0}",2026-08-02 22:18:00
국가기술,두두넷,7910,한식조리기능사,권광수,010-1352-2429,M,1949-11-11,광주,2026-09-10,2교시,14500,없음,14500,신용카드,접수완료,본인단독,,,"{""source_receipt"": ""DN2026342666"", ""education"": ""대학원졸"", ""grade"": ""기능사"", ""exam_type"": ""상시CBT"", ""eligibility"": ""경력"", ""exam_center"": ""광주시험장"", ""payment_status"": ""완료"", ""discount_amount"": 0}",2026-08-03 21:29:00
국가기술,두두넷,7520,지게차운전기능사,권철수,010-3014-8713,M,1944-01-14,충남,2026-10-16,5교시,14500,없음,14500,계좌이체,접수완료,가족보조,,,"{""source_receipt"": ""DN2026753827"", ""education"": ""대학원졸"", ""grade"": ""기능사"", ""exam_type"": ""상시CBT"", ""eligibility"": ""경력"", ""exam_center"": ""천안시험장"", ""payment_status"": ""완료"", ""discount_amount"": 0}",2026-08-04 14:51:00
국가기술,두두넷,7910,한식조리기능사,윤영호,010-1451-3059,M,1939-06-15,세종,2026-10-11,1교시,14500,국가유공자,7250,계좌이체,접수완료,본인단독,,,"{""source_receipt"": ""DN2026490680"", ""education"": ""전문대졸"", ""grade"": ""기능사"", ""exam_type"": ""상시CBT"", ""eligibility"": ""비전공자"", ""exam_center"": ""세종시험장"", ""payment_status"": ""완료"", ""discount_amount"": 7250}",2026-08-04 22:26:00
국가기술,두두넷,7520,지게차운전기능사,양정순,010-3789-9801,F,1941-02-07,충북,2026-11-05,4교시,14500,없음,14500,신용카드,접수완료,본인단독,,,"{""source_receipt"": ""DN2026341848"", ""education"": ""전문대졸"", ""grade"": ""기능사"", ""exam_type"": ""상시CBT"", ""eligibility"": ""경력"", ""exam_center"": ""청주시험장"", ""payment_status"": ""완료"", ""discount_amount"": 0}",2026-08-08 09:14:00
국가기술,두두넷,2300,전기기능사,한영호,010-6917-7587,M,1940-09-03,전북,2026-11-18,2교시,14500,없음,14500,가상계좌,접수완료,복지관,,,"{""source_receipt"": ""DN2026308695"", ""education"": ""대학교졸"", ""grade"": ""기능사"", ""exam_type"": ""정기"", ""exam_round"": ""2"", ""eligibility"": ""관련학과졸업"", ""exam_center"": ""전주시험장"", ""payment_status"": ""완료"", ""discount_amount"": 0}",2026-08-04 14:00:00
국가기술,두두넷,7910,한식조리기능사,장순자,010-8643-9003,F,1951-04-21,경남,2026-09-25,5교시,14500,국가유공자,7250,신용카드,접수완료,본인단독,,,"{""source_receipt"": ""DN2026570942"", ""education"": ""고등학교졸업"", ""grade"": ""기능사"", ""exam_type"": ""상시CBT"", ""eligibility"": ""비전공자"", ""exam_center"": ""창원시험장"", ""payment_status"": ""완료"", ""discount_amount"": 7250}",2026-08-03 11:06:00
국가기술,두두넷,7520,지게차운전기능사,정성호,010-8341-1911,M,1943-10-02,세종,2026-09-04,3교시,14500,없음,14500,계좌이체,접수완료,가족보조,,,"{""source_receipt"": ""DN2026816107"", ""education"": ""대학교졸"", ""grade"": ""기능사"", ""exam_type"": ""상시CBT"", ""eligibility"": ""관련학과졸업"", ""exam_center"": ""세종시험장"", ""payment_status"": ""완료"", ""discount_amount"": 0}",2026-08-01 19:08:00
국가기술,두두넷,2300,전기기능사,전동호,010-5190-3550,M,1965-12-03,세종,2026-10-15,5교시,14500,없음,14500,신용카드,취소,복지관,,,"{""source_receipt"": ""DN2026979510"", ""education"": ""전문대졸"", ""grade"": ""기능사"", ""exam_type"": ""정기"", ""exam_round"": ""4"", ""eligibility"": ""관련학과졸업"", ""exam_center"": ""세종시험장"", ""payment_status"": ""환불"", ""discount_amount"": 0}",2026-08-10 10:36:00
국가기술,두두넷,7520,지게차운전기능사,고옥분,010-2523-4138,F,1939-06-12,충남,2026-11-18,5교시,14500,없음,14500,신용카드,접수완료,본인단독,,,"{""source_receipt"": ""DN2026293630"", ""education"": ""중학교졸업"", ""grade"": ""기능사"", ""exam_type"": ""상시CBT"", ""eligibility"": ""경력"", ""exam_center"": ""천안시험장"", ""payment_status"": ""완료"", ""discount_amount"": 0}",2026-08-14 09:08:00
국가기술,두두넷,7530,굴착기운전기능사,우복남,010-2456-2055,M,1948-06-13,경북,2026-10-11,2교시,14500,없음,14500,가상계좌,접수완료,가족보조,,,"{""source_receipt"": ""DN2026043234"", ""education"": ""전문대졸"", ""grade"": ""기능사"", ""exam_type"": ""상시CBT"", ""eligibility"": ""관련학과졸업"", ""exam_center"": ""포항시험장"", ""payment_status"": ""완료"", ""discount_amount"": 0}",2026-08-01 12:53:00
국가기술,두두넷,7520,지게차운전기능사,구철수,010-1085-9808,M,1944-12-04,인천,2026-11-19,2교시,14500,없음,14500,계좌이체,접수완료,복지관,,,"{""source_receipt"": ""DN2026257635"", ""education"": ""대학교졸"", ""grade"": ""기능사"", ""exam_type"": ""상시CBT"", ""eligibility"": ""경력"", ""exam_center"": ""인천시험장"", ""payment_status"": ""완료"", ""discount_amount"": 0}",2026-08-09 18:15:00
국가기술,두두넷,7910,한식조리기능사,홍경자,010-2150-2167,F,1953-11-22,제주,2026-09-12,5교시,14500,기초생활수급자,7250,가상계좌,접수완료,가족보조,,,"{""source_receipt"": ""DN2026748191"", ""education"": ""중학교졸업"", ""grade"": ""기능사"", ""exam_type"": ""상시CBT"", ""eligibility"": ""비전공자"", ""exam_center"": ""제주시험장"", ""payment_status"": ""완료"", ""discount_amount"": 7250}",2026-08-15 09:45:00
국가기술,두두넷,7520,지게차운전기능사,차삼석,010-9038-3385,M,1965-04-13,경북,2026-10-12,3교시,14500,없음,14500,신용카드,접수완료,가족보조,,,"{""source_receipt"": ""DN2026975902"", ""education"": ""고등학교졸업"", ""grade"": ""기능사"", ""exam_type"": ""상시CBT"", ""eligibility"": ""경력"", ""exam_center"": ""포항시험장"", ""payment_status"": ""완료"", ""discount_amount"": 0}",2026-08-06 22:12:00
국가기술,두두넷,7530,굴착기운전기능사,하복남,010-9033-1683,M,1947-08-26,전남,2026-09-05,5교시,14500,없음,14500,계좌이체,접수완료,복지관,,,"{""source_receipt"": ""DN2026063004"", ""education"": ""중학교졸업"", ""grade"": ""기능사"", ""exam_type"": ""상시CBT"", ""eligibility"": ""경력"", ""exam_center"": ""순천시험장"", ""payment_status"": ""완료"", ""discount_amount"": 0}",2026-08-05 11:09:00
국가기술,두두넷,7530,굴착기운전기능사,양정순,010-4808-8255,F,1946-03-05,대전,2026-09-26,1교시,14500,없음,14500,계좌이체,접수완료,본인단독,,,"{""source_receipt"": ""DN2026640231"", ""education"": ""대학원졸"", ""grade"": ""기능사"", ""exam_type"": ""상시CBT"", ""eligibility"": ""관련학과졸업"", ""exam_center"": ""대전시험장"", ""payment_status"": ""완료"", ""discount_amount"": 0}",2026-08-12 18:16:00
국가기술,두두넷,7910,한식조리기능사,황복남,010-3350-4304,M,1944-10-11,부산,2026-10-14,4교시,14500,없음,14500,신용카드,접수완료,본인단독,,,"{""source_receipt"": ""DN2026899340"", ""education"": ""대학교졸"", ""grade"": ""기능사"", ""exam_type"": ""상시CBT"", ""eligibility"": ""비전공자"", ""exam_center"": ""부산남부시험장"", ""payment_status"": ""완료"", ""discount_amount"": 0}",2026-08-07 16:32:00
국가기술,두두넷,7910,한식조리기능사,고계순,010-7243-7607,F,1963-10-16,충남,2026-09-06,2교시,14500,없음,14500,신용카드,접수완료,본인단독,,,"{""source_receipt"": ""DN2026090429"", ""education"": ""고등학교졸업"", ""grade"": ""기능사"", ""exam_type"": ""상시CBT"", ""eligibility"": ""비전공자"", ""exam_center"": ""천안시험장"", ""payment_status"": ""완료"", ""discount_amount"": 0}",2026-08-15 17:50:00
국가기술,두두넷,7910,한식조리기능사,신두만,010-3801-6127,M,1947-05-26,인천,2026-09-18,5교시,14500,장애인,7250,가상계좌,접수완료,본인단독,,,"{""source_receipt"": ""DN2026452274"", ""education"": ""대학교졸"", ""grade"": ""기능사"", ""exam_type"": ""상시CBT"", ""eligibility"": ""비전공자"", ""exam_center"": ""인천시험장"", ""payment_status"": ""완료"", ""discount_amount"": 7250}",2026-08-16 15:39:00
국가기술,두두넷,7910,한식조리기능사,유봉숙,010-8695-5921,F,1952-07-06,충남,2026-09-11,3교시,14500,기초생활수급자,7250,가상계좌,접수완료,본인단독,,,"{""source_receipt"": ""DN2026063113"", ""education"": ""전문대졸"", ""grade"": ""기능사"", ""exam_type"": ""상시CBT"", ""eligibility"": ""관련학과졸업"", ""exam_center"": ""천안시험장"", ""payment_status"": ""완료"", ""discount_amount"": 7250}",2026-08-11 20:53:00
국가기술,두두넷,2300,전기기능사,윤일남,010-6845-6901,M,1938-03-24,충북,2026-10-02,5교시,14500,없음,14500,신용카드,접수완료,가족보조,,,"{""source_receipt"": ""DN2026562059"", ""education"": ""중학교졸업"", ""grade"": ""기능사"", ""exam_type"": ""정기"", ""exam_round"": ""3"", ""eligibility"": ""관련학과졸업"", ""exam_center"": ""청주시험장"", ""payment_status"": ""완료"", ""discount_amount"": 0}",2026-08-04 11:43:00
국가기술,두두넷,7910,한식조리기능사,홍상길,010-2190-7109,M,1961-08-20,대전,2026-11-11,2교시,14500,없음,14500,가상계좌,결제대기,가족보조,,,"{""source_receipt"": ""DN2026673867"", ""education"": ""고등학교졸업"", ""grade"": ""기능사"", ""exam_type"": ""상시CBT"", ""eligibility"": ""비전공자"", ""exam_center"": ""대전시험장"", ""payment_status"": ""대기"", ""discount_amount"": 0}",2026-08-02 17:14:00
국가기술,두두넷,7520,지게차운전기능사,김영수,010-7402-8652,M,1931-09-20,충남,2026-11-16,5교시,14500,없음,14500,계좌이체,접수완료,복지관,,,"{""source_receipt"": ""DN2026684736"", ""education"": ""전문대졸"", ""grade"": ""기능사"", ""exam_type"": ""상시CBT"", ""eligibility"": ""비전공자"", ""exam_center"": ""천안시험장"", ""payment_status"": ""완료"", ""discount_amount"": 0}",2026-08-10 10:04:00
국가기술,두두넷,7910,한식조리기능사,노순옥,010-3949-5742,F,1947-09-17,부산,2026-11-27,5교시,14500,없음,14500,계좌이체,취소,본인단독,,,"{""source_receipt"": ""DN2026297907"", ""education"": ""고등학교졸업"", ""grade"": ""기능사"", ""exam_type"": ""상시CBT"", ""eligibility"": ""비전공자"", ""exam_center"": ""부산남부시험장"", ""payment_status"": ""환불"", ""discount_amount"": 0}",2026-08-06 21:06:00
국가기술,두두넷,2300,전기기능사,곽복순,010-9919-7968,F,1957-04-15,부산,2026-11-10,2교시,14500,없음,14500,계좌이체,취소,본인단독,,,"{""source_receipt"": ""DN2026590127"", ""education"": ""중학교졸업"", ""grade"": ""기능사"", ""exam_type"": ""정기"", ""exam_round"": ""2"", ""eligibility"": ""경력"", ""exam_center"": ""부산시험장"", ""payment_status"": ""환불"", ""discount_amount"": 0}",2026-08-07 11:05:00
국가기술,두두넷,7520,지게차운전기능사,차삼석,010-5968-5850,M,1953-02-22,경기,2026-10-07,3교시,14500,없음,14500,계좌이체,접수완료,복지관,,,"{""source_receipt"": ""DN2026622897"", ""education"": ""고등학교졸업"", ""grade"": ""기능사"", ""exam_type"": ""상시CBT"", ""eligibility"": ""비전공자"", ""exam_center"": ""성남시험장"", ""payment_status"": ""완료"", ""discount_amount"": 0}",2026-08-06 16:35:00
국가기술,두두넷,7530,굴착기운전기능사,신근호,010-8162-8847,M,1957-07-13,경기,2026-11-15,2교시,14500,없음,14500,계좌이체,접수완료,가족보조,,,"{""source_receipt"": ""DN2026776605"", ""education"": ""고등학교졸업"", ""grade"": ""기능사"", ""exam_type"": ""상시CBT"", ""eligibility"": ""경력"", ""exam_center"": ""고양시험장"", ""payment_status"": ""완료"", ""discount_amount"": 0}",2026-08-12 22:26:00
국가기술,두두넷,7910,한식조리기능사,최필순,010-2859-8877,F,1929-02-14,강원,2026-10-18,5교시,14500,없음,14500,신용카드,취소,복지관,,,"{""source_receipt"": ""DN2026803656"", ""education"": ""전문대졸"", ""grade"": ""기능사"", ""exam_type"": ""상시CBT"", ""eligibility"": ""비전공자"", ""exam_center"": ""춘천시험장"", ""payment_status"": ""환불"", ""discount_amount"": 0}",2026-08-07 16:20:00
국가기술,두두넷,7520,지게차운전기능사,박광수,010-3778-1511,M,1958-09-28,경북,2026-10-17,4교시,14500,없음,14500,가상계좌,접수완료,복지관,,,"{""source_receipt"": ""DN2026018685"", ""education"": ""고등학교졸업"", ""grade"": ""기능사"", ""exam_type"": ""상시CBT"", ""eligibility"": ""비전공자"", ""exam_center"": ""포항시험장"", ""payment_status"": ""완료"", ""discount_amount"": 0}",2026-08-06 10:37:00
국가기술,두두넷,7530,굴착기운전기능사,손정순,010-5691-6298,F,1951-04-16,세종,2026-10-23,2교시,14500,없음,14500,계좌이체,접수완료,복지관,,,"{""source_receipt"": ""DN2026223474"", ""education"": ""고등학교졸업"", ""grade"": ""기능사"", ""exam_type"": ""상시CBT"", ""eligibility"": ""비전공자"", ""exam_center"": ""세종시험장"", ""payment_status"": ""완료"", ""discount_amount"": 0}",2026-08-08 10:43:00
국가기술,두두넷,7520,지게차운전기능사,곽종수,010-7117-1133,M,1961-03-22,울산,2026-11-22,2교시,14500,차상위계층,7250,계좌이체,접수완료,가족보조,,,"{""source_receipt"": ""DN2026498386"", ""education"": ""고등학교졸업"", ""grade"": ""기능사"", ""exam_type"": ""상시CBT"", ""eligibility"": ""비전공자"", ""exam_center"": ""울산시험장"", ""payment_status"": ""완료"", ""discount_amount"": 7250}",2026-08-10 20:29:00
국가기술,두두넷,7520,지게차운전기능사,신말자,010-1941-4494,F,1937-04-18,경기,2026-09-04,3교시,14500,없음,14500,계좌이체,결제대기,복지관,,,"{""source_receipt"": ""DN2026778762"", ""education"": ""중학교졸업"", ""grade"": ""기능사"", ""exam_type"": ""상시CBT"", ""eligibility"": ""비전공자"", ""exam_center"": ""성남시험장"", ""payment_status"": ""대기"", ""discount_amount"": 0}",2026-08-19 15:35:00
국가기술,두두넷,7910,한식조리기능사,임원호,010-9152-7243,M,1958-08-16,울산,2026-09-17,2교시,14500,없음,14500,신용카드,접수완료,본인단독,,,"{""source_receipt"": ""DN2026875788"", ""education"": ""중학교졸업"", ""grade"": ""기능사"", ""exam_type"": ""상시CBT"", ""eligibility"": ""관련학과졸업"", ""exam_center"": ""울산시험장"", ""payment_status"": ""완료"", ""discount_amount"": 0}",2026-08-13 17:23:00
국가기술,두두넷,7910,한식조리기능사,박재호,010-7884-9857,M,1965-06-27,경기,2026-09-13,3교시,14500,없음,14500,신용카드,접수완료,복지관,,,"{""source_receipt"": ""DN2026721563"", ""education"": ""고등학교졸업"", ""grade"": ""기능사"", ""exam_type"": ""상시CBT"", ""eligibility"": ""비전공자"", ""exam_center"": ""수원시험장"", ""payment_status"": ""완료"", ""discount_amount"": 0}",2026-08-11 12:09:00
국가기술,두두넷,2300,전기기능사,민순자,010-1989-9987,F,1953-11-06,대구,2026-11-12,2교시,14500,기초생활수급자,7250,신용카드,취소,복지관,,,"{""source_receipt"": ""DN2026433532"", ""education"": ""전문대졸"", ""grade"": ""기능사"", ""exam_type"": ""정기"", ""exam_round"": ""2"", ""eligibility"": ""관련학과졸업"", ""exam_center"": ""대구시험장"", ""payment_status"": ""환불"", ""discount_amount"": 7250}",2026-08-16 10:01:00
국가기술,두두넷,7910,한식조리기능사,허영숙,010-5190-5690,F,1928-01-23,광주,2026-10-15,3교시,14500,차상위계층,7250,계좌이체,접수완료,가족보조,,,"{""source_receipt"": ""DN2026624645"", ""education"": ""고등학교졸업"", ""grade"": ""기능사"", ""exam_type"": ""상시CBT"", ""eligibility"": ""관련학과졸업"", ""exam_center"": ""광주시험장"", ""payment_status"": ""완료"", ""discount_amount"": 7250}",2026-08-04 13:07:00
국가기술,두두넷,7910,한식조리기능사,권영호,010-4998-5546,M,1931-03-25,인천,2026-11-02,2교시,14500,없음,14500,신용카드,취소,가족보조,,,"{""source_receipt"": ""DN2026715866"", ""education"": ""대학교졸"", ""grade"": ""기능사"", ""exam_type"": ""상시CBT"", ""eligibility"": ""경력"", ""exam_center"": ""인천시험장"", ""payment_status"": ""환불"", ""discount_amount"": 0}",2026-08-08 13:52:00
국가기술,두두넷,7910,한식조리기능사,송인순,010-5806-5285,F,1946-10-15,충남,2026-10-22,5교시,14500,없음,14500,가상계좌,접수완료,복지관,,,"{""source_receipt"": ""DN2026444042"", ""education"": ""고등학교졸업"", ""grade"": ""기능사"", ""exam_type"": ""상시CBT"", ""eligibility"": ""관련학과졸업"", ""exam_center"": ""천안시험장"", ""payment_status"": ""완료"", ""discount_amount"": 0}",2026-08-08 20:56:00
국가기술,두두넷,7530,굴착기운전기능사,주복남,010-8260-6803,M,1955-10-21,인천,2026-11-27,1교시,14500,없음,14500,신용카드,접수완료,본인단독,,,"{""source_receipt"": ""DN2026015286"", ""education"": ""고등학교졸업"", ""grade"": ""기능사"", ""exam_type"": ""상시CBT"", ""eligibility"": ""비전공자"", ""exam_center"": ""인천시험장"", ""payment_status"": ""완료"", ""discount_amount"": 0}",2026-08-14 19:47:00
국가기술,두두넷,7910,한식조리기능사,이운순,010-8545-1301,F,1948-09-08,전남,2026-10-13,5교시,14500,없음,14500,계좌이체,접수완료,가족보조,,,"{""source_receipt"": ""DN2026688179"", ""education"": ""고등학교졸업"", ""grade"": ""기능사"", ""exam_type"": ""상시CBT"", ""eligibility"": ""관련학과졸업"", ""exam_center"": ""순천시험장"", ""payment_status"": ""완료"", ""discount_amount"": 0}",2026-08-14 21:15:00
국가기술,두두넷,2300,전기기능사,강영호,010-2614-3722,M,1931-06-10,대전,2026-10-10,2교시,14500,없음,14500,계좌이체,접수완료,복지관,,,"{""source_receipt"": ""DN2026780095"", ""education"": ""고등학교졸업"", ""grade"": ""기능사"", ""exam_type"": ""정기"", ""exam_round"": ""1"", ""eligibility"": ""경력"", ""exam_center"": ""대전시험장"", ""payment_status"": ""완료"", ""discount_amount"": 0}",2026-08-03 19:53:00
국가기술,두두넷,7530,굴착기운전기능사,우말순,010-7927-3739,F,1943-01-27,전남,2026-09-18,3교시,14500,없음,14500,신용카드,접수완료,본인단독,,,"{""source_receipt"": ""DN2026069711"", ""education"": ""중학교졸업"", ""grade"": ""기능사"", ""exam_type"": ""상시CBT"", ""eligibility"": ""관련학과졸업"", ""exam_center"": ""순천시험장"", ""payment_status"": ""완료"", ""discount_amount"": 0}",2026-08-17 18:13:00
국가기술,두두넷,7530,굴착기운전기능사,정만수,010-4186-8840,M,1931-12-20,인천,2026-11-27,3교시,14500,차상위계층,7250,신용카드,결제대기,본인단독,,,"{""source_receipt"": ""DN2026546468"", ""education"": ""대학교졸"", ""grade"": ""기능사"", ""exam_type"": ""상시CBT"", ""eligibility"": ""경력"", ""exam_center"": ""인천시험장"", ""payment_status"": ""대기"", ""discount_amount"": 7250}",2026-08-04 09:17:00
국가기술,두두넷,2300,전기기능사,신정호,010-4953-5380,M,1938-10-18,인천,2026-10-07,3교시,14500,기초생활수급자,7250,신용카드,접수완료,본인단독,,,"{""source_receipt"": ""DN2026797730"", ""education"": ""대학교졸"", ""grade"": ""기능사"", ""exam_type"": ""정기"", ""exam_round"": ""2"", ""eligibility"": ""비전공자"", ""exam_center"": ""인천시험장"", ""payment_status"": ""완료"", ""discount_amount"": 7250}",2026-08-18 12:54:00
국가기술,두두넷,7910,한식조리기능사,신영숙,010-3140-2828,F,1958-09-14,경남,2026-09-04,4교시,14500,기초생활수급자,7250,계좌이체,접수완료,본인단독,,,"{""source_receipt"": ""DN2026272819"", ""education"": ""대학교졸"", ""grade"": ""기능사"", ""exam_type"": ""상시CBT"", ""eligibility"": ""비전공자"", ""exam_center"": ""창원시험장"", ""payment_status"": ""완료"", ""discount_amount"": 7250}",2026-08-15 10:55:00
국가기술,두두넷,7910,한식조리기능사,안영호,010-3637-2938,M,1965-02-26,충북,2026-09-23,4교시,14500,없음,14500,계좌이체,접수완료,본인단독,,,"{""source_receipt"": ""DN2026918150"", ""education"": ""전문대졸"", ""grade"": ""기능사"", ""exam_type"": ""상시CBT"", ""eligibility"": ""관련학과졸업"", ""exam_center"": ""청주시험장"", ""payment_status"": ""완료"", ""discount_amount"": 0}",2026-08-10 12:27:00
국가기술,두두넷,7910,한식조리기능사,안만수,010-6743-5714,M,1935-10-28,대구,2026-11-27,1교시,14500,없음,14500,계좌이체,결제대기,본인단독,,,"{""source_receipt"": ""DN2026810993"", ""education"": ""대학원졸"", ""grade"": ""기능사"", ""exam_type"": ""상시CBT"", ""eligibility"": ""경력"", ""exam_center"": ""대구시험장"", ""payment_status"": ""대기"", ""discount_amount"": 0}",2026-08-14 15:13:00
국가기술,두두넷,7520,지게차운전기능사,손갑수,010-4176-1620,M,1951-12-17,광주,2026-09-26,2교시,14500,없음,14500,계좌이체,접수완료,복지관,,,"{""source_receipt"": ""DN2026040758"", ""education"": ""전문대졸"", ""grade"": ""기능사"", ""exam_type"": ""상시CBT"", ""eligibility"": ""비전공자"", ""exam_center"": ""광주시험장"", ""payment_status"": ""완료"", ""discount_amount"": 0}",2026-08-02 17:20:00
국가기술,두두넷,7520,지게차운전기능사,전말순,010-4043-1979,F,1946-01-17,서울,2026-09-15,3교시,14500,기초생활수급자,7250,계좌이체,접수완료,본인단독,,,"{""source_receipt"": ""DN2026777533"", ""education"": ""대학교졸"", ""grade"": ""기능사"", ""exam_type"": ""상시CBT"", ""eligibility"": ""경력"", ""exam_center"": ""서울남부시험장"", ""payment_status"": ""완료"", ""discount_amount"": 7250}",2026-08-12 12:35:00
국가기술,두두넷,7520,지게차운전기능사,곽정순,010-6034-4876,F,1966-12-19,경기,2026-11-08,3교시,14500,차상위계층,7250,계좌이체,접수완료,복지관,,,"{""source_receipt"": ""DN2026935207"", ""education"": ""대학원졸"", ""grade"": ""기능사"", ""exam_type"": ""상시CBT"", ""eligibility"": ""경력"", ""exam_center"": ""성남시험장"", ""payment_status"": ""완료"", ""discount_amount"": 7250}",2026-08-05 11:15:00
국가기술,두두넷,7530,굴착기운전기능사,구계순,010-7136-5934,F,1965-07-04,전남,2026-09-07,4교시,14500,없음,14500,신용카드,접수완료,복지관,,,"{""source_receipt"": ""DN2026012622"", ""education"": ""고등학교졸업"", ""grade"": ""기능사"", ""exam_type"": ""상시CBT"", ""eligibility"": ""비전공자"", ""exam_center"": ""순천시험장"", ""payment_status"": ""완료"", ""discount_amount"": 0}",2026-08-01 22:41:00
국가기술,두두넷,7520,지게차운전기능사,한상원,010-9337-5488,M,1954-02-27,전남,2026-10-12,4교시,14500,없음,14500,신용카드,접수완료,가족보조,,,"{""source_receipt"": ""DN2026343370"", ""education"": ""대학교졸"", ""grade"": ""기능사"", ""exam_type"": ""상시CBT"", ""eligibility"": ""비전공자"", ""exam_center"": ""순천시험장"", ""payment_status"": ""완료"", ""discount_amount"": 0}",2026-08-19 17:56:00
국가기술,두두넷,7910,한식조리기능사,서춘희,010-9508-8191,F,1945-10-01,부산,2026-09-24,4교시,14500,없음,14500,계좌이체,접수완료,본인단독,,,"{""source_receipt"": ""DN2026509314"", ""education"": ""대학교졸"", ""grade"": ""기능사"", ""exam_type"": ""상시CBT"", ""eligibility"": ""경력"", ""exam_center"": ""부산남부시험장"", ""payment_status"": ""완료"", ""discount_amount"": 0}",2026-08-05 17:24:00
국가기술,두두넷,7530,굴착기운전기능사,노갑순,010-7787-1798,F,1937-11-07,서울,2026-10-05,2교시,14500,없음,14500,가상계좌,접수완료,본인단독,,,"{""source_receipt"": ""DN2026229159"", ""education"": ""고등학교졸업"", ""grade"": ""기능사"", ""exam_type"": ""상시CBT"", ""eligibility"": ""비전공자"", ""exam_center"": ""서울남부시험장"", ""payment_status"": ""완료"", ""discount_amount"": 0}",2026-08-04 15:58:00
국가기술,두두넷,7530,굴착기운전기능사,허원호,010-6072-1660,M,1947-05-14,인천,2026-09-23,1교시,14500,없음,14500,신용카드,접수완료,복지관,,,"{""source_receipt"": ""DN2026274444"", ""education"": ""고등학교졸업"", ""grade"": ""기능사"", ""exam_type"": ""상시CBT"", ""eligibility"": ""비전공자"", ""exam_center"": ""인천시험장"", ""payment_status"": ""완료"", ""discount_amount"": 0}",2026-08-17 15:45:00
국가기술,두두넷,7520,지게차운전기능사,최근호,010-4601-6406,M,1951-03-28,충북,2026-11-14,5교시,14500,국가유공자,7250,신용카드,접수완료,가족보조,,,"{""source_receipt"": ""DN2026947412"", ""education"": ""초등학교졸업"", ""grade"": ""기능사"", ""exam_type"": ""상시CBT"", ""eligibility"": ""경력"", ""exam_center"": ""청주시험장"", ""payment_status"": ""완료"", ""discount_amount"": 7250}",2026-08-18 20:11:00
국가기술,두두넷,2300,전기기능사,오일남,010-6105-4793,M,1928-01-10,대전,2026-11-03,3교시,14500,없음,14500,계좌이체,취소,본인단독,,,"{""source_receipt"": ""DN2026478464"", ""education"": ""전문대졸"", ""grade"": ""기능사"", ""exam_type"": ""정기"", ""exam_round"": ""3"", ""eligibility"": ""관련학과졸업"", ""exam_center"": ""대전시험장"", ""payment_status"": ""환불"", ""discount_amount"": 0}",2026-08-06 14:16:00
국가기술,두두넷,7520,지게차운전기능사,황영숙,010-6279-1515,F,1929-08-03,울산,2026-10-12,4교시,14500,없음,14500,계좌이체,결제대기,본인단독,,,"{""source_receipt"": ""DN2026395305"", ""education"": ""전문대졸"", ""grade"": ""기능사"", ""exam_type"": ""상시CBT"", ""eligibility"": ""관련학과졸업"", ""exam_center"": ""울산시험장"", ""payment_status"": ""대기"", ""discount_amount"": 0}",2026-08-14 17:17:00
국가기술,두두넷,7520,지게차운전기능사,양동호,010-3029-1477,M,1958-06-19,경남,2026-11-04,2교시,14500,국가유공자,7250,신용카드,접수완료,복지관,,,"{""source_receipt"": ""DN2026800331"", ""education"": ""고등학교졸업"", ""grade"": ""기능사"", ""exam_type"": ""상시CBT"", ""eligibility"": ""경력"", ""exam_center"": ""창원시험장"", ""payment_status"": ""완료"", ""discount_amount"": 7250}",2026-08-08 15:44:00
국가기술,두두넷,7910,한식조리기능사,하영자,010-4303-7790,F,1928-03-11,경기,2026-09-20,1교시,14500,없음,14500,계좌이체,접수완료,가족보조,,,"{""source_receipt"": ""DN2026229901"", ""education"": ""전문대졸"", ""grade"": ""기능사"", ""exam_type"": ""상시CBT"", ""eligibility"": ""관련학과졸업"", ""exam_center"": ""고양시험장"", ""payment_status"": ""완료"", ""discount_amount"": 0}",2026-08-14 18:51:00
국가기술,두두넷,7910,한식조리기능사,조춘희,010-6627-9993,F,1962-08-24,대구,2026-09-16,4교시,14500,없음,14500,신용카드,접수완료,가족보조,,,"{""source_receipt"": ""DN2026427201"", ""education"": ""고등학교졸업"", ""grade"": ""기능사"", ""exam_type"": ""상시CBT"", ""eligibility"": ""관련학과졸업"", ""exam_center"": ""대구시험장"", ""payment_status"": ""완료"", ""discount_amount"": 0}",2026-08-14 17:41:00
국가기술,두두넷,2300,전기기능사,차필호,010-4222-9970,M,1958-07-13,부산,2026-11-22,4교시,14500,기초생활수급자,7250,가상계좌,접수완료,가족보조,,,"{""source_receipt"": ""DN2026015982"", ""education"": ""고등학교졸업"", ""grade"": ""기능사"", ""exam_type"": ""정기"", ""exam_round"": ""2"", ""eligibility"": ""비전공자"", ""exam_center"": ""부산남부시험장"", ""payment_status"": ""완료"", ""discount_amount"": 7250}",2026-08-15 21:43:00
국가기술,두두넷,7520,지게차운전기능사,홍옥희,010-1920-6426,F,1931-01-20,대전,2026-10-22,4교시,14500,없음,14500,계좌이체,접수완료,복지관,,,"{""source_receipt"": ""DN2026396106"", ""education"": ""대학원졸"", ""grade"": ""기능사"", ""exam_type"": ""상시CBT"", ""eligibility"": ""관련학과졸업"", ""exam_center"": ""대전시험장"", ""payment_status"": ""완료"", ""discount_amount"": 0}",2026-08-01 16:31:00
국가기술,두두넷,7910,한식조리기능사,류말자,010-2730-3221,F,1932-10-16,제주,2026-09-06,4교시,14500,없음,14500,가상계좌,접수완료,복지관,,,"{""source_receipt"": ""DN2026916711"", ""education"": ""전문대졸"", ""grade"": ""기능사"", ""exam_type"": ""상시CBT"", ""eligibility"": ""경력"", ""exam_center"": ""제주시험장"", ""payment_status"": ""완료"", ""discount_amount"": 0}",2026-08-19 17:49:00
국가기술,두두넷,7530,굴착기운전기능사,남말순,010-4802-9391,F,1963-09-21,세종,2026-09-06,5교시,14500,없음,14500,신용카드,접수완료,가족보조,,,"{""source_receipt"": ""DN2026765921"", ""education"": ""초등학교졸업"", ""grade"": ""기능사"", ""exam_type"": ""상시CBT"", ""eligibility"": ""비전공자"", ""exam_center"": ""세종시험장"", ""payment_status"": ""완료"", ""discount_amount"": 0}",2026-08-09 12:45:00
국가기술,두두넷,7910,한식조리기능사,최선옥,010-1666-9311,F,1948-01-07,부산,2026-11-25,1교시,14500,없음,14500,신용카드,접수완료,본인단독,,,"{""source_receipt"": ""DN2026761803"", ""education"": ""전문대졸"", ""grade"": ""기능사"", ""exam_type"": ""상시CBT"", ""eligibility"": ""관련학과졸업"", ""exam_center"": ""부산남부시험장"", ""payment_status"": ""완료"", ""discount_amount"": 0}",2026-08-15 15:36:00
국가기술,두두넷,7520,지게차운전기능사,노정순,010-3446-7295,F,1948-09-03,서울,2026-09-10,5교시,14500,없음,14500,계좌이체,취소,가족보조,,,"{""source_receipt"": ""DN2026248955"", ""education"": ""고등학교졸업"", ""grade"": ""기능사"", ""exam_type"": ""상시CBT"", ""eligibility"": ""비전공자"", ""exam_center"": ""서울2시험장"", ""payment_status"": ""환불"", ""discount_amount"": 0}",2026-08-09 17:16:00
국가기술,두두넷,7530,굴착기운전기능사,백철수,010-9854-7324,M,1950-08-11,강원,2026-09-12,5교시,14500,없음,14500,가상계좌,접수완료,가족보조,,,"{""source_receipt"": ""DN2026316208"", ""education"": ""전문대졸"", ""grade"": ""기능사"", ""exam_type"": ""상시CBT"", ""eligibility"": ""관련학과졸업"", ""exam_center"": ""춘천시험장"", ""payment_status"": ""완료"", ""discount_amount"": 0}",2026-08-10 22:46:00
국가기술,두두넷,7910,한식조리기능사,강복남,010-4303-9001,M,1949-03-11,울산,2026-10-20,3교시,14500,없음,14500,계좌이체,접수완료,가족보조,,,"{""source_receipt"": ""DN2026313251"", ""education"": ""대학교졸"", ""grade"": ""기능사"", ""exam_type"": ""상시CBT"", ""eligibility"": ""관련학과졸업"", ""exam_center"": ""울산시험장"", ""payment_status"": ""완료"", ""discount_amount"": 0}",2026-08-07 12:42:00
국가기술,두두넷,7520,지게차운전기능사,임영호,010-3708-9777,M,1954-12-16,대전,2026-09-26,1교시,14500,없음,14500,신용카드,접수완료,복지관,,,"{""source_receipt"": ""DN2026465716"", ""education"": ""전문대졸"", ""grade"": ""기능사"", ""exam_type"": ""상시CBT"", ""eligibility"": ""비전공자"", ""exam_center"": ""대전시험장"", ""payment_status"": ""완료"", ""discount_amount"": 0}",2026-08-13 19:27:00
국가기술,두두넷,7520,지게차운전기능사,허경자,010-7450-8079,F,1966-01-22,대구,2026-10-13,5교시,14500,없음,14500,계좌이체,접수완료,본인단독,,,"{""source_receipt"": ""DN2026748070"", ""education"": ""대학교졸"", ""grade"": ""기능사"", ""exam_type"": ""상시CBT"", ""eligibility"": ""비전공자"", ""exam_center"": ""대구시험장"", ""payment_status"": ""완료"", ""discount_amount"": 0}",2026-08-18 18:18:00
국가기술,두두넷,7910,한식조리기능사,이영자,010-6902-3094,F,1930-04-08,광주,2026-09-18,5교시,14500,없음,14500,신용카드,접수완료,가족보조,,,"{""source_receipt"": ""DN2026627322"", ""education"": ""고등학교졸업"", ""grade"": ""기능사"", ""exam_type"": ""상시CBT"", ""eligibility"": ""관련학과졸업"", ""exam_center"": ""광주시험장"", ""payment_status"": ""완료"", ""discount_amount"": 0}",2026-08-15 12:48:00
국가기술,두두넷,7530,굴착기운전기능사,한종수,010-4900-1925,M,1930-07-05,전남,2026-11-15,4교시,14500,없음,14500,가상계좌,접수완료,복지관,,,"{""source_receipt"": ""DN2026201592"", ""education"": ""중학교졸업"", ""grade"": ""기능사"", ""exam_type"": ""상시CBT"", ""eligibility"": ""비전공자"", ""exam_center"": ""순천시험장"", ""payment_status"": ""완료"", ""discount_amount"": 0}",2026-08-05 19:17:00
국가기술,두두넷,7910,한식조리기능사,정귀순,010-9163-6648,F,1931-06-18,대전,2026-10-28,2교시,14500,없음,14500,신용카드,접수완료,가족보조,,,"{""source_receipt"": ""DN2026066079"", ""education"": ""무학"", ""grade"": ""기능사"", ""exam_type"": ""상시CBT"", ""eligibility"": ""비전공자"", ""exam_center"": ""대전시험장"", ""payment_status"": ""완료"", ""discount_amount"": 0}",2026-08-13 14:35:00
국가기술,두두넷,7530,굴착기운전기능사,정병수,010-1331-9633,M,1960-05-04,경남,2026-11-28,1교시,14500,없음,14500,가상계좌,취소,복지관,,,"{""source_receipt"": ""DN2026381254"", ""education"": ""중학교졸업"", ""grade"": ""기능사"", ""exam_type"": ""상시CBT"", ""eligibility"": ""경력"", ""exam_center"": ""창원시험장"", ""payment_status"": ""환불"", ""discount_amount"": 0}",2026-08-08 17:04:00
국가기술,두두넷,7520,지게차운전기능사,박말순,010-1196-7123,F,1959-10-24,제주,2026-11-22,5교시,14500,없음,14500,신용카드,접수완료,복지관,,,"{""source_receipt"": ""DN2026375349"", ""education"": ""고등학교졸업"", ""grade"": ""기능사"", ""exam_type"": ""상시CBT"", ""eligibility"": ""경력"", ""exam_center"": ""제주시험장"", ""payment_status"": ""완료"", ""discount_amount"": 0}",2026-08-07 16:45:00
국가기술,두두넷,2300,전기기능사,이용기,010-8279-8269,M,1951-10-26,강원,2026-09-08,2교시,14500,없음,14500,계좌이체,접수완료,복지관,,,"{""source_receipt"": ""DN2026194466"", ""education"": ""고등학교졸업"", ""grade"": ""기능사"", ""exam_type"": ""정기"", ""exam_round"": ""3"", ""eligibility"": ""비전공자"", ""exam_center"": ""춘천시험장"", ""payment_status"": ""완료"", ""discount_amount"": 0}",2026-08-04 15:20:00
국가기술,두두넷,7910,한식조리기능사,권정순,010-6057-9037,F,1943-06-03,경기,2026-11-21,2교시,14500,없음,14500,계좌이체,취소,가족보조,,,"{""source_receipt"": ""DN2026864433"", ""education"": ""고등학교졸업"", ""grade"": ""기능사"", ""exam_type"": ""상시CBT"", ""eligibility"": ""관련학과졸업"", ""exam_center"": ""수원시험장"", ""payment_status"": ""환불"", ""discount_amount"": 0}",2026-08-18 17:58:00
국가기술,두두넷,7520,지게차운전기능사,허갑순,010-4498-7501,F,1952-07-25,경북,2026-10-22,1교시,14500,장애인,7250,신용카드,접수완료,복지관,,,"{""source_receipt"": ""DN2026860250"", ""education"": ""고등학교졸업"", ""grade"": ""기능사"", ""exam_type"": ""상시CBT"", ""eligibility"": ""경력"", ""exam_center"": ""포항시험장"", ""payment_status"": ""완료"", ""discount_amount"": 7250}",2026-08-07 18:08:00
국가기술,두두넷,7520,지게차운전기능사,정두만,010-1575-6311,M,1956-11-27,광주,2026-11-08,5교시,14500,없음,14500,신용카드,접수완료,본인단독,,,"{""source_receipt"": ""DN2026080867"", ""education"": ""중학교졸업"", ""grade"": ""기능사"", ""exam_type"": ""상시CBT"", ""eligibility"": ""관련학과졸업"", ""exam_center"": ""광주시험장"", ""payment_status"": ""완료"", ""discount_amount"": 0}",2026-08-19 13:10:00
국가기술,두두넷,7520,지게차운전기능사,고두만,010-3927-3128,M,1942-11-01,광주,2026-10-27,2교시,14500,장애인,7250,신용카드,접수완료,가족보조,,,"{""source_receipt"": ""DN2026488372"", ""education"": ""고등학교졸업"", ""grade"": ""기능사"", ""exam_type"": ""상시CBT"", ""eligibility"": ""관련학과졸업"", ""exam_center"": ""광주시험장"", ""payment_status"": ""완료"", ""discount_amount"": 7250}",2026-08-06 15:30:00
국가기술,두두넷,7910,한식조리기능사,신동호,010-9362-2225,M,1962-03-08,세종,2026-10-23,5교시,14500,없음,14500,계좌이체,접수완료,가족보조,,,"{""source_receipt"": ""DN2026131017"", ""education"": ""대학교졸"", ""grade"": ""기능사"", ""exam_type"": ""상시CBT"", ""eligibility"": ""비전공자"", ""exam_center"": ""세종시험장"", ""payment_status"": ""완료"", ""discount_amount"": 0}",2026-08-03 09:48:00
국가기술,두두넷,7520,지게차운전기능사,권영숙,010-4354-3964,F,1935-05-03,대구,2026-10-10,4교시,14500,없음,14500,신용카드,접수완료,본인단독,,,"{""source_receipt"": ""DN2026960554"", ""education"": ""고등학교졸업"", ""grade"": ""기능사"", ""exam_type"": ""상시CBT"", ""eligibility"": ""관련학과졸업"", ""exam_center"": ""대구시험장"", ""payment_status"": ""완료"", ""discount_amount"": 0}",2026-08-12 15:08:00
국가기술,두두넷,7520,지게차운전기능사,황상원,010-5830-8834,M,1960-02-12,세종,2026-11-21,3교시,14500,없음,14500,신용카드,접수완료,가족보조,,,"{""source_receipt"": ""DN2026128755"", ""education"": ""중학교졸업"", ""grade"": ""기능사"", ""exam_type"": ""상시CBT"", ""eligibility"": ""비전공자"", ""exam_center"": ""세종시험장"", ""payment_status"": ""완료"", ""discount_amount"": 0}",2026-08-17 22:30:00
국가기술,두두넷,2300,전기기능사,양상원,010-8599-6720,M,1946-07-01,경기,2026-11-04,5교시,14500,없음,14500,계좌이체,접수완료,가족보조,,,"{""source_receipt"": ""DN2026085148"", ""education"": ""고등학교졸업"", ""grade"": ""기능사"", ""exam_type"": ""정기"", ""exam_round"": ""3"", ""eligibility"": ""비전공자"", ""exam_center"": ""고양시험장"", ""payment_status"": ""완료"", ""discount_amount"": 0}",2026-08-03 16:21:00
국가기술,두두넷,7520,지게차운전기능사,윤필순,010-8004-9450,F,1964-11-27,전북,2026-10-07,2교시,14500,없음,14500,계좌이체,접수완료,본인단독,,,"{""source_receipt"": ""DN2026096137"", ""education"": ""고등학교졸업"", ""grade"": ""기능사"", ""exam_type"": ""상시CBT"", ""eligibility"": ""비전공자"", ""exam_center"": ""전주시험장"", ""payment_status"": ""완료"", ""discount_amount"": 0}",2026-08-16 20:19:00
국가기술,두두넷,7520,지게차운전기능사,구병수,010-6870-9054,M,1955-06-02,전북,2026-09-05,2교시,14500,없음,14500,신용카드,접수완료,복지관,,,"{""source_receipt"": ""DN2026733172"", ""education"": ""고등학교졸업"", ""grade"": ""기능사"", ""exam_type"": ""상시CBT"", ""eligibility"": ""비전공자"", ""exam_center"": ""전주시험장"", ""payment_status"": ""완료"", ""discount_amount"": 0}",2026-08-07 17:40:00
국가기술,두두넷,7520,지게차운전기능사,임명자,010-3041-8529,F,1942-01-06,제주,2026-11-24,1교시,14500,없음,14500,신용카드,접수완료,복지관,,,"{""source_receipt"": ""DN2026578502"", ""education"": ""전문대졸"", ""grade"": ""기능사"", ""exam_type"": ""상시CBT"", ""eligibility"": ""경력"", ""exam_center"": ""제주시험장"", ""payment_status"": ""완료"", ""discount_amount"": 0}",2026-08-03 21:29:00
국가기술,두두넷,7910,한식조리기능사,하옥희,010-1267-1232,F,1944-09-16,경기,2026-09-13,2교시,14500,장애인,7250,계좌이체,접수완료,가족보조,,,"{""source_receipt"": ""DN2026100359"", ""education"": ""고등학교졸업"", ""grade"": ""기능사"", ""exam_type"": ""상시CBT"", ""eligibility"": ""비전공자"", ""exam_center"": ""성남시험장"", ""payment_status"": ""완료"", ""discount_amount"": 7250}",2026-08-10 14:27:00
국가기술,두두넷,7520,지게차운전기능사,류태호,010-4655-7103,M,1965-08-18,세종,2026-10-24,2교시,14500,기초생활수급자,7250,신용카드,접수완료,가족보조,,,"{""source_receipt"": ""DN2026440990"", ""education"": ""전문대졸"", ""grade"": ""기능사"", ""exam_type"": ""상시CBT"", ""eligibility"": ""비전공자"", ""exam_center"": ""세종시험장"", ""payment_status"": ""완료"", ""discount_amount"": 7250}",2026-08-18 22:53:00
국가기술,두두넷,2300,전기기능사,정동석,010-2134-2772,M,1929-10-13,광주,2026-09-21,4교시,14500,없음,14500,신용카드,결제대기,가족보조,,,"{""source_receipt"": ""DN2026363437"", ""education"": ""고등학교졸업"", ""grade"": ""기능사"", ""exam_type"": ""정기"", ""exam_round"": ""2"", ""eligibility"": ""비전공자"", ""exam_center"": ""광주시험장"", ""payment_status"": ""대기"", ""discount_amount"": 0}",2026-08-17 09:40:00
국가기술,두두넷,7520,지게차운전기능사,오상길,010-3896-5626,M,1950-10-14,전북,2026-09-17,2교시,14500,없음,14500,계좌이체,접수완료,본인단독,,,"{""source_receipt"": ""DN2026600693"", ""education"": ""대학교졸"", ""grade"": ""기능사"", ""exam_type"": ""상시CBT"", ""eligibility"": ""경력"", ""exam_center"": ""전주시험장"", ""payment_status"": ""완료"", ""discount_amount"": 0}",2026-08-04 21:31:00
국가기술,두두넷,7530,굴착기운전기능사,남영호,010-4623-9188,M,1940-10-28,충북,2026-11-04,3교시,14500,기초생활수급자,7250,신용카드,접수완료,가족보조,,,"{""source_receipt"": ""DN2026928182"", ""education"": ""전문대졸"", ""grade"": ""기능사"", ""exam_type"": ""상시CBT"", ""eligibility"": ""관련학과졸업"", ""exam_center"": ""청주시험장"", ""payment_status"": ""완료"", ""discount_amount"": 7250}",2026-08-17 21:15:00
국가기술,두두넷,2300,전기기능사,성말순,010-8858-3917,F,1933-05-15,전북,2026-10-02,1교시,14500,없음,14500,신용카드,접수완료,복지관,,,"{""source_receipt"": ""DN2026843400"", ""education"": ""전문대졸"", ""grade"": ""기능사"", ""exam_type"": ""정기"", ""exam_round"": ""2"", ""eligibility"": ""경력"", ""exam_center"": ""전주시험장"", ""payment_status"": ""완료"", ""discount_amount"": 0}",2026-08-09 18:02:00
국가기술,두두넷,7530,굴착기운전기능사,노말자,010-9944-2732,F,1954-12-07,서울,2026-11-05,4교시,14500,없음,14500,신용카드,접수완료,가족보조,,,"{""source_receipt"": ""DN2026494241"", ""education"": ""중학교졸업"", ""grade"": ""기능사"", ""exam_type"": ""상시CBT"", ""eligibility"": ""경력"", ""exam_center"": ""서울1시험장"", ""payment_status"": ""완료"", ""discount_amount"": 0}",2026-08-12 11:00:00
국가기술,두두넷,7910,한식조리기능사,박병수,010-7973-1443,M,1960-12-18,부산,2026-09-06,3교시,14500,기초생활수급자,7250,계좌이체,접수완료,본인단독,,,"{""source_receipt"": ""DN2026075629"", ""education"": ""중학교졸업"", ""grade"": ""기능사"", ""exam_type"": ""상시CBT"", ""eligibility"": ""비전공자"", ""exam_center"": ""부산시험장"", ""payment_status"": ""완료"", ""discount_amount"": 7250}",2026-08-07 22:18:00
국가기술,두두넷,7910,한식조리기능사,강명자,010-3730-5751,F,1950-04-22,전남,2026-10-10,1교시,14500,없음,14500,신용카드,접수완료,복지관,,,"{""source_receipt"": ""DN2026026465"", ""education"": ""초등학교졸업"", ""grade"": ""기능사"", ""exam_type"": ""상시CBT"", ""eligibility"": ""비전공자"", ""exam_center"": ""순천시험장"", ""payment_status"": ""완료"", ""discount_amount"": 0}",2026-08-09 18:44:00
국가기술,두두넷,2300,전기기능사,임영수,010-7559-3533,M,1937-09-21,인천,2026-09-15,5교시,14500,없음,14500,가상계좌,접수완료,복지관,,,"{""source_receipt"": ""DN2026756015"", ""education"": ""전문대졸"", ""grade"": ""기능사"", ""exam_type"": ""정기"", ""exam_round"": ""3"", ""eligibility"": ""관련학과졸업"", ""exam_center"": ""인천시험장"", ""payment_status"": ""완료"", ""discount_amount"": 0}",2026-08-16 22:49:00
국가기술,두두넷,7910,한식조리기능사,전점순,010-7310-6228,F,1945-01-20,강원,2026-09-12,2교시,14500,없음,14500,신용카드,접수완료,복지관,,,"{""source_receipt"": ""DN2026652796"", ""education"": ""중학교졸업"", ""grade"": ""기능사"", ""exam_type"": ""상시CBT"", ""eligibility"": ""비전공자"", ""exam_center"": ""춘천시험장"", ""payment_status"": ""완료"", ""discount_amount"": 0}",2026-08-18 18:31:00
국가기술,두두넷,2300,전기기능사,윤동호,010-3600-1677,M,1962-06-18,부산,2026-11-12,3교시,14500,없음,14500,신용카드,접수완료,복지관,,,"{""source_receipt"": ""DN2026340151"", ""education"": ""전문대졸"", ""grade"": ""기능사"", ""exam_type"": ""정기"", ""exam_round"": ""1"", ""eligibility"": ""관련학과졸업"", ""exam_center"": ""부산시험장"", ""payment_status"": ""완료"", ""discount_amount"": 0}",2026-08-07 17:39:00
국가기술,두두넷,7530,굴착기운전기능사,백용기,010-4371-8223,M,1937-02-02,충남,2026-11-26,3교시,14500,없음,14500,신용카드,접수완료,복지관,,,"{""source_receipt"": ""DN2026964716"", ""education"": ""전문대졸"", ""grade"": ""기능사"", ""exam_type"": ""상시CBT"", ""eligibility"": ""경력"", ""exam_center"": ""천안시험장"", ""payment_status"": ""완료"", ""discount_amount"": 0}",2026-08-16 18:25:00
국가기술,두두넷,7910,한식조리기능사,남경자,010-1012-3090,F,1950-06-25,경기,2026-09-11,2교시,14500,없음,14500,신용카드,접수완료,가족보조,,,"{""source_receipt"": ""DN2026723770"", ""education"": ""전문대졸"", ""grade"": ""기능사"", ""exam_type"": ""상시CBT"", ""eligibility"": ""비전공자"", ""exam_center"": ""성남시험장"", ""payment_status"": ""완료"", ""discount_amount"": 0}",2026-08-01 10:23:00
국가기술,두두넷,2300,전기기능사,성상길,010-2624-7283,M,1934-01-09,전남,2026-11-16,3교시,14500,없음,14500,신용카드,접수완료,본인단독,,,"{""source_receipt"": ""DN2026253429"", ""education"": ""대학교졸"", ""grade"": ""기능사"", ""exam_type"": ""정기"", ""exam_round"": ""4"", ""eligibility"": ""비전공자"", ""exam_center"": ""순천시험장"", ""payment_status"": ""완료"", ""discount_amount"": 0}",2026-08-08 17:01:00
국가기술,두두넷,7530,굴착기운전기능사,임성호,010-3796-5378,M,1936-06-11,제주,2026-11-24,5교시,14500,차상위계층,7250,신용카드,접수완료,복지관,,,"{""source_receipt"": ""DN2026475832"", ""education"": ""대학원졸"", ""grade"": ""기능사"", ""exam_type"": ""상시CBT"", ""eligibility"": ""관련학과졸업"", ""exam_center"": ""제주시험장"", ""payment_status"": ""완료"", ""discount_amount"": 7250}",2026-08-11 09:40:00
국가기술,두두넷,7910,한식조리기능사,문철수,010-8887-2757,M,1937-09-23,충북,2026-09-13,4교시,14500,없음,14500,신용카드,접수완료,복지관,,,"{""source_receipt"": ""DN2026459977"", ""education"": ""고등학교졸업"", ""grade"": ""기능사"", ""exam_type"": ""상시CBT"", ""eligibility"": ""관련학과졸업"", ""exam_center"": ""청주시험장"", ""payment_status"": ""완료"", ""discount_amount"": 0}",2026-08-07 15:19:00
국가기술,두두넷,2300,전기기능사,한재호,010-6341-1185,M,1950-01-16,강원,2026-10-04,4교시,14500,없음,14500,신용카드,접수완료,가족보조,,,"{""source_receipt"": ""DN2026299479"", ""education"": ""고등학교졸업"", ""grade"": ""기능사"", ""exam_type"": ""정기"", ""exam_round"": ""1"", ""eligibility"": ""관련학과졸업"", ""exam_center"": ""춘천시험장"", ""payment_status"": ""완료"", ""discount_amount"": 0}",2026-08-03 11:20:00
국가기술,두두넷,7530,굴착기운전기능사,민용기,010-1081-4353,M,1961-03-17,경기,2026-09-21,1교시,14500,장애인,7250,신용카드,결제대기,본인단독,,,"{""source_receipt"": ""DN2026641530"", ""education"": ""대학교졸"", ""grade"": ""기능사"", ""exam_type"": ""상시CBT"", ""eligibility"": ""비전공자"", ""exam_center"": ""수원시험장"", ""payment_status"": ""대기"", ""discount_amount"": 7250}",2026-08-01 09:22:00
국가기술,두두넷,2300,전기기능사,이근호,010-9967-5161,M,1963-05-24,전남,2026-10-10,5교시,14500,장애인,7250,가상계좌,취소,가족보조,,,"{""source_receipt"": ""DN2026944266"", ""education"": ""초등학교졸업"", ""grade"": ""기능사"", ""exam_type"": ""정기"", ""exam_round"": ""4"", ""eligibility"": ""경력"", ""exam_center"": ""순천시험장"", ""payment_status"": ""환불"", ""discount_amount"": 7250}",2026-08-07 14:00:00
국가기술,두두넷,7910,한식조리기능사,노말순,010-9890-6004,F,1937-03-05,전남,2026-11-14,4교시,14500,없음,14500,가상계좌,접수완료,가족보조,,,"{""source_receipt"": ""DN2026914092"", ""education"": ""대학원졸"", ""grade"": ""기능사"", ""exam_type"": ""상시CBT"", ""eligibility"": ""비전공자"", ""exam_center"": ""순천시험장"", ""payment_status"": ""완료"", ""discount_amount"": 0}",2026-08-07 13:13:00
국가기술,두두넷,7530,굴착기운전기능사,전필호,010-3480-2958,M,1945-03-05,세종,2026-09-17,5교시,14500,없음,14500,계좌이체,접수완료,복지관,,,"{""source_receipt"": ""DN2026775417"", ""education"": ""중학교졸업"", ""grade"": ""기능사"", ""exam_type"": ""상시CBT"", ""eligibility"": ""경력"", ""exam_center"": ""세종시험장"", ""payment_status"": ""완료"", ""discount_amount"": 0}",2026-08-03 20:20:00
국가기술,두두넷,7520,지게차운전기능사,심말자,010-6689-2608,F,1958-12-16,경북,2026-09-08,2교시,14500,장애인,7250,신용카드,접수완료,본인단독,,,"{""source_receipt"": ""DN2026446777"", ""education"": ""대학원졸"", ""grade"": ""기능사"", ""exam_type"": ""상시CBT"", ""eligibility"": ""관련학과졸업"", ""exam_center"": ""포항시험장"", ""payment_status"": ""완료"", ""discount_amount"": 7250}",2026-08-13 12:28:00
국가기술,두두넷,7910,한식조리기능사,김일남,010-5550-6345,M,1946-03-04,광주,2026-11-07,5교시,14500,없음,14500,계좌이체,접수완료,본인단독,,,"{""source_receipt"": ""DN2026514531"", ""education"": ""초등학교졸업"", ""grade"": ""기능사"", ""exam_type"": ""상시CBT"", ""eligibility"": ""관련학과졸업"", ""exam_center"": ""광주시험장"", ""payment_status"": ""완료"", ""discount_amount"": 0}",2026-08-17 20:47:00
국가기술,두두넷,2300,전기기능사,조금순,010-4011-9339,F,1942-03-23,세종,2026-09-26,3교시,14500,국가유공자,7250,계좌이체,취소,가족보조,,,"{""source_receipt"": ""DN2026999965"", ""education"": ""무학"", ""grade"": ""기능사"", ""exam_type"": ""정기"", ""exam_round"": ""2"", ""eligibility"": ""경력"", ""exam_center"": ""세종시험장"", ""payment_status"": ""환불"", ""discount_amount"": 7250}",2026-08-13 18:23:00
국가기술,두두넷,7530,굴착기운전기능사,양광수,010-6930-5691,M,1930-11-04,서울,2026-10-06,1교시,14500,장애인,7250,신용카드,접수완료,가족보조,,,"{""source_receipt"": ""DN2026979061"", ""education"": ""대학교졸"", ""grade"": ""기능사"", ""exam_type"": ""상시CBT"", ""eligibility"": ""경력"", ""exam_center"": ""서울남부시험장"", ""payment_status"": ""완료"", ""discount_amount"": 7250}",2026-08-02 13:32:00
국가기술,두두넷,7530,굴착기운전기능사,하춘자,010-2899-7602,F,1948-03-26,인천,2026-11-11,2교시,14500,없음,14500,가상계좌,접수완료,본인단독,,,"{""source_receipt"": ""DN2026552646"", ""education"": ""고등학교졸업"", ""grade"": ""기능사"", ""exam_type"": ""상시CBT"", ""eligibility"": ""경력"", ""exam_center"": ""인천시험장"", ""payment_status"": ""완료"", ""discount_amount"": 0}",2026-08-17 19:02:00
국가기술,두두넷,7910,한식조리기능사,우선옥,010-6170-1608,F,1934-02-16,부산,2026-10-09,2교시,14500,없음,14500,계좌이체,접수완료,가족보조,,,"{""source_receipt"": ""DN2026359441"", ""education"": ""고등학교졸업"", ""grade"": ""기능사"", ""exam_type"": ""상시CBT"", ""eligibility"": ""관련학과졸업"", ""exam_center"": ""부산남부시험장"", ""payment_status"": ""완료"", ""discount_amount"": 0}",2026-08-10 20:44:00
국가기술,두두넷,2300,전기기능사,강철수,010-8074-8826,M,1941-05-07,부산,2026-09-04,4교시,14500,없음,14500,가상계좌,접수완료,본인단독,,,"{""source_receipt"": ""DN2026958488"", ""education"": ""전문대졸"", ""grade"": ""기능사"", ""exam_type"": ""정기"", ""exam_round"": ""2"", ""eligibility"": ""경력"", ""exam_center"": ""부산시험장"", ""payment_status"": ""완료"", ""discount_amount"": 0}",2026-08-13 22:47:00
국가기술,두두넷,7910,한식조리기능사,곽계순,010-5231-1145,F,1948-12-09,전북,2026-10-01,4교시,14500,없음,14500,계좌이체,접수완료,복지관,,,"{""source_receipt"": ""DN2026210537"", ""education"": ""중학교졸업"", ""grade"": ""기능사"", ""exam_type"": ""상시CBT"", ""eligibility"": ""비전공자"", ""exam_center"": ""전주시험장"", ""payment_status"": ""완료"", ""discount_amount"": 0}",2026-08-05 20:53:00
국가기술,두두넷,2300,전기기능사,신상원,010-4931-6505,M,1951-05-21,대전,2026-09-02,2교시,14500,없음,14500,계좌이체,접수완료,복지관,,,"{""source_receipt"": ""DN2026775474"", ""education"": ""대학교졸"", ""grade"": ""기능사"", ""exam_type"": ""정기"", ""exam_round"": ""3"", ""eligibility"": ""관련학과졸업"", ""exam_center"": ""대전시험장"", ""payment_status"": ""완료"", ""discount_amount"": 0}",2026-08-02 13:35:00
국가기술,두두넷,7910,한식조리기능사,최용기,010-1155-5509,M,1947-01-01,경기,2026-10-03,2교시,14500,장애인,7250,신용카드,접수완료,가족보조,,,"{""source_receipt"": ""DN2026044196"", ""education"": ""초등학교졸업"", ""grade"": ""기능사"", ""exam_type"": ""상시CBT"", ""eligibility"": ""경력"", ""exam_center"": ""성남시험장"", ""payment_status"": ""완료"", ""discount_amount"": 7250}",2026-08-02 21:38:00
국가기술,두두넷,2300,전기기능사,고복남,010-9856-4321,M,1931-04-22,대전,2026-11-17,3교시,14500,없음,14500,계좌이체,접수완료,복지관,,,"{""source_receipt"": ""DN2026999183"", ""education"": ""고등학교졸업"", ""grade"": ""기능사"", ""exam_type"": ""정기"", ""exam_round"": ""2"", ""eligibility"": ""비전공자"", ""exam_center"": ""대전시험장"", ""payment_status"": ""완료"", ""discount_amount"": 0}",2026-08-13 21:36:00
국가기술,두두넷,7910,한식조리기능사,권병수,010-4754-9882,M,1931-10-06,경기,2026-11-04,5교시,14500,없음,14500,계좌이체,접수완료,복지관,,,"{""source_receipt"": ""DN2026102780"", ""education"": ""전문대졸"", ""grade"": ""기능사"", ""exam_type"": ""상시CBT"", ""eligibility"": ""비전공자"", ""exam_center"": ""수원시험장"", ""payment_status"": ""완료"", ""discount_amount"": 0}",2026-08-15 15:08:00
국가기술,두두넷,7910,한식조리기능사,서철수,010-8106-1976,M,1954-12-20,경남,2026-09-24,4교시,14500,없음,14500,신용카드,접수완료,복지관,,,"{""source_receipt"": ""DN2026284422"", ""education"": ""대학교졸"", ""grade"": ""기능사"", ""exam_type"": ""상시CBT"", ""eligibility"": ""관련학과졸업"", ""exam_center"": ""창원시험장"", ""payment_status"": ""완료"", ""discount_amount"": 0}",2026-08-14 10:11:00
국가기술,두두넷,2300,전기기능사,민영호,010-2969-5452,M,1960-04-18,제주,2026-11-13,3교시,14500,없음,14500,계좌이체,접수완료,복지관,,,"{""source_receipt"": ""DN2026983276"", ""education"": ""중학교졸업"", ""grade"": ""기능사"", ""exam_type"": ""정기"", ""exam_round"": ""1"", ""eligibility"": ""비전공자"", ""exam_center"": ""제주시험장"", ""payment_status"": ""완료"", ""discount_amount"": 0}",2026-08-08 17:52:00
국가기술,두두넷,7910,한식조리기능사,서옥희,010-1306-7092,F,1965-07-27,제주,2026-10-26,5교시,14500,없음,14500,신용카드,취소,복지관,,,"{""source_receipt"": ""DN2026466413"", ""education"": ""고등학교졸업"", ""grade"": ""기능사"", ""exam_type"": ""상시CBT"", ""eligibility"": ""관련학과졸업"", ""exam_center"": ""제주시험장"", ""payment_status"": ""환불"", ""discount_amount"": 0}",2026-08-03 10:12:00
국가기술,두두넷,7910,한식조리기능사,허봉숙,010-2755-2091,F,1939-03-11,전남,2026-11-08,4교시,14500,없음,14500,계좌이체,취소,가족보조,,,"{""source_receipt"": ""DN2026482735"", ""education"": ""중학교졸업"", ""grade"": ""기능사"", ""exam_type"": ""상시CBT"", ""eligibility"": ""관련학과졸업"", ""exam_center"": ""순천시험장"", ""payment_status"": ""환불"", ""discount_amount"": 0}",2026-08-11 12:00:00
국가기술,두두넷,7910,한식조리기능사,민순옥,010-1149-2899,F,1941-09-02,충북,2026-09-07,4교시,14500,없음,14500,가상계좌,접수완료,복지관,,,"{""source_receipt"": ""DN2026679001"", ""education"": ""고등학교졸업"", ""grade"": ""기능사"", ""exam_type"": ""상시CBT"", ""eligibility"": ""비전공자"", ""exam_center"": ""청주시험장"", ""payment_status"": ""완료"", ""discount_amount"": 0}",2026-08-02 17:49:00
국가기술,두두넷,2300,전기기능사,차선옥,010-1191-2702,F,1931-10-27,강원,2026-09-15,2교시,14500,없음,14500,계좌이체,접수완료,가족보조,,,"{""source_receipt"": ""DN2026634364"", ""education"": ""중학교졸업"", ""grade"": ""기능사"", ""exam_type"": ""정기"", ""exam_round"": ""4"", ""eligibility"": ""관련학과졸업"", ""exam_center"": ""춘천시험장"", ""payment_status"": ""완료"", ""discount_amount"": 0}",2026-08-13 12:30:00
국가기술,두두넷,2300,전기기능사,민계순,010-6363-2007,F,1928-01-27,경기,2026-09-24,3교시,14500,장애인,7250,가상계좌,접수완료,가족보조,,,"{""source_receipt"": ""DN2026301700"", ""education"": ""고등학교졸업"", ""grade"": ""기능사"", ""exam_type"": ""정기"", ""exam_round"": ""2"", ""eligibility"": ""관련학과졸업"", ""exam_center"": ""고양시험장"", ""payment_status"": ""완료"", ""discount_amount"": 7250}",2026-08-02 18:37:00
국가기술,두두넷,7520,지게차운전기능사,차영호,010-7314-6077,M,1938-09-11,광주,2026-11-25,3교시,14500,없음,14500,신용카드,취소,복지관,,,"{""source_receipt"": ""DN2026520635"", ""education"": ""고등학교졸업"", ""grade"": ""기능사"", ""exam_type"": ""상시CBT"", ""eligibility"": ""경력"", ""exam_center"": ""광주시험장"", ""payment_status"": ""환불"", ""discount_amount"": 0}",2026-08-14 11:44:00
국가기술,두두넷,7530,굴착기운전기능사,최필순,010-4050-1078,F,1966-04-27,서울,2026-11-28,5교시,14500,없음,14500,가상계좌,접수완료,가족보조,,,"{""source_receipt"": ""DN2026298279"", ""education"": ""중학교졸업"", ""grade"": ""기능사"", ""exam_type"": ""상시CBT"", ""eligibility"": ""경력"", ""exam_center"": ""서울1시험장"", ""payment_status"": ""완료"", ""discount_amount"": 0}",2026-08-02 22:33:00
국가기술,두두넷,7530,굴착기운전기능사,주갑수,010-2941-3790,M,1933-09-11,세종,2026-11-09,4교시,14500,없음,14500,신용카드,취소,가족보조,,,"{""source_receipt"": ""DN2026297362"", ""education"": ""전문대졸"", ""grade"": ""기능사"", ""exam_type"": ""상시CBT"", ""eligibility"": ""관련학과졸업"", ""exam_center"": ""세종시험장"", ""payment_status"": ""환불"", ""discount_amount"": 0}",2026-08-11 18:34:00
국가기술,두두넷,7910,한식조리기능사,오갑순,010-4985-5541,F,1963-05-27,충남,2026-10-23,5교시,14500,없음,14500,계좌이체,접수완료,복지관,,,"{""source_receipt"": ""DN2026601370"", ""education"": ""전문대졸"", ""grade"": ""기능사"", ""exam_type"": ""상시CBT"", ""eligibility"": ""비전공자"", ""exam_center"": ""천안시험장"", ""payment_status"": ""완료"", ""discount_amount"": 0}",2026-08-09 10:54:00
국가기술,두두넷,7530,굴착기운전기능사,류병수,010-1764-5564,M,1934-03-23,전남,2026-10-09,4교시,14500,장애인,7250,계좌이체,접수완료,본인단독,,,"{""source_receipt"": ""DN2026695371"", ""education"": ""고등학교졸업"", ""grade"": ""기능사"", ""exam_type"": ""상시CBT"", ""eligibility"": ""관련학과졸업"", ""exam_center"": ""순천시험장"", ""payment_status"": ""완료"", ""discount_amount"": 7250}",2026-08-19 22:21:00
국가기술,두두넷,7530,굴착기운전기능사,유복순,010-8019-3634,F,1947-12-04,전남,2026-09-23,4교시,14500,기초생활수급자,7250,신용카드,접수완료,복지관,,,"{""source_receipt"": ""DN2026052322"", ""education"": ""고등학교졸업"", ""grade"": ""기능사"", ""exam_type"": ""상시CBT"", ""eligibility"": ""경력"", ""exam_center"": ""순천시험장"", ""payment_status"": ""완료"", ""discount_amount"": 7250}",2026-08-17 22:16:00
국가기술,두두넷,7910,한식조리기능사,송복순,010-1907-3880,F,1946-09-25,전남,2026-11-08,1교시,14500,기초생활수급자,7250,계좌이체,접수완료,가족보조,,,"{""source_receipt"": ""DN2026935242"", ""education"": ""고등학교졸업"", ""grade"": ""기능사"", ""exam_type"": ""상시CBT"", ""eligibility"": ""경력"", ""exam_center"": ""순천시험장"", ""payment_status"": ""완료"", ""discount_amount"": 7250}",2026-08-05 11:34:00
국가기술,두두넷,7520,지게차운전기능사,권일남,010-7543-6927,M,1932-04-26,서울,2026-10-19,3교시,14500,없음,14500,계좌이체,접수완료,복지관,,,"{""source_receipt"": ""DN2026473595"", ""education"": ""대학원졸"", ""grade"": ""기능사"", ""exam_type"": ""상시CBT"", ""eligibility"": ""관련학과졸업"", ""exam_center"": ""서울1시험장"", ""payment_status"": ""완료"", ""discount_amount"": 0}",2026-08-01 09:48:00
국가기술,두두넷,2300,전기기능사,하두만,010-3318-3320,M,1941-12-17,경남,2026-10-14,5교시,14500,기초생활수급자,7250,신용카드,접수완료,본인단독,,,"{""source_receipt"": ""DN2026204755"", ""education"": ""고등학교졸업"", ""grade"": ""기능사"", ""exam_type"": ""정기"", ""exam_round"": ""3"", ""eligibility"": ""경력"", ""exam_center"": ""창원시험장"", ""payment_status"": ""완료"", ""discount_amount"": 7250}",2026-08-19 19:14:00
국가기술,두두넷,7520,지게차운전기능사,안갑수,010-3952-7036,M,1954-03-24,강원,2026-09-22,4교시,14500,없음,14500,가상계좌,취소,가족보조,,,"{""source_receipt"": ""DN2026969061"", ""education"": ""대학원졸"", ""grade"": ""기능사"", ""exam_type"": ""상시CBT"", ""eligibility"": ""경력"", ""exam_center"": ""춘천시험장"", ""payment_status"": ""환불"", ""discount_amount"": 0}",2026-08-19 16:19:00
국가기술,두두넷,7520,지게차운전기능사,손선옥,010-8767-3043,F,1960-08-02,울산,2026-09-07,2교시,14500,없음,14500,신용카드,취소,복지관,,,"{""source_receipt"": ""DN2026273608"", ""education"": ""고등학교졸업"", ""grade"": ""기능사"", ""exam_type"": ""상시CBT"", ""eligibility"": ""경력"", ""exam_center"": ""울산시험장"", ""payment_status"": ""환불"", ""discount_amount"": 0}",2026-08-07 22:31:00
국가기술,두두넷,7520,지게차운전기능사,권미자,010-7216-3677,F,1937-03-27,경기,2026-11-19,5교시,14500,국가유공자,7250,신용카드,결제대기,본인단독,,,"{""source_receipt"": ""DN2026990635"", ""education"": ""고등학교졸업"", ""grade"": ""기능사"", ""exam_type"": ""상시CBT"", ""eligibility"": ""경력"", ""exam_center"": ""성남시험장"", ""payment_status"": ""대기"", ""discount_amount"": 7250}",2026-08-02 18:07:00
국가기술,두두넷,2300,전기기능사,황금순,010-4127-7231,F,1945-11-20,강원,2026-11-24,4교시,14500,없음,14500,신용카드,접수완료,가족보조,,,"{""source_receipt"": ""DN2026996130"", ""education"": ""고등학교졸업"", ""grade"": ""기능사"", ""exam_type"": ""정기"", ""exam_round"": ""2"", ""eligibility"": ""관련학과졸업"", ""exam_center"": ""춘천시험장"", ""payment_status"": ""완료"", ""discount_amount"": 0}",2026-08-04 21:40:00
국가기술,두두넷,2300,전기기능사,이정호,010-6839-5584,M,1947-05-05,충북,2026-11-18,2교시,14500,장애인,7250,계좌이체,접수완료,가족보조,,,"{""source_receipt"": ""DN2026404074"", ""education"": ""대학교졸"", ""grade"": ""기능사"", ""exam_type"": ""정기"", ""exam_round"": ""2"", ""eligibility"": ""비전공자"", ""exam_center"": ""청주시험장"", ""payment_status"": ""완료"", ""discount_amount"": 7250}",2026-08-06 11:32:00
국가기술,두두넷,7530,굴착기운전기능사,허정순,010-3655-8486,F,1959-11-24,인천,2026-10-18,5교시,14500,없음,14500,신용카드,접수완료,가족보조,,,"{""source_receipt"": ""DN2026302516"", ""education"": ""고등학교졸업"", ""grade"": ""기능사"", ""exam_type"": ""상시CBT"", ""eligibility"": ""비전공자"", ""exam_center"": ""인천시험장"", ""payment_status"": ""완료"", ""discount_amount"": 0}",2026-08-18 14:28:00
국가기술,두두넷,7520,지게차운전기능사,문정자,010-8967-3968,F,1935-08-21,경북,2026-09-01,4교시,14500,국가유공자,7250,신용카드,접수완료,복지관,,,"{""source_receipt"": ""DN2026544862"", ""education"": ""대학교졸"", ""grade"": ""기능사"", ""exam_type"": ""상시CBT"", ""eligibility"": ""관련학과졸업"", ""exam_center"": ""포항시험장"", ""payment_status"": ""완료"", ""discount_amount"": 7250}",2026-08-07 13:33:00
국가기술,두두넷,7530,굴착기운전기능사,심영수,010-5121-2060,M,1952-02-17,부산,2026-09-02,1교시,14500,없음,14500,가상계좌,접수완료,본인단독,,,"{""source_receipt"": ""DN2026180553"", ""education"": ""대학교졸"", ""grade"": ""기능사"", ""exam_type"": ""상시CBT"", ""eligibility"": ""관련학과졸업"", ""exam_center"": ""부산남부시험장"", ""payment_status"": ""완료"", ""discount_amount"": 0}",2026-08-09 16:35:00
국가기술,두두넷,7910,한식조리기능사,전옥분,010-8088-7231,F,1960-09-12,충남,2026-10-24,1교시,14500,국가유공자,7250,신용카드,접수완료,본인단독,,,"{""source_receipt"": ""DN2026969546"", ""education"": ""전문대졸"", ""grade"": ""기능사"", ""exam_type"": ""상시CBT"", ""eligibility"": ""경력"", ""exam_center"": ""천안시험장"", ""payment_status"": ""완료"", ""discount_amount"": 7250}",2026-08-17 18:43:00
국가기술,두두넷,2300,전기기능사,주봉숙,010-8889-2911,F,1954-07-13,서울,2026-11-15,5교시,14500,국가유공자,7250,신용카드,접수완료,복지관,,,"{""source_receipt"": ""DN2026910023"", ""education"": ""고등학교졸업"", ""grade"": ""기능사"", ""exam_type"": ""정기"", ""exam_round"": ""2"", ""eligibility"": ""경력"", ""exam_center"": ""서울남부시험장"", ""payment_status"": ""완료"", ""discount_amount"": 7250}",2026-08-02 09:37:00
국가기술,두두넷,7910,한식조리기능사,장봉숙,010-2721-5703,F,1952-10-15,울산,2026-10-21,5교시,14500,없음,14500,가상계좌,접수완료,가족보조,,,"{""source_receipt"": ""DN2026313586"", ""education"": ""고등학교졸업"", ""grade"": ""기능사"", ""exam_type"": ""상시CBT"", ""eligibility"": ""경력"", ""exam_center"": ""울산시험장"", ""payment_status"": ""완료"", ""discount_amount"": 0}",2026-08-01 15:24:00
국가기술,두두넷,7910,한식조리기능사,홍순자,010-3874-9489,F,1930-11-17,광주,2026-09-10,4교시,14500,없음,14500,신용카드,접수완료,본인단독,,,"{""source_receipt"": ""DN2026112425"", ""education"": ""전문대졸"", ""grade"": ""기능사"", ""exam_type"": ""상시CBT"", ""eligibility"": ""비전공자"", ""exam_center"": ""광주시험장"", ""payment_status"": ""완료"", ""discount_amount"": 0}",2026-08-09 12:16:00
국가기술,두두넷,7530,굴착기운전기능사,김복남,010-9274-6683,M,1950-11-19,강원,2026-10-16,1교시,14500,차상위계층,7250,신용카드,취소,가족보조,,,"{""source_receipt"": ""DN2026161247"", ""education"": ""고등학교졸업"", ""grade"": ""기능사"", ""exam_type"": ""상시CBT"", ""eligibility"": ""비전공자"", ""exam_center"": ""춘천시험장"", ""payment_status"": ""환불"", ""discount_amount"": 7250}",2026-08-18 20:44:00
국가기술,두두넷,7530,굴착기운전기능사,윤상길,010-6341-5695,M,1962-06-04,전남,2026-09-06,1교시,14500,국가유공자,7250,신용카드,접수완료,복지관,,,"{""source_receipt"": ""DN2026265159"", ""education"": ""대학교졸"", ""grade"": ""기능사"", ""exam_type"": ""상시CBT"", ""eligibility"": ""관련학과졸업"", ""exam_center"": ""순천시험장"", ""payment_status"": ""완료"", ""discount_amount"": 7250}",2026-08-15 10:09:00
국가기술,두두넷,7530,굴착기운전기능사,문점순,010-6247-3096,F,1940-01-08,충북,2026-09-10,1교시,14500,없음,14500,신용카드,결제대기,가족보조,,,"{""source_receipt"": ""DN2026077479"", ""education"": ""고등학교졸업"", ""grade"": ""기능사"", ""exam_type"": ""상시CBT"", ""eligibility"": ""비전공자"", ""exam_center"": ""청주시험장"", ""payment_status"": ""대기"", ""discount_amount"": 0}",2026-08-10 20:52:00
국가기술,두두넷,2300,전기기능사,박필호,010-8323-9711,M,1936-02-19,경남,2026-11-11,1교시,14500,없음,14500,신용카드,접수완료,복지관,,,"{""source_receipt"": ""DN2026820415"", ""education"": ""고등학교졸업"", ""grade"": ""기능사"", ""exam_type"": ""정기"", ""exam_round"": ""3"", ""eligibility"": ""비전공자"", ""exam_center"": ""창원시험장"", ""payment_status"": ""완료"", ""discount_amount"": 0}",2026-08-11 18:59:00
국가기술,두두넷,7910,한식조리기능사,안춘자,010-1153-4396,F,1955-02-19,부산,2026-09-05,3교시,14500,없음,14500,신용카드,접수완료,복지관,,,"{""source_receipt"": ""DN2026949216"", ""education"": ""전문대졸"", ""grade"": ""기능사"", ""exam_type"": ""상시CBT"", ""eligibility"": ""관련학과졸업"", ""exam_center"": ""부산시험장"", ""payment_status"": ""완료"", ""discount_amount"": 0}",2026-08-03 22:49:00
국가기술,두두넷,2300,전기기능사,백선옥,010-8419-3418,F,1941-05-10,대전,2026-09-09,5교시,14500,없음,14500,신용카드,접수완료,가족보조,,,"{""source_receipt"": ""DN2026738687"", ""education"": ""중학교졸업"", ""grade"": ""기능사"", ""exam_type"": ""정기"", ""exam_round"": ""4"", ""eligibility"": ""경력"", ""exam_center"": ""대전시험장"", ""payment_status"": ""완료"", ""discount_amount"": 0}",2026-08-13 17:43:00
국가기술,두두넷,7520,지게차운전기능사,유영호,010-1096-7081,M,1943-10-15,제주,2026-10-20,4교시,14500,없음,14500,가상계좌,접수완료,가족보조,,,"{""source_receipt"": ""DN2026743359"", ""education"": ""고등학교졸업"", ""grade"": ""기능사"", ""exam_type"": ""상시CBT"", ""eligibility"": ""관련학과졸업"", ""exam_center"": ""제주시험장"", ""payment_status"": ""완료"", ""discount_amount"": 0}",2026-08-19 09:46:00
국가기술,두두넷,7530,굴착기운전기능사,곽귀순,010-7740-1413,F,1962-12-03,충북,2026-11-07,4교시,14500,없음,14500,계좌이체,접수완료,본인단독,,,"{""source_receipt"": ""DN2026175708"", ""education"": ""대학교졸"", ""grade"": ""기능사"", ""exam_type"": ""상시CBT"", ""eligibility"": ""관련학과졸업"", ""exam_center"": ""청주시험장"", ""payment_status"": ""완료"", ""discount_amount"": 0}",2026-08-12 13:54:00
국가기술,두두넷,2300,전기기능사,민성호,010-4125-4523,M,1928-05-02,제주,2026-09-16,5교시,14500,없음,14500,신용카드,접수완료,복지관,,,"{""source_receipt"": ""DN2026238361"", ""education"": ""대학교졸"", ""grade"": ""기능사"", ""exam_type"": ""정기"", ""exam_round"": ""4"", ""eligibility"": ""관련학과졸업"", ""exam_center"": ""제주시험장"", ""payment_status"": ""완료"", ""discount_amount"": 0}",2026-08-14 15:02:00
국가기술,두두넷,7530,굴착기운전기능사,우철수,010-3065-6704,M,1957-03-12,경남,2026-11-16,1교시,14500,없음,14500,신용카드,접수완료,가족보조,,,"{""source_receipt"": ""DN2026377611"", ""education"": ""초등학교졸업"", ""grade"": ""기능사"", ""exam_type"": ""상시CBT"", ""eligibility"": ""경력"", ""exam_center"": ""창원시험장"", ""payment_status"": ""완료"", ""discount_amount"": 0}",2026-08-06 14:56:00
국가기술,두두넷,7520,지게차운전기능사,황복남,010-2979-3786,M,1931-02-17,광주,2026-11-13,3교시,14500,없음,14500,계좌이체,접수완료,복지관,,,"{""source_receipt"": ""DN2026644902"", ""education"": ""초등학교졸업"", ""grade"": ""기능사"", ""exam_type"": ""상시CBT"", ""eligibility"": ""관련학과졸업"", ""exam_center"": ""광주시험장"", ""payment_status"": ""완료"", ""discount_amount"": 0}",2026-08-13 13:46:00
국가기술,두두넷,2300,전기기능사,노귀순,010-1090-8760,F,1940-03-25,세종,2026-10-19,2교시,14500,없음,14500,계좌이체,접수완료,가족보조,,,"{""source_receipt"": ""DN2026724948"", ""education"": ""대학원졸"", ""grade"": ""기능사"", ""exam_type"": ""정기"", ""exam_round"": ""1"", ""eligibility"": ""관련학과졸업"", ""exam_center"": ""세종시험장"", ""payment_status"": ""완료"", ""discount_amount"": 0}",2026-08-04 22:45:00
국가기술,두두넷,7910,한식조리기능사,배갑수,010-9667-1422,M,1936-10-13,경기,2026-09-27,5교시,14500,없음,14500,신용카드,접수완료,복지관,,,"{""source_receipt"": ""DN2026910998"", ""education"": ""고등학교졸업"", ""grade"": ""기능사"", ""exam_type"": ""상시CBT"", ""eligibility"": ""관련학과졸업"", ""exam_center"": ""고양시험장"", ""payment_status"": ""완료"", ""discount_amount"": 0}",2026-08-10 21:55:00
국가기술,두두넷,7530,굴착기운전기능사,류재호,010-8424-1508,M,1955-09-18,제주,2026-10-05,3교시,14500,없음,14500,가상계좌,접수완료,복지관,,,"{""source_receipt"": ""DN2026663136"", ""education"": ""무학"", ""grade"": ""기능사"", ""exam_type"": ""상시CBT"", ""eligibility"": ""경력"", ""exam_center"": ""제주시험장"", ""payment_status"": ""완료"", ""discount_amount"": 0}",2026-08-07 09:53:00
국가기술,두두넷,7530,굴착기운전기능사,안순자,010-3399-7523,F,1947-07-20,부산,2026-09-01,5교시,14500,없음,14500,신용카드,접수완료,본인단독,,,"{""source_receipt"": ""DN2026665516"", ""education"": ""고등학교졸업"", ""grade"": ""기능사"", ""exam_type"": ""상시CBT"", ""eligibility"": ""비전공자"", ""exam_center"": ""부산남부시험장"", ""payment_status"": ""완료"", ""discount_amount"": 0}",2026-08-15 10:44:00
국가기술,두두넷,2300,전기기능사,심순옥,010-9150-8316,F,1964-07-23,대구,2026-10-18,5교시,14500,없음,14500,신용카드,취소,본인단독,,,"{""source_receipt"": ""DN2026881216"", ""education"": ""고등학교졸업"", ""grade"": ""기능사"", ""exam_type"": ""정기"", ""exam_round"": ""1"", ""eligibility"": ""경력"", ""exam_center"": ""대구시험장"", ""payment_status"": ""환불"", ""discount_amount"": 0}",2026-08-19 16:57:00
국가기술,두두넷,2300,전기기능사,노필호,010-4587-5477,M,1949-06-02,강원,2026-11-25,2교시,14500,장애인,7250,신용카드,접수완료,본인단독,,,"{""source_receipt"": ""DN2026261770"", ""education"": ""대학원졸"", ""grade"": ""기능사"", ""exam_type"": ""정기"", ""exam_round"": ""3"", ""eligibility"": ""관련학과졸업"", ""exam_center"": ""춘천시험장"", ""payment_status"": ""완료"", ""discount_amount"": 7250}",2026-08-11 17:23:00
국가기술,두두넷,7520,지게차운전기능사,문복순,010-8819-5423,F,1959-09-18,대전,2026-10-25,2교시,14500,없음,14500,신용카드,결제대기,본인단독,,,"{""source_receipt"": ""DN2026376505"", ""education"": ""무학"", ""grade"": ""기능사"", ""exam_type"": ""상시CBT"", ""eligibility"": ""경력"", ""exam_center"": ""대전시험장"", ""payment_status"": ""대기"", ""discount_amount"": 0}",2026-08-06 22:33:00
국가기술,두두넷,7520,지게차운전기능사,송춘희,010-2686-1853,F,1944-11-14,대전,2026-10-11,5교시,14500,없음,14500,신용카드,접수완료,가족보조,,,"{""source_receipt"": ""DN2026074475"", ""education"": ""고등학교졸업"", ""grade"": ""기능사"", ""exam_type"": ""상시CBT"", ""eligibility"": ""비전공자"", ""exam_center"": ""대전시험장"", ""payment_status"": ""완료"", ""discount_amount"": 0}",2026-08-01 16:48:00
국가기술,두두넷,7520,지게차운전기능사,우근호,010-5375-6720,M,1958-11-09,세종,2026-09-15,5교시,14500,없음,14500,가상계좌,취소,복지관,,,"{""source_receipt"": ""DN2026398477"", ""education"": ""중학교졸업"", ""grade"": ""기능사"", ""exam_type"": ""상시CBT"", ""eligibility"": ""경력"", ""exam_center"": ""세종시험장"", ""payment_status"": ""환불"", ""discount_amount"": 0}",2026-08-18 19:37:00
국가기술,두두넷,7910,한식조리기능사,최경자,010-4237-7631,F,1946-11-04,경남,2026-09-08,2교시,14500,없음,14500,가상계좌,접수완료,가족보조,,,"{""source_receipt"": ""DN2026472861"", ""education"": ""고등학교졸업"", ""grade"": ""기능사"", ""exam_type"": ""상시CBT"", ""eligibility"": ""비전공자"", ""exam_center"": ""창원시험장"", ""payment_status"": ""완료"", ""discount_amount"": 0}",2026-08-13 20:03:00
국가기술,두두넷,7530,굴착기운전기능사,성동석,010-6138-2442,M,1942-01-22,서울,2026-10-02,4교시,14500,없음,14500,신용카드,접수완료,복지관,,,"{""source_receipt"": ""DN2026280665"", ""education"": ""대학원졸"", ""grade"": ""기능사"", ""exam_type"": ""상시CBT"", ""eligibility"": ""비전공자"", ""exam_center"": ""서울1시험장"", ""payment_status"": ""완료"", ""discount_amount"": 0}",2026-08-01 11:06:00
국가기술,두두넷,7530,굴착기운전기능사,주영자,010-2487-4634,F,1956-06-17,서울,2026-09-15,3교시,14500,없음,14500,신용카드,접수완료,본인단독,,,"{""source_receipt"": ""DN2026898755"", ""education"": ""대학교졸"", ""grade"": ""기능사"", ""exam_type"": ""상시CBT"", ""eligibility"": ""경력"", ""exam_center"": ""서울2시험장"", ""payment_status"": ""완료"", ""discount_amount"": 0}",2026-08-08 14:24:00
국가기술,두두넷,2300,전기기능사,송영호,010-9679-7438,M,1936-04-27,세종,2026-11-15,5교시,14500,없음,14500,신용카드,접수완료,가족보조,,,"{""source_receipt"": ""DN2026399902"", ""education"": ""전문대졸"", ""grade"": ""기능사"", ""exam_type"": ""정기"", ""exam_round"": ""2"", ""eligibility"": ""경력"", ""exam_center"": ""세종시험장"", ""payment_status"": ""완료"", ""discount_amount"": 0}",2026-08-19 19:43:00
국가기술,두두넷,2300,전기기능사,성복순,010-5056-1835,F,1963-09-06,대전,2026-10-13,1교시,14500,없음,14500,가상계좌,접수완료,복지관,,,"{""source_receipt"": ""DN2026799442"", ""education"": ""중학교졸업"", ""grade"": ""기능사"", ""exam_type"": ""정기"", ""exam_round"": ""4"", ""eligibility"": ""비전공자"", ""exam_center"": ""대전시험장"", ""payment_status"": ""완료"", ""discount_amount"": 0}",2026-08-17 18:19:00
국가기술,두두넷,7520,지게차운전기능사,허상원,010-4616-1699,M,1944-12-12,서울,2026-11-17,1교시,14500,기초생활수급자,7250,계좌이체,접수완료,복지관,,,"{""source_receipt"": ""DN2026492752"", ""education"": ""전문대졸"", ""grade"": ""기능사"", ""exam_type"": ""상시CBT"", ""eligibility"": ""비전공자"", ""exam_center"": ""서울2시험장"", ""payment_status"": ""완료"", ""discount_amount"": 7250}",2026-08-12 19:47:00
국가기술,두두넷,7530,굴착기운전기능사,우금순,010-2129-9137,F,1936-12-24,전남,2026-11-23,1교시,14500,없음,14500,가상계좌,접수완료,복지관,,,"{""source_receipt"": ""DN2026490061"", ""education"": ""고등학교졸업"", ""grade"": ""기능사"", ""exam_type"": ""상시CBT"", ""eligibility"": ""관련학과졸업"", ""exam_center"": ""순천시험장"", ""payment_status"": ""완료"", ""discount_amount"": 0}",2026-08-05 11:36:00
국가기술,두두넷,7520,지게차운전기능사,전복순,010-3973-7280,F,1966-10-28,대구,2026-09-16,2교시,14500,없음,14500,계좌이체,접수완료,본인단독,,,"{""source_receipt"": ""DN2026966305"", ""education"": ""중학교졸업"", ""grade"": ""기능사"", ""exam_type"": ""상시CBT"", ""eligibility"": ""관련학과졸업"", ""exam_center"": ""대구시험장"", ""payment_status"": ""완료"", ""discount_amount"": 0}",2026-08-15 19:29:00
국가기술,두두넷,7520,지게차운전기능사,최기철,010-9450-5182,M,1932-05-22,경북,2026-11-27,5교시,14500,없음,14500,신용카드,접수완료,본인단독,,,"{""source_receipt"": ""DN2026757630"", ""education"": ""고등학교졸업"", ""grade"": ""기능사"", ""exam_type"": ""상시CBT"", ""eligibility"": ""관련학과졸업"", ""exam_center"": ""포항시험장"", ""payment_status"": ""완료"", ""discount_amount"": 0}",2026-08-15 20:29:00
국가기술,두두넷,7910,한식조리기능사,양만수,010-1894-9253,M,1948-11-28,광주,2026-10-18,5교시,14500,없음,14500,신용카드,접수완료,본인단독,,,"{""source_receipt"": ""DN2026503570"", ""education"": ""고등학교졸업"", ""grade"": ""기능사"", ""exam_type"": ""상시CBT"", ""eligibility"": ""경력"", ""exam_center"": ""광주시험장"", ""payment_status"": ""완료"", ""discount_amount"": 0}",2026-08-07 17:17:00
국가기술,두두넷,7530,굴착기운전기능사,박봉숙,010-7961-8477,F,1940-02-03,경북,2026-09-24,1교시,14500,국가유공자,7250,계좌이체,접수완료,본인단독,,,"{""source_receipt"": ""DN2026755091"", ""education"": ""고등학교졸업"", ""grade"": ""기능사"", ""exam_type"": ""상시CBT"", ""eligibility"": ""관련학과졸업"", ""exam_center"": ""포항시험장"", ""payment_status"": ""완료"", ""discount_amount"": 7250}",2026-08-17 09:07:00
국가기술,두두넷,7530,굴착기운전기능사,권종수,010-8524-6384,M,1929-06-28,울산,2026-09-22,5교시,14500,기초생활수급자,7250,신용카드,접수완료,본인단독,,,"{""source_receipt"": ""DN2026016592"", ""education"": ""중학교졸업"", ""grade"": ""기능사"", ""exam_type"": ""상시CBT"", ""eligibility"": ""관련학과졸업"", ""exam_center"": ""울산시험장"", ""payment_status"": ""완료"", ""discount_amount"": 7250}",2026-08-06 14:37:00
국가기술,두두넷,7520,지게차운전기능사,심근호,010-2803-5533,M,1937-07-14,인천,2026-10-28,3교시,14500,없음,14500,신용카드,접수완료,본인단독,,,"{""source_receipt"": ""DN2026346097"", ""education"": ""중학교졸업"", ""grade"": ""기능사"", ""exam_type"": ""상시CBT"", ""eligibility"": ""비전공자"", ""exam_center"": ""인천시험장"", ""payment_status"": ""완료"", ""discount_amount"": 0}",2026-08-19 18:51:00
국가기술,두두넷,2300,전기기능사,곽봉숙,010-5982-8958,F,1952-04-05,인천,2026-11-05,1교시,14500,장애인,7250,가상계좌,접수완료,복지관,,,"{""source_receipt"": ""DN2026648162"", ""education"": ""중학교졸업"", ""grade"": ""기능사"", ""exam_type"": ""정기"", ""exam_round"": ""1"", ""eligibility"": ""관련학과졸업"", ""exam_center"": ""인천시험장"", ""payment_status"": ""완료"", ""discount_amount"": 7250}",2026-08-02 22:11:00
국가기술,두두넷,7530,굴착기운전기능사,강태호,010-4838-7527,M,1950-06-05,서울,2026-10-08,4교시,14500,없음,14500,계좌이체,취소,복지관,,,"{""source_receipt"": ""DN2026180333"", ""education"": ""고등학교졸업"", ""grade"": ""기능사"", ""exam_type"": ""상시CBT"", ""eligibility"": ""경력"", ""exam_center"": ""서울2시험장"", ""payment_status"": ""환불"", ""discount_amount"": 0}",2026-08-18 12:52:00
국가기술,두두넷,7530,굴착기운전기능사,송계순,010-8758-6840,F,1945-06-01,경남,2026-11-16,3교시,14500,장애인,7250,계좌이체,접수완료,가족보조,,,"{""source_receipt"": ""DN2026603804"", ""education"": ""중학교졸업"", ""grade"": ""기능사"", ""exam_type"": ""상시CBT"", ""eligibility"": ""관련학과졸업"", ""exam_center"": ""창원시험장"", ""payment_status"": ""완료"", ""discount_amount"": 7250}",2026-08-13 16:14:00
국가기술,두두넷,7910,한식조리기능사,정태호,010-9873-9698,M,1961-06-02,제주,2026-09-09,1교시,14500,없음,14500,신용카드,접수완료,가족보조,,,"{""source_receipt"": ""DN2026784968"", ""education"": ""중학교졸업"", ""grade"": ""기능사"", ""exam_type"": ""상시CBT"", ""eligibility"": ""경력"", ""exam_center"": ""제주시험장"", ""payment_status"": ""완료"", ""discount_amount"": 0}",2026-08-19 18:52:00
국가기술,두두넷,7530,굴착기운전기능사,심계순,010-6743-6357,F,1957-12-14,광주,2026-11-10,2교시,14500,없음,14500,계좌이체,접수완료,복지관,,,"{""source_receipt"": ""DN2026840312"", ""education"": ""대학교졸"", ""grade"": ""기능사"", ""exam_type"": ""상시CBT"", ""eligibility"": ""관련학과졸업"", ""exam_center"": ""광주시험장"", ""payment_status"": ""완료"", ""discount_amount"": 0}",2026-08-03 18:19:00
국가기술,두두넷,7520,지게차운전기능사,양갑수,010-3810-7132,M,1962-06-04,서울,2026-09-09,2교시,14500,없음,14500,계좌이체,접수완료,복지관,,,"{""source_receipt"": ""DN2026103551"", ""education"": ""전문대졸"", ""grade"": ""기능사"", ""exam_type"": ""상시CBT"", ""eligibility"": ""비전공자"", ""exam_center"": ""서울1시험장"", ""payment_status"": ""완료"", ""discount_amount"": 0}",2026-08-01 21:47:00
국가기술,두두넷,7910,한식조리기능사,윤원호,010-1968-5244,M,1942-10-17,서울,2026-11-11,1교시,14500,없음,14500,계좌이체,접수완료,본인단독,,,"{""source_receipt"": ""DN2026723020"", ""education"": ""초등학교졸업"", ""grade"": ""기능사"", ""exam_type"": ""상시CBT"", ""eligibility"": ""경력"", ""exam_center"": ""서울남부시험장"", ""payment_status"": ""완료"", ""discount_amount"": 0}",2026-08-03 17:47:00
국가기술,두두넷,7910,한식조리기능사,유필호,010-3204-4934,M,1966-09-13,대전,2026-09-22,4교시,14500,없음,14500,가상계좌,접수완료,가족보조,,,"{""source_receipt"": ""DN2026698244"", ""education"": ""대학교졸"", ""grade"": ""기능사"", ""exam_type"": ""상시CBT"", ""eligibility"": ""비전공자"", ""exam_center"": ""대전시험장"", ""payment_status"": ""완료"", ""discount_amount"": 0}",2026-08-03 09:29:00
국가기술,두두넷,7910,한식조리기능사,노태호,010-6669-8148,M,1940-02-25,세종,2026-09-13,2교시,14500,없음,14500,가상계좌,접수완료,가족보조,,,"{""source_receipt"": ""DN2026629842"", ""education"": ""전문대졸"", ""grade"": ""기능사"", ""exam_type"": ""상시CBT"", ""eligibility"": ""경력"", ""exam_center"": ""세종시험장"", ""payment_status"": ""완료"", ""discount_amount"": 0}",2026-08-04 21:06:00
국가기술,두두넷,7910,한식조리기능사,곽만복,010-7043-3022,M,1947-08-05,경기,2026-10-01,2교시,14500,없음,14500,가상계좌,접수완료,복지관,,,"{""source_receipt"": ""DN2026588943"", ""education"": ""중학교졸업"", ""grade"": ""기능사"", ""exam_type"": ""상시CBT"", ""eligibility"": ""경력"", ""exam_center"": ""수원시험장"", ""payment_status"": ""완료"", ""discount_amount"": 0}",2026-08-03 16:09:00
국가기술,두두넷,7520,지게차운전기능사,양옥분,010-6146-5475,F,1959-10-12,광주,2026-10-22,2교시,14500,없음,14500,가상계좌,접수완료,복지관,,,"{""source_receipt"": ""DN2026064681"", ""education"": ""고등학교졸업"", ""grade"": ""기능사"", ""exam_type"": ""상시CBT"", ""eligibility"": ""경력"", ""exam_center"": ""광주시험장"", ""payment_status"": ""완료"", ""discount_amount"": 0}",2026-08-04 22:46:00
국가기술,두두넷,7910,한식조리기능사,민상원,010-5653-9980,M,1949-05-27,경북,2026-11-09,5교시,14500,국가유공자,7250,계좌이체,접수완료,가족보조,,,"{""source_receipt"": ""DN2026320544"", ""education"": ""고등학교졸업"", ""grade"": ""기능사"", ""exam_type"": ""상시CBT"", ""eligibility"": ""관련학과졸업"", ""exam_center"": ""포항시험장"", ""payment_status"": ""완료"", ""discount_amount"": 7250}",2026-08-09 17:05:00
국가기술,두두넷,7910,한식조리기능사,전일남,010-4540-8163,M,1962-10-11,대구,2026-10-26,2교시,14500,국가유공자,7250,계좌이체,접수완료,본인단독,,,"{""source_receipt"": ""DN2026523838"", ""education"": ""고등학교졸업"", ""grade"": ""기능사"", ""exam_type"": ""상시CBT"", ""eligibility"": ""비전공자"", ""exam_center"": ""대구시험장"", ""payment_status"": ""완료"", ""discount_amount"": 7250}",2026-08-08 17:13:00
국가기술,두두넷,7520,지게차운전기능사,송필호,010-1710-2158,M,1930-07-03,강원,2026-09-21,1교시,14500,없음,14500,신용카드,취소,복지관,,,"{""source_receipt"": ""DN2026181554"", ""education"": ""중학교졸업"", ""grade"": ""기능사"", ""exam_type"": ""상시CBT"", ""eligibility"": ""관련학과졸업"", ""exam_center"": ""춘천시험장"", ""payment_status"": ""환불"", ""discount_amount"": 0}",2026-08-19 14:06:00
국가기술,두두넷,7910,한식조리기능사,박순옥,010-6677-8118,F,1963-05-24,충북,2026-11-04,3교시,14500,없음,14500,신용카드,접수완료,가족보조,,,"{""source_receipt"": ""DN2026261963"", ""education"": ""전문대졸"", ""grade"": ""기능사"", ""exam_type"": ""상시CBT"", ""eligibility"": ""경력"", ""exam_center"": ""청주시험장"", ""payment_status"": ""완료"", ""discount_amount"": 0}",2026-08-05 11:04:00
국가기술,두두넷,7520,지게차운전기능사,허정자,010-8402-5986,F,1932-03-06,대전,2026-10-08,4교시,14500,없음,14500,계좌이체,접수완료,본인단독,,,"{""source_receipt"": ""DN2026714656"", ""education"": ""대학교졸"", ""grade"": ""기능사"", ""exam_type"": ""상시CBT"", ""eligibility"": ""관련학과졸업"", ""exam_center"": ""대전시험장"", ""payment_status"": ""완료"", ""discount_amount"": 0}",2026-08-18 19:08:00
국가기술,두두넷,7910,한식조리기능사,노병수,010-2208-7817,M,1947-06-20,충남,2026-10-17,3교시,14500,없음,14500,신용카드,접수완료,복지관,,,"{""source_receipt"": ""DN2026155135"", ""education"": ""대학교졸"", ""grade"": ""기능사"", ""exam_type"": ""상시CBT"", ""eligibility"": ""관련학과졸업"", ""exam_center"": ""천안시험장"", ""payment_status"": ""완료"", ""discount_amount"": 0}",2026-08-18 17:06:00
국가기술,두두넷,7530,굴착기운전기능사,박용기,010-8971-5837,M,1964-09-24,대전,2026-09-21,2교시,14500,없음,14500,계좌이체,접수완료,복지관,,,"{""source_receipt"": ""DN2026628338"", ""education"": ""대학원졸"", ""grade"": ""기능사"", ""exam_type"": ""상시CBT"", ""eligibility"": ""관련학과졸업"", ""exam_center"": ""대전시험장"", ""payment_status"": ""완료"", ""discount_amount"": 0}",2026-08-13 13:24:00
국가기술,두두넷,7530,굴착기운전기능사,문계순,010-1919-3367,F,1965-08-05,부산,2026-11-18,2교시,14500,없음,14500,계좌이체,접수완료,복지관,,,"{""source_receipt"": ""DN2026623085"", ""education"": ""중학교졸업"", ""grade"": ""기능사"", ""exam_type"": ""상시CBT"", ""eligibility"": ""경력"", ""exam_center"": ""부산시험장"", ""payment_status"": ""완료"", ""discount_amount"": 0}",2026-08-08 22:49:00
국가기술,두두넷,7530,굴착기운전기능사,곽기철,010-2500-1754,M,1958-12-26,충남,2026-10-07,1교시,14500,없음,14500,신용카드,취소,복지관,,,"{""source_receipt"": ""DN2026935590"", ""education"": ""고등학교졸업"", ""grade"": ""기능사"", ""exam_type"": ""상시CBT"", ""eligibility"": ""경력"", ""exam_center"": ""천안시험장"", ""payment_status"": ""환불"", ""discount_amount"": 0}",2026-08-04 22:18:00
국가기술,두두넷,2300,전기기능사,곽원호,010-6725-9950,M,1931-10-17,울산,2026-09-24,3교시,14500,기초생활수급자,7250,신용카드,접수완료,가족보조,,,"{""source_receipt"": ""DN2026675911"", ""education"": ""고등학교졸업"", ""grade"": ""기능사"", ""exam_type"": ""정기"", ""exam_round"": ""4"", ""eligibility"": ""관련학과졸업"", ""exam_center"": ""울산시험장"", ""payment_status"": ""완료"", ""discount_amount"": 7250}",2026-08-14 18:37:00
국가기술,두두넷,7520,지게차운전기능사,신일남,010-3224-5716,M,1940-02-19,광주,2026-10-25,1교시,14500,없음,14500,가상계좌,접수완료,복지관,,,"{""source_receipt"": ""DN2026460365"", ""education"": ""고등학교졸업"", ""grade"": ""기능사"", ""exam_type"": ""상시CBT"", ""eligibility"": ""경력"", ""exam_center"": ""광주시험장"", ""payment_status"": ""완료"", ""discount_amount"": 0}",2026-08-04 12:12:00
국가기술,두두넷,7910,한식조리기능사,김광수,010-4216-5966,M,1930-06-10,울산,2026-10-12,3교시,14500,없음,14500,계좌이체,접수완료,복지관,,,"{""source_receipt"": ""DN2026325858"", ""education"": ""전문대졸"", ""grade"": ""기능사"", ""exam_type"": ""상시CBT"", ""eligibility"": ""관련학과졸업"", ""exam_center"": ""울산시험장"", ""payment_status"": ""완료"", ""discount_amount"": 0}",2026-08-18 19:54:00
국가기술,두두넷,7520,지게차운전기능사,이옥분,010-3616-7787,F,1949-12-07,충북,2026-10-12,1교시,14500,없음,14500,계좌이체,결제대기,복지관,,,"{""source_receipt"": ""DN2026508270"", ""education"": ""대학교졸"", ""grade"": ""기능사"", ""exam_type"": ""상시CBT"", ""eligibility"": ""경력"", ""exam_center"": ""청주시험장"", ""payment_status"": ""대기"", ""discount_amount"": 0}",2026-08-14 15:59:00
국가기술,두두넷,2300,전기기능사,정춘희,010-7021-3016,F,1935-02-25,울산,2026-10-14,2교시,14500,장애인,7250,신용카드,결제대기,본인단독,,,"{""source_receipt"": ""DN2026532773"", ""education"": ""초등학교졸업"", ""grade"": ""기능사"", ""exam_type"": ""정기"", ""exam_round"": ""2"", ""eligibility"": ""경력"", ""exam_center"": ""울산시험장"", ""payment_status"": ""대기"", ""discount_amount"": 7250}",2026-08-05 15:21:00
국가기술,두두넷,7520,지게차운전기능사,노순옥,010-3183-6359,F,1948-09-06,대구,2026-10-26,3교시,14500,없음,14500,계좌이체,접수완료,가족보조,,,"{""source_receipt"": ""DN2026922459"", ""education"": ""고등학교졸업"", ""grade"": ""기능사"", ""exam_type"": ""상시CBT"", ""eligibility"": ""경력"", ""exam_center"": ""대구시험장"", ""payment_status"": ""완료"", ""discount_amount"": 0}",2026-08-10 15:42:00
국가기술,두두넷,7530,굴착기운전기능사,오영숙,010-1022-2487,F,1949-03-04,울산,2026-11-10,1교시,14500,국가유공자,7250,신용카드,접수완료,가족보조,,,"{""source_receipt"": ""DN2026681472"", ""education"": ""중학교졸업"", ""grade"": ""기능사"", ""exam_type"": ""상시CBT"", ""eligibility"": ""관련학과졸업"", ""exam_center"": ""울산시험장"", ""payment_status"": ""완료"", ""discount_amount"": 7250}",2026-08-10 12:15:00
국가기술,두두넷,7910,한식조리기능사,김경자,010-3159-5984,F,1954-05-04,제주,2026-11-11,4교시,14500,없음,14500,신용카드,접수완료,본인단독,,,"{""source_receipt"": ""DN2026961848"", ""education"": ""고등학교졸업"", ""grade"": ""기능사"", ""exam_type"": ""상시CBT"", ""eligibility"": ""관련학과졸업"", ""exam_center"": ""제주시험장"", ""payment_status"": ""완료"", ""discount_amount"": 0}",2026-08-14 22:26:00
국가기술,두두넷,7910,한식조리기능사,배필순,010-1926-9525,F,1937-10-09,경기,2026-11-24,5교시,14500,장애인,7250,계좌이체,접수완료,복지관,,,"{""source_receipt"": ""DN2026290278"", ""education"": ""고등학교졸업"", ""grade"": ""기능사"", ""exam_type"": ""상시CBT"", ""eligibility"": ""경력"", ""exam_center"": ""수원시험장"", ""payment_status"": ""완료"", ""discount_amount"": 7250}",2026-08-01 10:52:00
국가기술,두두넷,2300,전기기능사,양선옥,010-9272-5581,F,1942-01-05,울산,2026-11-01,2교시,14500,없음,14500,신용카드,접수완료,복지관,,,"{""source_receipt"": ""DN2026109090"", ""education"": ""대학교졸"", ""grade"": ""기능사"", ""exam_type"": ""정기"", ""exam_round"": ""3"", ""eligibility"": ""관련학과졸업"", ""exam_center"": ""울산시험장"", ""payment_status"": ""완료"", ""discount_amount"": 0}",2026-08-14 16:39:00
국가기술,두두넷,7910,한식조리기능사,곽영자,010-3862-6949,F,1963-07-04,세종,2026-09-06,3교시,14500,국가유공자,7250,신용카드,접수완료,본인단독,,,"{""source_receipt"": ""DN2026006040"", ""education"": ""중학교졸업"", ""grade"": ""기능사"", ""exam_type"": ""상시CBT"", ""eligibility"": ""비전공자"", ""exam_center"": ""세종시험장"", ""payment_status"": ""완료"", ""discount_amount"": 7250}",2026-08-17 21:23:00
국가기술,두두넷,7910,한식조리기능사,유계순,010-1364-5815,F,1933-07-15,인천,2026-09-05,4교시,14500,장애인,7250,신용카드,결제대기,본인단독,,,"{""source_receipt"": ""DN2026899072"", ""education"": ""고등학교졸업"", ""grade"": ""기능사"", ""exam_type"": ""상시CBT"", ""eligibility"": ""비전공자"", ""exam_center"": ""인천시험장"", ""payment_status"": ""대기"", ""discount_amount"": 7250}",2026-08-17 15:53:00
국가기술,두두넷,7520,지게차운전기능사,강기철,010-2590-7955,M,1935-11-11,광주,2026-09-22,1교시,14500,없음,14500,신용카드,접수완료,본인단독,,,"{""source_receipt"": ""DN2026910849"", ""education"": ""대학교졸"", ""grade"": ""기능사"", ""exam_type"": ""상시CBT"", ""eligibility"": ""경력"", ""exam_center"": ""광주시험장"", ""payment_status"": ""완료"", ""discount_amount"": 0}",2026-08-01 11:45:00
국가기술,두두넷,7520,지게차운전기능사,홍동석,010-6666-4916,M,1928-01-19,충북,2026-11-13,3교시,14500,없음,14500,계좌이체,접수완료,본인단독,,,"{""source_receipt"": ""DN2026045964"", ""education"": ""고등학교졸업"", ""grade"": ""기능사"", ""exam_type"": ""상시CBT"", ""eligibility"": ""비전공자"", ""exam_center"": ""청주시험장"", ""payment_status"": ""완료"", ""discount_amount"": 0}",2026-08-03 18:46:00
국가기술,두두넷,7530,굴착기운전기능사,장만수,010-4456-9895,M,1932-11-27,세종,2026-09-07,4교시,14500,없음,14500,신용카드,취소,본인단독,,,"{""source_receipt"": ""DN2026124557"", ""education"": ""중학교졸업"", ""grade"": ""기능사"", ""exam_type"": ""상시CBT"", ""eligibility"": ""경력"", ""exam_center"": ""세종시험장"", ""payment_status"": ""환불"", ""discount_amount"": 0}",2026-08-17 22:20:00
국가기술,두두넷,7520,지게차운전기능사,백정순,010-1029-9142,F,1939-03-08,광주,2026-09-01,1교시,14500,기초생활수급자,7250,계좌이체,접수완료,가족보조,,,"{""source_receipt"": ""DN2026089941"", ""education"": ""고등학교졸업"", ""grade"": ""기능사"", ""exam_type"": ""상시CBT"", ""eligibility"": ""경력"", ""exam_center"": ""광주시험장"", ""payment_status"": ""완료"", ""discount_amount"": 7250}",2026-08-03 14:35:00
국가기술,두두넷,7520,지게차운전기능사,임정호,010-6325-6748,M,1947-09-09,인천,2026-11-14,1교시,14500,없음,14500,가상계좌,접수완료,본인단독,,,"{""source_receipt"": ""DN2026091956"", ""education"": ""고등학교졸업"", ""grade"": ""기능사"", ""exam_type"": ""상시CBT"", ""eligibility"": ""관련학과졸업"", ""exam_center"": ""인천시험장"", ""payment_status"": ""완료"", ""discount_amount"": 0}",2026-08-03 17:49:00
전문,두두넷,P002,공인중개사,정계순,010-1645-7059,F,1966-10-05,충북,2026-10-18,1교시,15200,없음,15200,가상계좌,접수완료,본인단독,,,"{""source_receipt"": ""DP2026056789"", ""education"": ""고등학교졸업"", ""exam_year"": 2026, ""exam_stage"": ""2차"", ""is_first_pass"": false, ""subjects"": [""공인중개사법"", ""부동산공법"", ""부동산공시법"", ""부동산세법""], ""exam_center"": ""청주시험장"", ""payment_status"": ""PAID""}",2026-08-19 13:50
전문,두두넷,P001,손해평가사,김운순,010-4062-7982,F,1965-05-16,강원,2026-10-20,2교시,30000,없음,30000,계좌이체,접수완료,본인단독,,,"{""source_receipt"": ""DP2026054149"", ""education"": ""전문대졸"", ""exam_year"": 2026, ""exam_stage"": ""1차"", ""is_first_pass"": false, ""subjects"": [""상법(보험편)"", ""농어업재해보험법규""], ""exam_center"": ""춘천시험장"", ""payment_status"": ""PAID""}",2026-08-10 14:00
전문,두두넷,P002,공인중개사,김만수,010-7998-8769,M,1962-04-24,전북,2026-10-15,3교시,15200,없음,15200,계좌이체,접수완료,가족보조,,,"{""source_receipt"": ""DP2026217694"", ""education"": ""전문대졸"", ""exam_year"": 2026, ""exam_stage"": ""2차"", ""is_first_pass"": true, ""subjects"": [""공인중개사법"", ""부동산공법"", ""부동산공시법"", ""부동산세법""], ""exam_center"": ""전주시험장"", ""payment_status"": ""PAID""}",2026-08-19 11:07
전문,두두넷,P001,손해평가사,백만복,010-2613-7810,M,1961-07-05,전북,2026-10-23,1교시,30000,없음,30000,계좌이체,접수완료,가족보조,,,"{""source_receipt"": ""DP2026039240"", ""education"": ""대학교졸"", ""exam_year"": 2026, ""exam_stage"": ""1차"", ""is_first_pass"": false, ""subjects"": [""상법(보험편)"", ""농어업재해보험법규""], ""exam_center"": ""전주시험장"", ""payment_status"": ""PAID""}",2026-08-09 16:58
전문,두두넷,P002,공인중개사,고인순,010-7754-5309,F,1959-12-02,광주,2026-10-21,3교시,15200,없음,15200,신용카드,접수완료,본인단독,,,"{""source_receipt"": ""DP2026122604"", ""education"": ""고등학교졸업"", ""exam_year"": 2026, ""exam_stage"": ""2차"", ""is_first_pass"": true, ""subjects"": [""공인중개사법"", ""부동산공법"", ""부동산공시법"", ""부동산세법""], ""exam_center"": ""광주시험장"", ""payment_status"": ""PAID""}",2026-08-13 21:31
전문,두두넷,P002,공인중개사,윤원호,010-9385-8610,M,1928-08-04,울산,2026-10-18,2교시,13400,없음,13400,신용카드,접수완료,본인단독,,,"{""source_receipt"": ""DP2026892219"", ""education"": ""초등학교졸업"", ""exam_year"": 2026, ""exam_stage"": ""1차"", ""is_first_pass"": false, ""subjects"": [""부동산학개론"", ""민법및민사특별법""], ""exam_center"": ""울산시험장"", ""payment_status"": ""PAID""}",2026-08-17 22:54
전문,두두넷,P002,공인중개사,문종수,010-8200-3150,M,1932-01-25,제주,2026-10-18,1교시,13400,장애인,13400,가상계좌,접수완료,본인단독,,,"{""source_receipt"": ""DP2026805054"", ""education"": ""초등학교졸업"", ""exam_year"": 2026, ""exam_stage"": ""1차"", ""is_first_pass"": false, ""subjects"": [""부동산학개론"", ""민법및민사특별법""], ""exam_center"": ""제주시험장"", ""payment_status"": ""PAID""}",2026-08-04 22:49
전문,두두넷,P001,손해평가사,최복남,010-1496-5004,M,1948-12-15,강원,2026-10-21,1교시,30000,없음,30000,신용카드,결제대기,본인단독,,,"{""source_receipt"": ""DP2026401201"", ""education"": ""중학교졸업"", ""exam_year"": 2026, ""exam_stage"": ""2차"", ""is_first_pass"": true, ""subjects"": [""농작물재해보험이론과실무"", ""가축재해보험이론과실무""], ""exam_center"": ""춘천시험장"", ""payment_status"": ""PENDING""}",2026-08-05 14:29
전문,두두넷,P002,공인중개사,임춘자,010-7723-7925,F,1948-07-09,경남,2026-10-17,2교시,15200,없음,15200,가상계좌,접수완료,본인단독,,,"{""source_receipt"": ""DP2026939847"", ""education"": ""고등학교졸업"", ""exam_year"": 2026, ""exam_stage"": ""2차"", ""is_first_pass"": true, ""subjects"": [""공인중개사법"", ""부동산공법"", ""부동산공시법"", ""부동산세법""], ""exam_center"": ""창원시험장"", ""payment_status"": ""PAID""}",2026-08-10 21:29
전문,두두넷,P001,손해평가사,양미자,010-1896-9588,F,1937-03-19,부산,2026-10-16,2교시,30000,없음,30000,신용카드,결제대기,본인단독,,,"{""source_receipt"": ""DP2026095622"", ""education"": ""대학교졸"", ""exam_year"": 2026, ""exam_stage"": ""1차"", ""is_first_pass"": false, ""subjects"": [""상법(보험편)"", ""농어업재해보험법규""], ""exam_center"": ""부산시험장"", ""payment_status"": ""PENDING""}",2026-08-12 16:58
전문,두두넷,P002,공인중개사,임영호,010-9175-4163,M,1964-11-12,충남,2026-10-25,3교시,13400,없음,13400,계좌이체,접수완료,본인단독,,,"{""source_receipt"": ""DP2026403906"", ""education"": ""대학교졸"", ""exam_year"": 2026, ""exam_stage"": ""1차"", ""is_first_pass"": false, ""subjects"": [""부동산학개론"", ""민법및민사특별법""], ""exam_center"": ""천안시험장"", ""payment_status"": ""PAID""}",2026-08-14 11:19
전문,두두넷,P001,손해평가사,윤운순,010-2883-5838,F,1958-01-01,경기,2026-10-16,3교시,30000,없음,30000,가상계좌,접수완료,본인단독,,,"{""source_receipt"": ""DP2026590819"", ""education"": ""대학원졸"", ""exam_year"": 2026, ""exam_stage"": ""2차"", ""is_first_pass"": true, ""subjects"": [""농작물재해보험이론과실무"", ""가축재해보험이론과실무""], ""exam_center"": ""성남시험장"", ""payment_status"": ""PAID""}",2026-08-01 19:15
전문,두두넷,P002,공인중개사,장태호,010-9769-6810,M,1936-12-13,충남,2026-10-20,3교시,13400,없음,13400,계좌이체,접수완료,본인단독,,,"{""source_receipt"": ""DP2026085728"", ""education"": ""대학교졸"", ""exam_year"": 2026, ""exam_stage"": ""1차"", ""is_first_pass"": false, ""subjects"": [""부동산학개론"", ""민법및민사특별법""], ""exam_center"": ""천안시험장"", ""payment_status"": ""PAID""}",2026-08-01 21:09
전문,두두넷,P002,공인중개사,황선옥,010-6087-7516,F,1959-04-28,대구,2026-10-19,1교시,13400,없음,13400,계좌이체,접수완료,본인단독,,,"{""source_receipt"": ""DP2026268235"", ""education"": ""고등학교졸업"", ""exam_year"": 2026, ""exam_stage"": ""1차"", ""is_first_pass"": false, ""subjects"": [""부동산학개론"", ""민법및민사특별법""], ""exam_center"": ""대구시험장"", ""payment_status"": ""PAID""}",2026-08-14 10:39
전문,두두넷,P001,손해평가사,백금순,010-4558-8008,F,1945-11-26,제주,2026-10-24,3교시,30000,없음,30000,가상계좌,접수완료,본인단독,,,"{""source_receipt"": ""DP2026920834"", ""education"": ""고등학교졸업"", ""exam_year"": 2026, ""exam_stage"": ""1차"", ""is_first_pass"": false, ""subjects"": [""상법(보험편)"", ""농어업재해보험법규""], ""exam_center"": ""제주시험장"", ""payment_status"": ""PAID""}",2026-08-18 12:41
전문,두두넷,P002,공인중개사,우용기,010-3165-8816,M,1952-03-18,제주,2026-10-21,3교시,13400,없음,13400,계좌이체,접수완료,가족보조,,,"{""source_receipt"": ""DP2026115266"", ""education"": ""고등학교졸업"", ""exam_year"": 2026, ""exam_stage"": ""1차"", ""is_first_pass"": false, ""subjects"": [""부동산학개론"", ""민법및민사특별법""], ""exam_center"": ""제주시험장"", ""payment_status"": ""PAID""}",2026-08-02 14:02
전문,두두넷,P001,손해평가사,백만복,010-7425-3851,M,1953-08-27,전남,2026-10-16,1교시,30000,없음,30000,계좌이체,결제대기,본인단독,,,"{""source_receipt"": ""DP2026314428"", ""education"": ""대학교졸"", ""exam_year"": 2026, ""exam_stage"": ""2차"", ""is_first_pass"": true, ""subjects"": [""농작물재해보험이론과실무"", ""가축재해보험이론과실무""], ""exam_center"": ""순천시험장"", ""payment_status"": ""PENDING""}",2026-08-18 22:02
전문,두두넷,P001,손해평가사,양갑수,010-1064-8394,M,1956-06-11,대구,2026-10-22,1교시,30000,없음,30000,가상계좌,접수완료,본인단독,,,"{""source_receipt"": ""DP2026036877"", ""education"": ""대학원졸"", ""exam_year"": 2026, ""exam_stage"": ""1차"", ""is_first_pass"": false, ""subjects"": [""상법(보험편)"", ""농어업재해보험법규""], ""exam_center"": ""대구시험장"", ""payment_status"": ""PAID""}",2026-08-06 16:35
전문,두두넷,P002,공인중개사,백미자,010-1638-4373,F,1941-04-03,경남,2026-10-24,1교시,15200,없음,15200,신용카드,결제대기,가족보조,,,"{""source_receipt"": ""DP2026532008"", ""education"": ""대학교졸"", ""exam_year"": 2026, ""exam_stage"": ""2차"", ""is_first_pass"": true, ""subjects"": [""공인중개사법"", ""부동산공법"", ""부동산공시법"", ""부동산세법""], ""exam_center"": ""창원시험장"", ""payment_status"": ""PENDING""}",2026-08-07 16:36
전문,두두넷,P001,손해평가사,허순옥,010-7982-6257,F,1930-10-03,서울,2026-10-19,1교시,30000,없음,30000,신용카드,접수완료,가족보조,,,"{""source_receipt"": ""DP2026476455"", ""education"": ""대학교졸"", ""exam_year"": 2026, ""exam_stage"": ""1차"", ""is_first_pass"": false, ""subjects"": [""상법(보험편)"", ""농어업재해보험법규""], ""exam_center"": ""서울남부시험장"", ""payment_status"": ""PAID""}",2026-08-03 10:43
전문,두두넷,P001,손해평가사,심필호,010-9569-2663,M,1940-06-25,세종,2026-10-21,2교시,30000,없음,30000,가상계좌,접수완료,본인단독,,,"{""source_receipt"": ""DP2026490286"", ""education"": ""고등학교졸업"", ""exam_year"": 2026, ""exam_stage"": ""1차"", ""is_first_pass"": false, ""subjects"": [""상법(보험편)"", ""농어업재해보험법규""], ""exam_center"": ""세종시험장"", ""payment_status"": ""PAID""}",2026-08-16 17:34
전문,두두넷,P001,손해평가사,임점순,010-8227-3507,F,1942-09-02,서울,2026-10-24,1교시,30000,없음,30000,가상계좌,접수완료,본인단독,,,"{""source_receipt"": ""DP2026426053"", ""education"": ""중학교졸업"", ""exam_year"": 2026, ""exam_stage"": ""2차"", ""is_first_pass"": true, ""subjects"": [""농작물재해보험이론과실무"", ""가축재해보험이론과실무""], ""exam_center"": ""서울2시험장"", ""payment_status"": ""PAID""}",2026-08-08 16:19
전문,두두넷,P002,공인중개사,손순옥,010-1208-4202,F,1937-08-17,세종,2026-10-16,3교시,13400,없음,13400,계좌이체,접수완료,가족보조,,,"{""source_receipt"": ""DP2026766907"", ""education"": ""고등학교졸업"", ""exam_year"": 2026, ""exam_stage"": ""1차"", ""is_first_pass"": false, ""subjects"": [""부동산학개론"", ""민법및민사특별법""], ""exam_center"": ""세종시험장"", ""payment_status"": ""PAID""}",2026-08-04 13:50
전문,두두넷,P001,손해평가사,우말자,010-5628-9967,F,1947-12-27,전북,2026-10-19,1교시,30000,없음,30000,계좌이체,접수완료,가족보조,,,"{""source_receipt"": ""DP2026001395"", ""education"": ""고등학교졸업"", ""exam_year"": 2026, ""exam_stage"": ""1차"", ""is_first_pass"": false, ""subjects"": [""상법(보험편)"", ""농어업재해보험법규""], ""exam_center"": ""전주시험장"", ""payment_status"": ""PAID""}",2026-08-09 21:07
전문,두두넷,P001,손해평가사,고상원,010-2920-5442,M,1929-04-05,광주,2026-10-24,1교시,30000,기초생활수급자,30000,계좌이체,접수완료,가족보조,,,"{""source_receipt"": ""DP2026707325"", ""education"": ""전문대졸"", ""exam_year"": 2026, ""exam_stage"": ""1차"", ""is_first_pass"": false, ""subjects"": [""상법(보험편)"", ""농어업재해보험법규""], ""exam_center"": ""광주시험장"", ""payment_status"": ""PAID""}",2026-08-09 13:07
전문,두두넷,P001,손해평가사,한옥분,010-2396-6639,F,1937-02-25,전북,2026-10-22,3교시,30000,없음,30000,가상계좌,접수완료,본인단독,,,"{""source_receipt"": ""DP2026696119"", ""education"": ""대학교졸"", ""exam_year"": 2026, ""exam_stage"": ""2차"", ""is_first_pass"": true, ""subjects"": [""농작물재해보험이론과실무"", ""가축재해보험이론과실무""], ""exam_center"": ""전주시험장"", ""payment_status"": ""PAID""}",2026-08-17 20:27
전문,두두넷,P001,손해평가사,조원호,010-8419-7412,M,1945-02-20,경북,2026-10-18,3교시,30000,기초생활수급자,30000,계좌이체,접수완료,본인단독,,,"{""source_receipt"": ""DP2026042912"", ""education"": ""고등학교졸업"", ""exam_year"": 2026, ""exam_stage"": ""1차"", ""is_first_pass"": false, ""subjects"": [""상법(보험편)"", ""농어업재해보험법규""], ""exam_center"": ""포항시험장"", ""payment_status"": ""PAID""}",2026-08-12 09:55
전문,두두넷,P001,손해평가사,곽만수,010-8949-3895,M,1948-04-13,부산,2026-10-21,2교시,30000,없음,30000,신용카드,접수완료,가족보조,,,"{""source_receipt"": ""DP2026299911"", ""education"": ""전문대졸"", ""exam_year"": 2026, ""exam_stage"": ""1차"", ""is_first_pass"": false, ""subjects"": [""상법(보험편)"", ""농어업재해보험법규""], ""exam_center"": ""부산시험장"", ""payment_status"": ""PAID""}",2026-08-07 15:49
전문,두두넷,P001,손해평가사,강영수,010-6245-5399,M,1933-04-11,전북,2026-10-18,3교시,30000,없음,30000,가상계좌,접수완료,가족보조,,,"{""source_receipt"": ""DP2026728247"", ""education"": ""중학교졸업"", ""exam_year"": 2026, ""exam_stage"": ""1차"", ""is_first_pass"": false, ""subjects"": [""상법(보험편)"", ""농어업재해보험법규""], ""exam_center"": ""전주시험장"", ""payment_status"": ""PAID""}",2026-08-12 19:26
전문,두두넷,P002,공인중개사,김춘희,010-9090-3451,F,1960-05-28,울산,2026-10-21,2교시,13400,없음,13400,신용카드,접수완료,본인단독,,,"{""source_receipt"": ""DP2026419356"", ""education"": ""대학교졸"", ""exam_year"": 2026, ""exam_stage"": ""1차"", ""is_first_pass"": false, ""subjects"": [""부동산학개론"", ""민법및민사특별법""], ""exam_center"": ""울산시험장"", ""payment_status"": ""PAID""}",2026-08-03 15:26
전문,두두넷,P001,손해평가사,정동석,010-4887-8567,M,1966-08-10,부산,2026-10-17,3교시,30000,없음,30000,계좌이체,접수완료,본인단독,,,"{""source_receipt"": ""DP2026075401"", ""education"": ""전문대졸"", ""exam_year"": 2026, ""exam_stage"": ""1차"", ""is_first_pass"": false, ""subjects"": [""상법(보험편)"", ""농어업재해보험법규""], ""exam_center"": ""부산남부시험장"", ""payment_status"": ""PAID""}",2026-08-08 19:01
전문,두두넷,P001,손해평가사,주영수,010-1360-8189,M,1935-12-22,전남,2026-10-24,1교시,30000,없음,30000,신용카드,접수완료,가족보조,,,"{""source_receipt"": ""DP2026208351"", ""education"": ""고등학교졸업"", ""exam_year"": 2026, ""exam_stage"": ""2차"", ""is_first_pass"": true, ""subjects"": [""농작물재해보험이론과실무"", ""가축재해보험이론과실무""], ""exam_center"": ""순천시험장"", ""payment_status"": ""PAID""}",2026-08-16 18:27
전문,두두넷,P002,공인중개사,강용기,010-6566-3317,M,1948-04-03,강원,2026-10-24,3교시,15200,없음,15200,신용카드,접수완료,본인단독,,,"{""source_receipt"": ""DP2026745384"", ""education"": ""전문대졸"", ""exam_year"": 2026, ""exam_stage"": ""2차"", ""is_first_pass"": true, ""subjects"": [""공인중개사법"", ""부동산공법"", ""부동산공시법"", ""부동산세법""], ""exam_center"": ""춘천시험장"", ""payment_status"": ""PAID""}",2026-08-01 21:15
전문,두두넷,P001,손해평가사,유영호,010-2676-1209,M,1965-02-28,강원,2026-10-25,3교시,30000,없음,30000,계좌이체,결제대기,가족보조,,,"{""source_receipt"": ""DP2026119134"", ""education"": ""고등학교졸업"", ""exam_year"": 2026, ""exam_stage"": ""2차"", ""is_first_pass"": true, ""subjects"": [""농작물재해보험이론과실무"", ""가축재해보험이론과실무""], ""exam_center"": ""춘천시험장"", ""payment_status"": ""PENDING""}",2026-08-08 17:11
전문,두두넷,P002,공인중개사,김정자,010-6356-8048,F,1934-09-07,대전,2026-10-15,3교시,15200,없음,15200,신용카드,접수완료,본인단독,,,"{""source_receipt"": ""DP2026624332"", ""education"": ""고등학교졸업"", ""exam_year"": 2026, ""exam_stage"": ""2차"", ""is_first_pass"": false, ""subjects"": [""공인중개사법"", ""부동산공법"", ""부동산공시법"", ""부동산세법""], ""exam_center"": ""대전시험장"", ""payment_status"": ""PAID""}",2026-08-09 15:49
전문,두두넷,P002,공인중개사,백성호,010-6110-5771,M,1929-05-27,제주,2026-10-22,2교시,15200,없음,15200,계좌이체,접수완료,가족보조,,,"{""source_receipt"": ""DP2026841460"", ""education"": ""고등학교졸업"", ""exam_year"": 2026, ""exam_stage"": ""2차"", ""is_first_pass"": true, ""subjects"": [""공인중개사법"", ""부동산공법"", ""부동산공시법"", ""부동산세법""], ""exam_center"": ""제주시험장"", ""payment_status"": ""PAID""}",2026-08-07 12:44
전문,두두넷,P002,공인중개사,성갑수,010-1454-1707,M,1938-11-10,제주,2026-10-18,3교시,13400,없음,13400,가상계좌,취소,가족보조,,,"{""source_receipt"": ""DP2026163355"", ""education"": ""중학교졸업"", ""exam_year"": 2026, ""exam_stage"": ""1차"", ""is_first_pass"": false, ""subjects"": [""부동산학개론"", ""민법및민사특별법""], ""exam_center"": ""제주시험장"", ""payment_status"": ""REFUNDED""}",2026-08-03 19:19
전문,두두넷,P002,공인중개사,심춘자,010-3068-8917,F,1958-06-04,세종,2026-10-20,3교시,15200,없음,15200,가상계좌,접수완료,가족보조,,,"{""source_receipt"": ""DP2026816232"", ""education"": ""중학교졸업"", ""exam_year"": 2026, ""exam_stage"": ""2차"", ""is_first_pass"": true, ""subjects"": [""공인중개사법"", ""부동산공법"", ""부동산공시법"", ""부동산세법""], ""exam_center"": ""세종시험장"", ""payment_status"": ""PAID""}",2026-08-01 16:06
전문,두두넷,P001,손해평가사,배삼석,010-7278-3148,M,1942-10-08,강원,2026-10-22,3교시,30000,없음,30000,가상계좌,접수완료,본인단독,,,"{""source_receipt"": ""DP2026466280"", ""education"": ""대학원졸"", ""exam_year"": 2026, ""exam_stage"": ""1차"", ""is_first_pass"": false, ""subjects"": [""상법(보험편)"", ""농어업재해보험법규""], ""exam_center"": ""춘천시험장"", ""payment_status"": ""PAID""}",2026-08-13 09:13
전문,두두넷,P001,손해평가사,하계순,010-1200-7850,F,1936-12-06,인천,2026-10-21,2교시,30000,없음,30000,계좌이체,접수완료,본인단독,,,"{""source_receipt"": ""DP2026949242"", ""education"": ""고등학교졸업"", ""exam_year"": 2026, ""exam_stage"": ""1차"", ""is_first_pass"": false, ""subjects"": [""상법(보험편)"", ""농어업재해보험법규""], ""exam_center"": ""인천시험장"", ""payment_status"": ""PAID""}",2026-08-08 21:47
전문,두두넷,P001,손해평가사,최용기,010-7432-6071,M,1939-06-24,충북,2026-10-19,3교시,30000,없음,30000,계좌이체,접수완료,본인단독,,,"{""source_receipt"": ""DP2026839574"", ""education"": ""고등학교졸업"", ""exam_year"": 2026, ""exam_stage"": ""2차"", ""is_first_pass"": true, ""subjects"": [""농작물재해보험이론과실무"", ""가축재해보험이론과실무""], ""exam_center"": ""청주시험장"", ""payment_status"": ""PAID""}",2026-08-11 19:18
전문,두두넷,P001,손해평가사,하정자,010-4749-7971,F,1961-12-04,충북,2026-10-23,3교시,30000,없음,30000,신용카드,취소,본인단독,,,"{""source_receipt"": ""DP2026449325"", ""education"": ""중학교졸업"", ""exam_year"": 2026, ""exam_stage"": ""1차"", ""is_first_pass"": false, ""subjects"": [""상법(보험편)"", ""농어업재해보험법규""], ""exam_center"": ""청주시험장"", ""payment_status"": ""REFUNDED""}",2026-08-07 20:19
전문,두두넷,P002,공인중개사,남만수,010-8014-1043,M,1936-05-10,강원,2026-10-22,1교시,15200,없음,15200,가상계좌,접수완료,가족보조,,,"{""source_receipt"": ""DP2026094381"", ""education"": ""고등학교졸업"", ""exam_year"": 2026, ""exam_stage"": ""2차"", ""is_first_pass"": true, ""subjects"": [""공인중개사법"", ""부동산공법"", ""부동산공시법"", ""부동산세법""], ""exam_center"": ""춘천시험장"", ""payment_status"": ""PAID""}",2026-08-05 22:22
전문,두두넷,P002,공인중개사,고태호,010-1030-9441,M,1933-02-19,충남,2026-10-22,3교시,13400,없음,13400,계좌이체,접수완료,본인단독,,,"{""source_receipt"": ""DP2026264004"", ""education"": ""고등학교졸업"", ""exam_year"": 2026, ""exam_stage"": ""1차"", ""is_first_pass"": false, ""subjects"": [""부동산학개론"", ""민법및민사특별법""], ""exam_center"": ""천안시험장"", ""payment_status"": ""PAID""}",2026-08-16 15:07
전문,두두넷,P002,공인중개사,이상원,010-4827-7602,M,1950-03-25,제주,2026-10-24,1교시,13400,없음,13400,가상계좌,접수완료,본인단독,,,"{""source_receipt"": ""DP2026876736"", ""education"": ""고등학교졸업"", ""exam_year"": 2026, ""exam_stage"": ""1차"", ""is_first_pass"": false, ""subjects"": [""부동산학개론"", ""민법및민사특별법""], ""exam_center"": ""제주시험장"", ""payment_status"": ""PAID""}",2026-08-18 14:59
전문,두두넷,P001,손해평가사,안금순,010-6986-6371,F,1936-09-17,경남,2026-10-16,3교시,30000,없음,30000,신용카드,접수완료,가족보조,,,"{""source_receipt"": ""DP2026016878"", ""education"": ""고등학교졸업"", ""exam_year"": 2026, ""exam_stage"": ""2차"", ""is_first_pass"": true, ""subjects"": [""농작물재해보험이론과실무"", ""가축재해보험이론과실무""], ""exam_center"": ""창원시험장"", ""payment_status"": ""PAID""}",2026-08-16 18:17
전문,두두넷,P002,공인중개사,장기철,010-3105-8766,M,1948-07-24,전북,2026-10-25,2교시,13400,없음,13400,신용카드,접수완료,본인단독,,,"{""source_receipt"": ""DP2026954141"", ""education"": ""대학교졸"", ""exam_year"": 2026, ""exam_stage"": ""1차"", ""is_first_pass"": false, ""subjects"": [""부동산학개론"", ""민법및민사특별법""], ""exam_center"": ""전주시험장"", ""payment_status"": ""PAID""}",2026-08-17 21:12
전문,두두넷,P002,공인중개사,장명자,010-5297-9787,F,1937-05-16,대전,2026-10-22,3교시,15200,없음,15200,계좌이체,접수완료,본인단독,,,"{""source_receipt"": ""DP2026809900"", ""education"": ""중학교졸업"", ""exam_year"": 2026, ""exam_stage"": ""2차"", ""is_first_pass"": false, ""subjects"": [""공인중개사법"", ""부동산공법"", ""부동산공시법"", ""부동산세법""], ""exam_center"": ""대전시험장"", ""payment_status"": ""PAID""}",2026-08-17 22:16
전문,두두넷,P001,손해평가사,강병수,010-7723-1495,M,1963-02-24,경남,2026-10-18,3교시,30000,없음,30000,가상계좌,접수완료,가족보조,,,"{""source_receipt"": ""DP2026983270"", ""education"": ""중학교졸업"", ""exam_year"": 2026, ""exam_stage"": ""2차"", ""is_first_pass"": true, ""subjects"": [""농작물재해보험이론과실무"", ""가축재해보험이론과실무""], ""exam_center"": ""창원시험장"", ""payment_status"": ""PAID""}",2026-08-04 19:53
전문,두두넷,P002,공인중개사,홍성호,010-1734-5292,M,1956-04-25,강원,2026-10-18,2교시,15200,없음,15200,신용카드,취소,가족보조,,,"{""source_receipt"": ""DP2026661592"", ""education"": ""고등학교졸업"", ""exam_year"": 2026, ""exam_stage"": ""2차"", ""is_first_pass"": true, ""subjects"": [""공인중개사법"", ""부동산공법"", ""부동산공시법"", ""부동산세법""], ""exam_center"": ""춘천시험장"", ""payment_status"": ""REFUNDED""}",2026-08-08 21:40
전문,두두넷,P002,공인중개사,이옥희,010-9292-6479,F,1958-12-05,제주,2026-10-25,3교시,15200,없음,15200,계좌이체,접수완료,가족보조,,,"{""source_receipt"": ""DP2026839460"", ""education"": ""대학원졸"", ""exam_year"": 2026, ""exam_stage"": ""2차"", ""is_first_pass"": true, ""subjects"": [""공인중개사법"", ""부동산공법"", ""부동산공시법"", ""부동산세법""], ""exam_center"": ""제주시험장"", ""payment_status"": ""PAID""}",2026-08-19 09:40
전문,두두넷,P001,손해평가사,정귀순,010-1538-6610,F,1929-08-14,전북,2026-10-25,2교시,30000,없음,30000,신용카드,접수완료,본인단독,,,"{""source_receipt"": ""DP2026513368"", ""education"": ""대학교졸"", ""exam_year"": 2026, ""exam_stage"": ""1차"", ""is_first_pass"": false, ""subjects"": [""상법(보험편)"", ""농어업재해보험법규""], ""exam_center"": ""전주시험장"", ""payment_status"": ""PAID""}",2026-08-08 11:43
전문,두두넷,P002,공인중개사,황기철,010-5743-8274,M,1939-09-16,경기,2026-10-21,3교시,15200,없음,15200,계좌이체,접수완료,가족보조,,,"{""source_receipt"": ""DP2026257388"", ""education"": ""전문대졸"", ""exam_year"": 2026, ""exam_stage"": ""2차"", ""is_first_pass"": true, ""subjects"": [""공인중개사법"", ""부동산공법"", ""부동산공시법"", ""부동산세법""], ""exam_center"": ""수원시험장"", ""payment_status"": ""PAID""}",2026-08-13 11:06
전문,두두넷,P002,공인중개사,유원호,010-2008-8852,M,1931-08-26,강원,2026-10-19,3교시,13400,없음,13400,신용카드,접수완료,본인단독,,,"{""source_receipt"": ""DP2026224966"", ""education"": ""무학"", ""exam_year"": 2026, ""exam_stage"": ""1차"", ""is_first_pass"": false, ""subjects"": [""부동산학개론"", ""민법및민사특별법""], ""exam_center"": ""춘천시험장"", ""payment_status"": ""PAID""}",2026-08-08 11:45
전문,두두넷,P001,손해평가사,구영호,010-8012-2856,M,1931-06-11,울산,2026-10-18,2교시,30000,없음,30000,가상계좌,접수완료,가족보조,,,"{""source_receipt"": ""DP2026332724"", ""education"": ""고등학교졸업"", ""exam_year"": 2026, ""exam_stage"": ""2차"", ""is_first_pass"": true, ""subjects"": [""농작물재해보험이론과실무"", ""가축재해보험이론과실무""], ""exam_center"": ""울산시험장"", ""payment_status"": ""PAID""}",2026-08-07 20:59
전문,두두넷,P001,손해평가사,오말순,010-4765-4558,F,1955-09-02,인천,2026-10-22,1교시,30000,없음,30000,신용카드,접수완료,본인단독,,,"{""source_receipt"": ""DP2026708673"", ""education"": ""대학교졸"", ""exam_year"": 2026, ""exam_stage"": ""1차"", ""is_first_pass"": false, ""subjects"": [""상법(보험편)"", ""농어업재해보험법규""], ""exam_center"": ""인천시험장"", ""payment_status"": ""PAID""}",2026-08-04 22:45
전문,두두넷,P002,공인중개사,차정호,010-1348-2242,M,1928-07-04,부산,2026-10-24,2교시,13400,없음,13400,계좌이체,접수완료,가족보조,,,"{""source_receipt"": ""DP2026194158"", ""education"": ""대학원졸"", ""exam_year"": 2026, ""exam_stage"": ""1차"", ""is_first_pass"": false, ""subjects"": [""부동산학개론"", ""민법및민사특별법""], ""exam_center"": ""부산시험장"", ""payment_status"": ""PAID""}",2026-08-08 10:44
전문,두두넷,P002,공인중개사,차정호,010-9144-3042,M,1961-03-14,경북,2026-10-19,2교시,15200,없음,15200,신용카드,접수완료,가족보조,,,"{""source_receipt"": ""DP2026352751"", ""education"": ""고등학교졸업"", ""exam_year"": 2026, ""exam_stage"": ""2차"", ""is_first_pass"": true, ""subjects"": [""공인중개사법"", ""부동산공법"", ""부동산공시법"", ""부동산세법""], ""exam_center"": ""포항시험장"", ""payment_status"": ""PAID""}",2026-08-03 20:05
전문,두두넷,P001,손해평가사,최기철,010-7070-3287,M,1956-02-11,경기,2026-10-21,2교시,30000,없음,30000,가상계좌,접수완료,본인단독,,,"{""source_receipt"": ""DP2026996783"", ""education"": ""대학교졸"", ""exam_year"": 2026, ""exam_stage"": ""2차"", ""is_first_pass"": true, ""subjects"": [""농작물재해보험이론과실무"", ""가축재해보험이론과실무""], ""exam_center"": ""수원시험장"", ""payment_status"": ""PAID""}",2026-08-02 22:24
전문,두두넷,P001,손해평가사,장점순,010-2841-1433,F,1952-04-20,울산,2026-10-18,1교시,30000,없음,30000,가상계좌,접수완료,본인단독,,,"{""source_receipt"": ""DP2026923641"", ""education"": ""고등학교졸업"", ""exam_year"": 2026, ""exam_stage"": ""2차"", ""is_first_pass"": true, ""subjects"": [""농작물재해보험이론과실무"", ""가축재해보험이론과실무""], ""exam_center"": ""울산시험장"", ""payment_status"": ""PAID""}",2026-08-13 17:02
전문,두두넷,P002,공인중개사,조복순,010-7179-2105,F,1936-08-15,대전,2026-10-25,1교시,15200,없음,15200,가상계좌,접수완료,본인단독,,,"{""source_receipt"": ""DP2026562904"", ""education"": ""대학교졸"", ""exam_year"": 2026, ""exam_stage"": ""2차"", ""is_first_pass"": true, ""subjects"": [""공인중개사법"", ""부동산공법"", ""부동산공시법"", ""부동산세법""], ""exam_center"": ""대전시험장"", ""payment_status"": ""PAID""}",2026-08-15 17:33
전문,두두넷,P002,공인중개사,김필순,010-2501-4664,F,1962-10-13,광주,2026-10-23,1교시,15200,없음,15200,계좌이체,접수완료,본인단독,,,"{""source_receipt"": ""DP2026063073"", ""education"": ""초등학교졸업"", ""exam_year"": 2026, ""exam_stage"": ""2차"", ""is_first_pass"": true, ""subjects"": [""공인중개사법"", ""부동산공법"", ""부동산공시법"", ""부동산세법""], ""exam_center"": ""광주시험장"", ""payment_status"": ""PAID""}",2026-08-07 10:41
전문,두두넷,P002,공인중개사,남영자,010-7574-5789,F,1933-03-26,경기,2026-10-19,3교시,13400,장애인,13400,가상계좌,접수완료,가족보조,,,"{""source_receipt"": ""DP2026125236"", ""education"": ""대학원졸"", ""exam_year"": 2026, ""exam_stage"": ""1차"", ""is_first_pass"": false, ""subjects"": [""부동산학개론"", ""민법및민사특별법""], ""exam_center"": ""수원시험장"", ""payment_status"": ""PAID""}",2026-08-16 20:19
전문,두두넷,P002,공인중개사,오운순,010-4648-4561,F,1941-05-12,인천,2026-10-16,3교시,13400,없음,13400,신용카드,접수완료,본인단독,,,"{""source_receipt"": ""DP2026619578"", ""education"": ""고등학교졸업"", ""exam_year"": 2026, ""exam_stage"": ""1차"", ""is_first_pass"": false, ""subjects"": [""부동산학개론"", ""민법및민사특별법""], ""exam_center"": ""인천시험장"", ""payment_status"": ""PAID""}",2026-08-10 22:57
전문,두두넷,P001,손해평가사,민정순,010-5602-3163,F,1956-03-05,경북,2026-10-16,3교시,30000,없음,30000,신용카드,접수완료,본인단독,,,"{""source_receipt"": ""DP2026567093"", ""education"": ""대학교졸"", ""exam_year"": 2026, ""exam_stage"": ""1차"", ""is_first_pass"": false, ""subjects"": [""상법(보험편)"", ""농어업재해보험법규""], ""exam_center"": ""포항시험장"", ""payment_status"": ""PAID""}",2026-08-13 18:03
전문,두두넷,P001,손해평가사,한선옥,010-6505-6049,F,1937-05-20,충남,2026-10-20,2교시,30000,없음,30000,신용카드,접수완료,본인단독,,,"{""source_receipt"": ""DP2026423525"", ""education"": ""고등학교졸업"", ""exam_year"": 2026, ""exam_stage"": ""1차"", ""is_first_pass"": false, ""subjects"": [""상법(보험편)"", ""농어업재해보험법규""], ""exam_center"": ""천안시험장"", ""payment_status"": ""PAID""}",2026-08-01 09:06
전문,두두넷,P001,손해평가사,성필순,010-4052-1049,F,1956-03-25,충북,2026-10-22,3교시,30000,장애인,30000,계좌이체,접수완료,가족보조,,,"{""source_receipt"": ""DP2026292904"", ""education"": ""중학교졸업"", ""exam_year"": 2026, ""exam_stage"": ""1차"", ""is_first_pass"": false, ""subjects"": [""상법(보험편)"", ""농어업재해보험법규""], ""exam_center"": ""청주시험장"", ""payment_status"": ""PAID""}",2026-08-17 12:49
전문,두두넷,P002,공인중개사,곽순옥,010-6947-8203,F,1957-02-16,제주,2026-10-25,2교시,13400,없음,13400,신용카드,접수완료,가족보조,,,"{""source_receipt"": ""DP2026135270"", ""education"": ""고등학교졸업"", ""exam_year"": 2026, ""exam_stage"": ""1차"", ""is_first_pass"": false, ""subjects"": [""부동산학개론"", ""민법및민사특별법""], ""exam_center"": ""제주시험장"", ""payment_status"": ""PAID""}",2026-08-05 16:48
전문,두두넷,P002,공인중개사,신갑순,010-3571-5727,F,1965-04-23,경남,2026-10-21,2교시,15200,없음,15200,신용카드,접수완료,본인단독,,,"{""source_receipt"": ""DP2026307965"", ""education"": ""대학원졸"", ""exam_year"": 2026, ""exam_stage"": ""2차"", ""is_first_pass"": false, ""subjects"": [""공인중개사법"", ""부동산공법"", ""부동산공시법"", ""부동산세법""], ""exam_center"": ""창원시험장"", ""payment_status"": ""PAID""}",2026-08-08 12:24
전문,두두넷,P001,손해평가사,남운순,010-5204-8246,F,1947-11-25,전북,2026-10-21,3교시,30000,장애인,30000,가상계좌,접수완료,가족보조,,,"{""source_receipt"": ""DP2026278476"", ""education"": ""초등학교졸업"", ""exam_year"": 2026, ""exam_stage"": ""2차"", ""is_first_pass"": true, ""subjects"": [""농작물재해보험이론과실무"", ""가축재해보험이론과실무""], ""exam_center"": ""전주시험장"", ""payment_status"": ""PAID""}",2026-08-19 16:45
전문,두두넷,P002,공인중개사,주만복,010-5489-2154,M,1948-07-22,인천,2026-10-22,3교시,15200,없음,15200,신용카드,접수완료,가족보조,,,"{""source_receipt"": ""DP2026151511"", ""education"": ""대학원졸"", ""exam_year"": 2026, ""exam_stage"": ""2차"", ""is_first_pass"": true, ""subjects"": [""공인중개사법"", ""부동산공법"", ""부동산공시법"", ""부동산세법""], ""exam_center"": ""인천시험장"", ""payment_status"": ""PAID""}",2026-08-16 15:18
전문,두두넷,P002,공인중개사,손용기,010-7132-3089,M,1942-02-23,전남,2026-10-17,2교시,15200,없음,15200,가상계좌,취소,본인단독,,,"{""source_receipt"": ""DP2026438997"", ""education"": ""대학교졸"", ""exam_year"": 2026, ""exam_stage"": ""2차"", ""is_first_pass"": true, ""subjects"": [""공인중개사법"", ""부동산공법"", ""부동산공시법"", ""부동산세법""], ""exam_center"": ""순천시험장"", ""payment_status"": ""REFUNDED""}",2026-08-09 16:12
전문,두두넷,P002,공인중개사,민병수,010-6221-2275,M,1962-10-08,경기,2026-10-23,3교시,15200,없음,15200,가상계좌,접수완료,본인단독,,,"{""source_receipt"": ""DP2026745893"", ""education"": ""무학"", ""exam_year"": 2026, ""exam_stage"": ""2차"", ""is_first_pass"": true, ""subjects"": [""공인중개사법"", ""부동산공법"", ""부동산공시법"", ""부동산세법""], ""exam_center"": ""성남시험장"", ""payment_status"": ""PAID""}",2026-08-18 13:55
전문,두두넷,P001,손해평가사,임인순,010-4166-3631,F,1934-08-21,서울,2026-10-22,2교시,30000,없음,30000,가상계좌,접수완료,본인단독,,,"{""source_receipt"": ""DP2026789189"", ""education"": ""중학교졸업"", ""exam_year"": 2026, ""exam_stage"": ""1차"", ""is_first_pass"": false, ""subjects"": [""상법(보험편)"", ""농어업재해보험법규""], ""exam_center"": ""서울2시험장"", ""payment_status"": ""PAID""}",2026-08-10 20:14
전문,두두넷,P001,손해평가사,문미자,010-7614-2780,F,1952-12-15,광주,2026-10-16,1교시,30000,없음,30000,계좌이체,접수완료,가족보조,,,"{""source_receipt"": ""DP2026044715"", ""education"": ""전문대졸"", ""exam_year"": 2026, ""exam_stage"": ""2차"", ""is_first_pass"": true, ""subjects"": [""농작물재해보험이론과실무"", ""가축재해보험이론과실무""], ""exam_center"": ""광주시험장"", ""payment_status"": ""PAID""}",2026-08-13 16:44
전문,두두넷,P002,공인중개사,전삼석,010-3704-9296,M,1948-08-14,인천,2026-10-20,2교시,13400,없음,13400,가상계좌,접수완료,가족보조,,,"{""source_receipt"": ""DP2026302030"", ""education"": ""고등학교졸업"", ""exam_year"": 2026, ""exam_stage"": ""1차"", ""is_first_pass"": false, ""subjects"": [""부동산학개론"", ""민법및민사특별법""], ""exam_center"": ""인천시험장"", ""payment_status"": ""PAID""}",2026-08-01 18:33
전문,두두넷,P002,공인중개사,임갑수,010-5522-4905,M,1955-04-13,전남,2026-10-25,3교시,13400,없음,13400,가상계좌,접수완료,가족보조,,,"{""source_receipt"": ""DP2026447789"", ""education"": ""초등학교졸업"", ""exam_year"": 2026, ""exam_stage"": ""1차"", ""is_first_pass"": false, ""subjects"": [""부동산학개론"", ""민법및민사특별법""], ""exam_center"": ""순천시험장"", ""payment_status"": ""PAID""}",2026-08-13 22:55
전문,두두넷,P001,손해평가사,고용기,010-1315-7902,M,1928-08-07,강원,2026-10-17,1교시,30000,없음,30000,가상계좌,접수완료,본인단독,,,"{""source_receipt"": ""DP2026492983"", ""education"": ""대학원졸"", ""exam_year"": 2026, ""exam_stage"": ""1차"", ""is_first_pass"": false, ""subjects"": [""상법(보험편)"", ""농어업재해보험법규""], ""exam_center"": ""춘천시험장"", ""payment_status"": ""PAID""}",2026-08-05 18:02
전문,두두넷,P001,손해평가사,장상길,010-4239-4971,M,1950-05-07,광주,2026-10-18,1교시,30000,없음,30000,계좌이체,접수완료,가족보조,,,"{""source_receipt"": ""DP2026517178"", ""education"": ""대학원졸"", ""exam_year"": 2026, ""exam_stage"": ""1차"", ""is_first_pass"": false, ""subjects"": [""상법(보험편)"", ""농어업재해보험법규""], ""exam_center"": ""광주시험장"", ""payment_status"": ""PAID""}",2026-08-02 10:33
전문,두두넷,P001,손해평가사,한두만,010-5313-7173,M,1949-01-23,전북,2026-10-22,2교시,30000,없음,30000,계좌이체,접수완료,가족보조,,,"{""source_receipt"": ""DP2026127045"", ""education"": ""고등학교졸업"", ""exam_year"": 2026, ""exam_stage"": ""1차"", ""is_first_pass"": false, ""subjects"": [""상법(보험편)"", ""농어업재해보험법규""], ""exam_center"": ""전주시험장"", ""payment_status"": ""PAID""}",2026-08-11 12:47
전문,두두넷,P002,공인중개사,배일남,010-7837-6733,M,1943-12-24,부산,2026-10-16,2교시,15200,없음,15200,가상계좌,접수완료,본인단독,,,"{""source_receipt"": ""DP2026228471"", ""education"": ""초등학교졸업"", ""exam_year"": 2026, ""exam_stage"": ""2차"", ""is_first_pass"": true, ""subjects"": [""공인중개사법"", ""부동산공법"", ""부동산공시법"", ""부동산세법""], ""exam_center"": ""부산남부시험장"", ""payment_status"": ""PAID""}",2026-08-07 09:46
전문,두두넷,P002,공인중개사,권동호,010-1532-7210,M,1942-07-10,경기,2026-10-22,1교시,13400,없음,13400,계좌이체,접수완료,본인단독,,,"{""source_receipt"": ""DP2026827465"", ""education"": ""고등학교졸업"", ""exam_year"": 2026, ""exam_stage"": ""1차"", ""is_first_pass"": false, ""subjects"": [""부동산학개론"", ""민법및민사특별법""], ""exam_center"": ""고양시험장"", ""payment_status"": ""PAID""}",2026-08-06 22:08
전문,두두넷,P002,공인중개사,하말자,010-4809-1113,F,1933-12-21,경북,2026-10-17,3교시,15200,없음,15200,신용카드,접수완료,본인단독,,,"{""source_receipt"": ""DP2026476464"", ""education"": ""고등학교졸업"", ""exam_year"": 2026, ""exam_stage"": ""2차"", ""is_first_pass"": false, ""subjects"": [""공인중개사법"", ""부동산공법"", ""부동산공시법"", ""부동산세법""], ""exam_center"": ""포항시험장"", ""payment_status"": ""PAID""}",2026-08-13 19:02
전문,두두넷,P002,공인중개사,유만복,010-3535-7806,M,1953-10-02,서울,2026-10-16,1교시,13400,없음,13400,신용카드,접수완료,가족보조,,,"{""source_receipt"": ""DP2026320609"", ""education"": ""대학교졸"", ""exam_year"": 2026, ""exam_stage"": ""1차"", ""is_first_pass"": false, ""subjects"": [""부동산학개론"", ""민법및민사특별법""], ""exam_center"": ""서울2시험장"", ""payment_status"": ""PAID""}",2026-08-03 22:44
전문,두두넷,P001,손해평가사,남명자,010-9852-8550,F,1961-10-24,전북,2026-10-18,2교시,30000,없음,30000,계좌이체,접수완료,본인단독,,,"{""source_receipt"": ""DP2026324726"", ""education"": ""전문대졸"", ""exam_year"": 2026, ""exam_stage"": ""1차"", ""is_first_pass"": false, ""subjects"": [""상법(보험편)"", ""농어업재해보험법규""], ""exam_center"": ""전주시험장"", ""payment_status"": ""PAID""}",2026-08-01 20:14
전문,두두넷,P002,공인중개사,한춘자,010-6102-6736,F,1928-09-18,인천,2026-10-23,3교시,15200,없음,15200,신용카드,접수완료,본인단독,,,"{""source_receipt"": ""DP2026892097"", ""education"": ""대학교졸"", ""exam_year"": 2026, ""exam_stage"": ""2차"", ""is_first_pass"": false, ""subjects"": [""공인중개사법"", ""부동산공법"", ""부동산공시법"", ""부동산세법""], ""exam_center"": ""인천시험장"", ""payment_status"": ""PAID""}",2026-08-12 12:52
전문,두두넷,P002,공인중개사,심순옥,010-3371-4266,F,1949-05-26,경남,2026-10-23,1교시,15200,없음,15200,계좌이체,접수완료,본인단독,,,"{""source_receipt"": ""DP2026557063"", ""education"": ""전문대졸"", ""exam_year"": 2026, ""exam_stage"": ""2차"", ""is_first_pass"": false, ""subjects"": [""공인중개사법"", ""부동산공법"", ""부동산공시법"", ""부동산세법""], ""exam_center"": ""창원시험장"", ""payment_status"": ""PAID""}",2026-08-03 20:21
전문,두두넷,P001,손해평가사,이미자,010-7772-3147,F,1942-12-26,충남,2026-10-19,3교시,30000,없음,30000,가상계좌,접수완료,가족보조,,,"{""source_receipt"": ""DP2026912782"", ""education"": ""대학교졸"", ""exam_year"": 2026, ""exam_stage"": ""2차"", ""is_first_pass"": true, ""subjects"": [""농작물재해보험이론과실무"", ""가축재해보험이론과실무""], ""exam_center"": ""천안시험장"", ""payment_status"": ""PAID""}",2026-08-16 18:09
전문,두두넷,P001,손해평가사,양동호,010-6529-1312,M,1942-04-22,전남,2026-10-18,2교시,30000,없음,30000,신용카드,접수완료,가족보조,,,"{""source_receipt"": ""DP2026114812"", ""education"": ""전문대졸"", ""exam_year"": 2026, ""exam_stage"": ""2차"", ""is_first_pass"": true, ""subjects"": [""농작물재해보험이론과실무"", ""가축재해보험이론과실무""], ""exam_center"": ""순천시험장"", ""payment_status"": ""PAID""}",2026-08-08 21:20
전문,두두넷,P001,손해평가사,강순옥,010-8115-3241,F,1928-08-28,전북,2026-10-18,3교시,30000,없음,30000,계좌이체,접수완료,가족보조,,,"{""source_receipt"": ""DP2026236680"", ""education"": ""고등학교졸업"", ""exam_year"": 2026, ""exam_stage"": ""2차"", ""is_first_pass"": true, ""subjects"": [""농작물재해보험이론과실무"", ""가축재해보험이론과실무""], ""exam_center"": ""전주시험장"", ""payment_status"": ""PAID""}",2026-08-19 09:40
전문,두두넷,P001,손해평가사,조운순,010-5159-5646,F,1945-05-21,경남,2026-10-24,1교시,30000,없음,30000,계좌이체,접수완료,가족보조,,,"{""source_receipt"": ""DP2026368079"", ""education"": ""전문대졸"", ""exam_year"": 2026, ""exam_stage"": ""2차"", ""is_first_pass"": true, ""subjects"": [""농작물재해보험이론과실무"", ""가축재해보험이론과실무""], ""exam_center"": ""창원시험장"", ""payment_status"": ""PAID""}",2026-08-07 21:14
전문,두두넷,P002,공인중개사,차영호,010-6228-7302,M,1939-09-07,광주,2026-10-21,1교시,15200,없음,15200,계좌이체,결제대기,가족보조,,,"{""source_receipt"": ""DP2026242128"", ""education"": ""고등학교졸업"", ""exam_year"": 2026, ""exam_stage"": ""2차"", ""is_first_pass"": true, ""subjects"": [""공인중개사법"", ""부동산공법"", ""부동산공시법"", ""부동산세법""], ""exam_center"": ""광주시험장"", ""payment_status"": ""PENDING""}",2026-08-08 17:48
전문,두두넷,P001,손해평가사,이원호,010-6435-7621,M,1937-08-26,부산,2026-10-18,3교시,30000,장애인,30000,가상계좌,결제대기,본인단독,,,"{""source_receipt"": ""DP2026944066"", ""education"": ""대학교졸"", ""exam_year"": 2026, ""exam_stage"": ""1차"", ""is_first_pass"": false, ""subjects"": [""상법(보험편)"", ""농어업재해보험법규""], ""exam_center"": ""부산시험장"", ""payment_status"": ""PENDING""}",2026-08-05 13:02
전문,두두넷,P001,손해평가사,고인순,010-5520-7481,F,1938-05-02,충북,2026-10-18,3교시,30000,없음,30000,신용카드,접수완료,가족보조,,,"{""source_receipt"": ""DP2026868159"", ""education"": ""대학교졸"", ""exam_year"": 2026, ""exam_stage"": ""1차"", ""is_first_pass"": false, ""subjects"": [""상법(보험편)"", ""농어업재해보험법규""], ""exam_center"": ""청주시험장"", ""payment_status"": ""PAID""}",2026-08-19 20:44
전문,두두넷,P002,공인중개사,이말자,010-1959-9818,F,1936-05-03,세종,2026-10-24,2교시,15200,없음,15200,계좌이체,접수완료,본인단독,,,"{""source_receipt"": ""DP2026678936"", ""education"": ""중학교졸업"", ""exam_year"": 2026, ""exam_stage"": ""2차"", ""is_first_pass"": true, ""subjects"": [""공인중개사법"", ""부동산공법"", ""부동산공시법"", ""부동산세법""], ""exam_center"": ""세종시험장"", ""payment_status"": ""PAID""}",2026-08-02 16:50
전문,두두넷,P002,공인중개사,백일남,010-8073-3224,M,1952-01-16,서울,2026-10-23,2교시,13400,없음,13400,가상계좌,접수완료,가족보조,,,"{""source_receipt"": ""DP2026918247"", ""education"": ""전문대졸"", ""exam_year"": 2026, ""exam_stage"": ""1차"", ""is_first_pass"": false, ""subjects"": [""부동산학개론"", ""민법및민사특별법""], ""exam_center"": ""서울남부시험장"", ""payment_status"": ""PAID""}",2026-08-04 10:17
전문,두두넷,P001,손해평가사,권순옥,010-4569-6604,F,1965-02-01,충북,2026-10-23,2교시,30000,기초생활수급자,30000,계좌이체,접수완료,본인단독,,,"{""source_receipt"": ""DP2026404462"", ""education"": ""전문대졸"", ""exam_year"": 2026, ""exam_stage"": ""1차"", ""is_first_pass"": false, ""subjects"": [""상법(보험편)"", ""농어업재해보험법규""], ""exam_center"": ""청주시험장"", ""payment_status"": ""PAID""}",2026-08-04 09:31
전문,두두넷,P001,손해평가사,최귀순,010-5604-3695,F,1957-04-14,경남,2026-10-20,2교시,30000,장애인,30000,가상계좌,취소,본인단독,,,"{""source_receipt"": ""DP2026137095"", ""education"": ""고등학교졸업"", ""exam_year"": 2026, ""exam_stage"": ""1차"", ""is_first_pass"": false, ""subjects"": [""상법(보험편)"", ""농어업재해보험법규""], ""exam_center"": ""창원시험장"", ""payment_status"": ""REFUNDED""}",2026-08-17 20:55
전문,두두넷,P001,손해평가사,백말순,010-5192-3636,F,1962-03-02,전북,2026-10-19,3교시,30000,장애인,30000,신용카드,접수완료,본인단독,,,"{""source_receipt"": ""DP2026700260"", ""education"": ""고등학교졸업"", ""exam_year"": 2026, ""exam_stage"": ""2차"", ""is_first_pass"": true, ""subjects"": [""농작물재해보험이론과실무"", ""가축재해보험이론과실무""], ""exam_center"": ""전주시험장"", ""payment_status"": ""PAID""}",2026-08-08 10:12
전문,두두넷,P001,손해평가사,차상원,010-7984-3906,M,1943-06-05,세종,2026-10-18,1교시,30000,없음,30000,가상계좌,접수완료,본인단독,,,"{""source_receipt"": ""DP2026479694"", ""education"": ""대학교졸"", ""exam_year"": 2026, ""exam_stage"": ""1차"", ""is_first_pass"": false, ""subjects"": [""상법(보험편)"", ""농어업재해보험법규""], ""exam_center"": ""세종시험장"", ""payment_status"": ""PAID""}",2026-08-03 14:13
전문,두두넷,P001,손해평가사,송옥분,010-6021-8169,F,1947-01-02,대구,2026-10-21,2교시,30000,없음,30000,가상계좌,접수완료,본인단독,,,"{""source_receipt"": ""DP2026778355"", ""education"": ""중학교졸업"", ""exam_year"": 2026, ""exam_stage"": ""1차"", ""is_first_pass"": false, ""subjects"": [""상법(보험편)"", ""농어업재해보험법규""], ""exam_center"": ""대구시험장"", ""payment_status"": ""PAID""}",2026-08-18 14:43
전문,두두넷,P001,손해평가사,민태호,010-7754-2159,M,1953-06-06,제주,2026-10-15,3교시,30000,없음,30000,가상계좌,접수완료,본인단독,,,"{""source_receipt"": ""DP2026366459"", ""education"": ""고등학교졸업"", ""exam_year"": 2026, ""exam_stage"": ""1차"", ""is_first_pass"": false, ""subjects"": [""상법(보험편)"", ""농어업재해보험법규""], ""exam_center"": ""제주시험장"", ""payment_status"": ""PAID""}",2026-08-11 12:07
전문,두두넷,P001,손해평가사,심두만,010-8162-5014,M,1942-03-09,광주,2026-10-23,1교시,30000,없음,30000,계좌이체,접수완료,본인단독,,,"{""source_receipt"": ""DP2026129481"", ""education"": ""대학원졸"", ""exam_year"": 2026, ""exam_stage"": ""1차"", ""is_first_pass"": false, ""subjects"": [""상법(보험편)"", ""농어업재해보험법규""], ""exam_center"": ""광주시험장"", ""payment_status"": ""PAID""}",2026-08-02 13:21
전문,두두넷,P001,손해평가사,신상원,010-1943-9973,M,1961-04-10,경기,2026-10-24,3교시,30000,없음,30000,신용카드,접수완료,가족보조,,,"{""source_receipt"": ""DP2026723654"", ""education"": ""고등학교졸업"", ""exam_year"": 2026, ""exam_stage"": ""1차"", ""is_first_pass"": false, ""subjects"": [""상법(보험편)"", ""농어업재해보험법규""], ""exam_center"": ""수원시험장"", ""payment_status"": ""PAID""}",2026-08-14 19:55
전문,두두넷,P001,손해평가사,남명자,010-9387-7441,F,1930-02-09,경북,2026-10-21,3교시,30000,장애인,30000,신용카드,접수완료,가족보조,,,"{""source_receipt"": ""DP2026451380"", ""education"": ""대학원졸"", ""exam_year"": 2026, ""exam_stage"": ""2차"", ""is_first_pass"": true, ""subjects"": [""농작물재해보험이론과실무"", ""가축재해보험이론과실무""], ""exam_center"": ""포항시험장"", ""payment_status"": ""PAID""}",2026-08-15 17:46
전문,두두넷,P001,손해평가사,권정호,010-5061-8360,M,1934-06-04,충북,2026-10-19,1교시,30000,없음,30000,가상계좌,결제대기,가족보조,,,"{""source_receipt"": ""DP2026304473"", ""education"": ""고등학교졸업"", ""exam_year"": 2026, ""exam_stage"": ""1차"", ""is_first_pass"": false, ""subjects"": [""상법(보험편)"", ""농어업재해보험법규""], ""exam_center"": ""청주시험장"", ""payment_status"": ""PENDING""}",2026-08-02 15:01
전문,두두넷,P001,손해평가사,차정순,010-6610-2455,F,1946-08-17,전북,2026-10-25,3교시,30000,장애인,30000,가상계좌,접수완료,가족보조,,,"{""source_receipt"": ""DP2026861283"", ""education"": ""고등학교졸업"", ""exam_year"": 2026, ""exam_stage"": ""2차"", ""is_first_pass"": true, ""subjects"": [""농작물재해보험이론과실무"", ""가축재해보험이론과실무""], ""exam_center"": ""전주시험장"", ""payment_status"": ""PAID""}",2026-08-02 09:01
전문,두두넷,P001,손해평가사,유복순,010-7262-3377,F,1937-05-04,울산,2026-10-19,3교시,30000,없음,30000,신용카드,접수완료,본인단독,,,"{""source_receipt"": ""DP2026348516"", ""education"": ""고등학교졸업"", ""exam_year"": 2026, ""exam_stage"": ""1차"", ""is_first_pass"": false, ""subjects"": [""상법(보험편)"", ""농어업재해보험법규""], ""exam_center"": ""울산시험장"", ""payment_status"": ""PAID""}",2026-08-19 09:02
전문,두두넷,P002,공인중개사,성태호,010-1018-4536,M,1943-04-02,대전,2026-10-19,1교시,15200,없음,15200,신용카드,취소,가족보조,,,"{""source_receipt"": ""DP2026045302"", ""education"": ""중학교졸업"", ""exam_year"": 2026, ""exam_stage"": ""2차"", ""is_first_pass"": true, ""subjects"": [""공인중개사법"", ""부동산공법"", ""부동산공시법"", ""부동산세법""], ""exam_center"": ""대전시험장"", ""payment_status"": ""REFUNDED""}",2026-08-02 13:36
전문,두두넷,P001,손해평가사,백영수,010-6876-2129,M,1944-02-15,강원,2026-10-18,3교시,30000,없음,30000,신용카드,취소,가족보조,,,"{""source_receipt"": ""DP2026808231"", ""education"": ""대학교졸"", ""exam_year"": 2026, ""exam_stage"": ""1차"", ""is_first_pass"": false, ""subjects"": [""상법(보험편)"", ""농어업재해보험법규""], ""exam_center"": ""춘천시험장"", ""payment_status"": ""REFUNDED""}",2026-08-08 22:21
전문,두두넷,P002,공인중개사,전태호,010-2941-9789,M,1933-12-20,충북,2026-10-17,3교시,13400,장애인,13400,가상계좌,접수완료,본인단독,,,"{""source_receipt"": ""DP2026675349"", ""education"": ""고등학교졸업"", ""exam_year"": 2026, ""exam_stage"": ""1차"", ""is_first_pass"": false, ""subjects"": [""부동산학개론"", ""민법및민사특별법""], ""exam_center"": ""청주시험장"", ""payment_status"": ""PAID""}",2026-08-09 17:52
전문,두두넷,P002,공인중개사,손순옥,010-9842-7925,F,1935-05-05,대전,2026-10-16,2교시,13400,없음,13400,가상계좌,접수완료,가족보조,,,"{""source_receipt"": ""DP2026676290"", ""education"": ""중학교졸업"", ""exam_year"": 2026, ""exam_stage"": ""1차"", ""is_first_pass"": false, ""subjects"": [""부동산학개론"", ""민법및민사특별법""], ""exam_center"": ""대전시험장"", ""payment_status"": ""PAID""}",2026-08-04 13:47
전문,두두넷,P002,공인중개사,곽삼석,010-6465-6022,M,1950-05-07,인천,2026-10-15,1교시,15200,없음,15200,신용카드,접수완료,본인단독,,,"{""source_receipt"": ""DP2026543099"", ""education"": ""고등학교졸업"", ""exam_year"": 2026, ""exam_stage"": ""2차"", ""is_first_pass"": true, ""subjects"": [""공인중개사법"", ""부동산공법"", ""부동산공시법"", ""부동산세법""], ""exam_center"": ""인천시험장"", ""payment_status"": ""PAID""}",2026-08-11 18:52
전문,두두넷,P002,공인중개사,류점순,010-8005-9593,F,1946-10-26,부산,2026-10-25,3교시,15200,기초생활수급자,15200,가상계좌,접수완료,가족보조,,,"{""source_receipt"": ""DP2026123050"", ""education"": ""고등학교졸업"", ""exam_year"": 2026, ""exam_stage"": ""2차"", ""is_first_pass"": false, ""subjects"": [""공인중개사법"", ""부동산공법"", ""부동산공시법"", ""부동산세법""], ""exam_center"": ""부산시험장"", ""payment_status"": ""PAID""}",2026-08-12 11:50
전문,두두넷,P001,손해평가사,송점순,010-3974-6108,F,1960-09-15,인천,2026-10-24,2교시,30000,없음,30000,계좌이체,접수완료,본인단독,,,"{""source_receipt"": ""DP2026765408"", ""education"": ""대학원졸"", ""exam_year"": 2026, ""exam_stage"": ""2차"", ""is_first_pass"": false, ""subjects"": [""농작물재해보험이론과실무"", ""가축재해보험이론과실무""], ""exam_center"": ""인천시험장"", ""payment_status"": ""PAID""}",2026-08-15 14:16
전문,두두넷,P002,공인중개사,손춘자,010-2877-6004,F,1943-08-14,경기,2026-10-15,3교시,13400,기초생활수급자,13400,가상계좌,접수완료,본인단독,,,"{""source_receipt"": ""DP2026709432"", ""education"": ""고등학교졸업"", ""exam_year"": 2026, ""exam_stage"": ""1차"", ""is_first_pass"": false, ""subjects"": [""부동산학개론"", ""민법및민사특별법""], ""exam_center"": ""수원시험장"", ""payment_status"": ""PAID""}",2026-08-10 16:41
전문,두두넷,P001,손해평가사,류말자,010-5531-1057,F,1962-10-10,광주,2026-10-23,1교시,30000,없음,30000,신용카드,접수완료,가족보조,,,"{""source_receipt"": ""DP2026058741"", ""education"": ""고등학교졸업"", ""exam_year"": 2026, ""exam_stage"": ""2차"", ""is_first_pass"": true, ""subjects"": [""농작물재해보험이론과실무"", ""가축재해보험이론과실무""], ""exam_center"": ""광주시험장"", ""payment_status"": ""PAID""}",2026-08-08 21:41
전문,두두넷,P002,공인중개사,이말순,010-2752-3802,F,1937-12-13,부산,2026-10-18,1교시,15200,장애인,15200,계좌이체,접수완료,본인단독,,,"{""source_receipt"": ""DP2026197299"", ""education"": ""초등학교졸업"", ""exam_year"": 2026, ""exam_stage"": ""2차"", ""is_first_pass"": true, ""subjects"": [""공인중개사법"", ""부동산공법"", ""부동산공시법"", ""부동산세법""], ""exam_center"": ""부산남부시험장"", ""payment_status"": ""PAID""}",2026-08-06 13:16
전문,두두넷,P002,공인중개사,윤태호,010-1624-7272,M,1941-10-23,경남,2026-10-22,2교시,13400,없음,13400,계좌이체,접수완료,본인단독,,,"{""source_receipt"": ""DP2026972715"", ""education"": ""전문대졸"", ""exam_year"": 2026, ""exam_stage"": ""1차"", ""is_first_pass"": false, ""subjects"": [""부동산학개론"", ""민법및민사특별법""], ""exam_center"": ""창원시험장"", ""payment_status"": ""PAID""}",2026-08-02 11:32
전문,두두넷,P001,손해평가사,고상길,010-3929-1581,M,1941-03-02,경남,2026-10-23,1교시,30000,없음,30000,가상계좌,접수완료,가족보조,,,"{""source_receipt"": ""DP2026719194"", ""education"": ""대학교졸"", ""exam_year"": 2026, ""exam_stage"": ""1차"", ""is_first_pass"": false, ""subjects"": [""상법(보험편)"", ""농어업재해보험법규""], ""exam_center"": ""창원시험장"", ""payment_status"": ""PAID""}",2026-08-05 13:05
전문,두두넷,P001,손해평가사,배만수,010-7626-6562,M,1943-05-27,강원,2026-10-17,1교시,30000,없음,30000,신용카드,접수완료,가족보조,,,"{""source_receipt"": ""DP2026619397"", ""education"": ""무학"", ""exam_year"": 2026, ""exam_stage"": ""1차"", ""is_first_pass"": false, ""subjects"": [""상법(보험편)"", ""농어업재해보험법규""], ""exam_center"": ""춘천시험장"", ""payment_status"": ""PAID""}",2026-08-08 12:09
전문,두두넷,P001,손해평가사,신영자,010-6842-9208,F,1962-06-25,전남,2026-10-25,2교시,30000,없음,30000,계좌이체,접수완료,본인단독,,,"{""source_receipt"": ""DP2026245923"", ""education"": ""무학"", ""exam_year"": 2026, ""exam_stage"": ""1차"", ""is_first_pass"": false, ""subjects"": [""상법(보험편)"", ""농어업재해보험법규""], ""exam_center"": ""순천시험장"", ""payment_status"": ""PAID""}",2026-08-10 19:18
전문,두두넷,P001,손해평가사,안순자,010-5978-1153,F,1938-01-25,인천,2026-10-25,2교시,30000,없음,30000,신용카드,접수완료,가족보조,,,"{""source_receipt"": ""DP2026936086"", ""education"": ""중학교졸업"", ""exam_year"": 2026, ""exam_stage"": ""2차"", ""is_first_pass"": true, ""subjects"": [""농작물재해보험이론과실무"", ""가축재해보험이론과실무""], ""exam_center"": ""인천시험장"", ""payment_status"": ""PAID""}",2026-08-17 17:19
전문,두두넷,P002,공인중개사,노원호,010-1187-7422,M,1937-11-05,경기,2026-10-21,2교시,13400,없음,13400,가상계좌,접수완료,본인단독,,,"{""source_receipt"": ""DP2026546380"", ""education"": ""중학교졸업"", ""exam_year"": 2026, ""exam_stage"": ""1차"", ""is_first_pass"": false, ""subjects"": [""부동산학개론"", ""민법및민사특별법""], ""exam_center"": ""수원시험장"", ""payment_status"": ""PAID""}",2026-08-07 11:06
전문,두두넷,P001,손해평가사,유상길,010-7691-4127,M,1931-12-18,부산,2026-10-25,3교시,30000,없음,30000,가상계좌,접수완료,가족보조,,,"{""source_receipt"": ""DP2026585685"", ""education"": ""초등학교졸업"", ""exam_year"": 2026, ""exam_stage"": ""2차"", ""is_first_pass"": false, ""subjects"": [""농작물재해보험이론과실무"", ""가축재해보험이론과실무""], ""exam_center"": ""부산남부시험장"", ""payment_status"": ""PAID""}",2026-08-11 10:32
전문,두두넷,P002,공인중개사,송복순,010-3089-8067,F,1960-01-26,전북,2026-10-17,1교시,15200,없음,15200,신용카드,접수완료,가족보조,,,"{""source_receipt"": ""DP2026415866"", ""education"": ""중학교졸업"", ""exam_year"": 2026, ""exam_stage"": ""2차"", ""is_first_pass"": true, ""subjects"": [""공인중개사법"", ""부동산공법"", ""부동산공시법"", ""부동산세법""], ""exam_center"": ""전주시험장"", ""payment_status"": ""PAID""}",2026-08-15 20:48
전문,두두넷,P002,공인중개사,유금순,010-7654-4452,F,1958-08-02,충북,2026-10-23,1교시,15200,없음,15200,가상계좌,접수완료,본인단독,,,"{""source_receipt"": ""DP2026736738"", ""education"": ""중학교졸업"", ""exam_year"": 2026, ""exam_stage"": ""2차"", ""is_first_pass"": false, ""subjects"": [""공인중개사법"", ""부동산공법"", ""부동산공시법"", ""부동산세법""], ""exam_center"": ""청주시험장"", ""payment_status"": ""PAID""}",2026-08-05 22:51
전문,두두넷,P002,공인중개사,서정호,010-1434-6323,M,1955-08-27,인천,2026-10-17,3교시,15200,장애인,15200,계좌이체,접수완료,본인단독,,,"{""source_receipt"": ""DP2026704717"", ""education"": ""초등학교졸업"", ""exam_year"": 2026, ""exam_stage"": ""2차"", ""is_first_pass"": false, ""subjects"": [""공인중개사법"", ""부동산공법"", ""부동산공시법"", ""부동산세법""], ""exam_center"": ""인천시험장"", ""payment_status"": ""PAID""}",2026-08-14 12:25
전문,두두넷,P001,손해평가사,최옥희,010-3194-2494,F,1964-03-08,서울,2026-10-17,3교시,30000,없음,30000,계좌이체,접수완료,가족보조,,,"{""source_receipt"": ""DP2026671998"", ""education"": ""대학교졸"", ""exam_year"": 2026, ""exam_stage"": ""2차"", ""is_first_pass"": true, ""subjects"": [""농작물재해보험이론과실무"", ""가축재해보험이론과실무""], ""exam_center"": ""서울1시험장"", ""payment_status"": ""PAID""}",2026-08-13 13:33
전문,두두넷,P002,공인중개사,서동호,010-9359-6654,M,1949-07-11,세종,2026-10-17,1교시,15200,없음,15200,계좌이체,접수완료,본인단독,,,"{""source_receipt"": ""DP2026980975"", ""education"": ""전문대졸"", ""exam_year"": 2026, ""exam_stage"": ""2차"", ""is_first_pass"": false, ""subjects"": [""공인중개사법"", ""부동산공법"", ""부동산공시법"", ""부동산세법""], ""exam_center"": ""세종시험장"", ""payment_status"": ""PAID""}",2026-08-06 19:15
전문,두두넷,P002,공인중개사,조상길,010-4224-2794,M,1928-02-02,대전,2026-10-15,2교시,13400,없음,13400,계좌이체,접수완료,가족보조,,,"{""source_receipt"": ""DP2026099251"", ""education"": ""전문대졸"", ""exam_year"": 2026, ""exam_stage"": ""1차"", ""is_first_pass"": false, ""subjects"": [""부동산학개론"", ""민법및민사특별법""], ""exam_center"": ""대전시험장"", ""payment_status"": ""PAID""}",2026-08-19 22:40
전문,두두넷,P002,공인중개사,이만복,010-8933-8915,M,1958-08-10,전북,2026-10-17,1교시,13400,없음,13400,계좌이체,접수완료,가족보조,,,"{""source_receipt"": ""DP2026313684"", ""education"": ""대학교졸"", ""exam_year"": 2026, ""exam_stage"": ""1차"", ""is_first_pass"": false, ""subjects"": [""부동산학개론"", ""민법및민사특별법""], ""exam_center"": ""전주시험장"", ""payment_status"": ""PAID""}",2026-08-10 16:38
전문,두두넷,P002,공인중개사,고영자,010-7393-6114,F,1948-10-08,경남,2026-10-19,2교시,13400,없음,13400,계좌이체,접수완료,본인단독,,,"{""source_receipt"": ""DP2026377447"", ""education"": ""고등학교졸업"", ""exam_year"": 2026, ""exam_stage"": ""1차"", ""is_first_pass"": false, ""subjects"": [""부동산학개론"", ""민법및민사특별법""], ""exam_center"": ""창원시험장"", ""payment_status"": ""PAID""}",2026-08-18 20:29
전문,두두넷,P001,손해평가사,권필순,010-5493-9434,F,1963-01-05,세종,2026-10-18,2교시,30000,없음,30000,가상계좌,결제대기,본인단독,,,"{""source_receipt"": ""DP2026677440"", ""education"": ""대학교졸"", ""exam_year"": 2026, ""exam_stage"": ""2차"", ""is_first_pass"": true, ""subjects"": [""농작물재해보험이론과실무"", ""가축재해보험이론과실무""], ""exam_center"": ""세종시험장"", ""payment_status"": ""PENDING""}",2026-08-13 17:24
전문,두두넷,P002,공인중개사,송용기,010-9433-9539,M,1954-04-21,울산,2026-10-16,1교시,13400,없음,13400,신용카드,결제대기,본인단독,,,"{""source_receipt"": ""DP2026698396"", ""education"": ""고등학교졸업"", ""exam_year"": 2026, ""exam_stage"": ""1차"", ""is_first_pass"": false, ""subjects"": [""부동산학개론"", ""민법및민사특별법""], ""exam_center"": ""울산시험장"", ""payment_status"": ""PENDING""}",2026-08-16 16:49
전문,두두넷,P001,손해평가사,구광수,010-9395-2739,M,1951-09-12,경남,2026-10-18,3교시,30000,없음,30000,신용카드,접수완료,본인단독,,,"{""source_receipt"": ""DP2026195849"", ""education"": ""고등학교졸업"", ""exam_year"": 2026, ""exam_stage"": ""1차"", ""is_first_pass"": false, ""subjects"": [""상법(보험편)"", ""농어업재해보험법규""], ""exam_center"": ""창원시험장"", ""payment_status"": ""PAID""}",2026-08-19 11:27
전문,두두넷,P001,손해평가사,고영자,010-2156-1359,F,1961-02-06,경북,2026-10-25,3교시,30000,없음,30000,신용카드,접수완료,본인단독,,,"{""source_receipt"": ""DP2026216738"", ""education"": ""대학원졸"", ""exam_year"": 2026, ""exam_stage"": ""1차"", ""is_first_pass"": false, ""subjects"": [""상법(보험편)"", ""농어업재해보험법규""], ""exam_center"": ""포항시험장"", ""payment_status"": ""PAID""}",2026-08-11 11:57
전문,두두넷,P002,공인중개사,서재호,010-8467-6058,M,1961-02-28,강원,2026-10-15,3교시,15200,없음,15200,신용카드,접수완료,가족보조,,,"{""source_receipt"": ""DP2026789159"", ""education"": ""무학"", ""exam_year"": 2026, ""exam_stage"": ""2차"", ""is_first_pass"": true, ""subjects"": [""공인중개사법"", ""부동산공법"", ""부동산공시법"", ""부동산세법""], ""exam_center"": ""춘천시험장"", ""payment_status"": ""PAID""}",2026-08-14 19:44
전문,두두넷,P001,손해평가사,송원호,010-5109-4512,M,1937-10-25,경기,2026-10-16,2교시,30000,없음,30000,계좌이체,접수완료,가족보조,,,"{""source_receipt"": ""DP2026583463"", ""education"": ""고등학교졸업"", ""exam_year"": 2026, ""exam_stage"": ""1차"", ""is_first_pass"": false, ""subjects"": [""상법(보험편)"", ""농어업재해보험법규""], ""exam_center"": ""수원시험장"", ""payment_status"": ""PAID""}",2026-08-05 09:52
전문,두두넷,P001,손해평가사,송태호,010-1445-1516,M,1957-01-11,인천,2026-10-16,3교시,30000,없음,30000,신용카드,접수완료,가족보조,,,"{""source_receipt"": ""DP2026179351"", ""education"": ""무학"", ""exam_year"": 2026, ""exam_stage"": ""2차"", ""is_first_pass"": true, ""subjects"": [""농작물재해보험이론과실무"", ""가축재해보험이론과실무""], ""exam_center"": ""인천시험장"", ""payment_status"": ""PAID""}",2026-08-12 14:48
전문,두두넷,P002,공인중개사,강근호,010-3347-6629,M,1931-11-09,서울,2026-10-20,3교시,15200,없음,15200,계좌이체,결제대기,가족보조,,,"{""source_receipt"": ""DP2026926824"", ""education"": ""초등학교졸업"", ""exam_year"": 2026, ""exam_stage"": ""2차"", ""is_first_pass"": true, ""subjects"": [""공인중개사법"", ""부동산공법"", ""부동산공시법"", ""부동산세법""], ""exam_center"": ""서울2시험장"", ""payment_status"": ""PENDING""}",2026-08-06 21:10
전문,두두넷,P001,손해평가사,황복순,010-9387-4574,F,1928-08-06,대전,2026-10-21,3교시,30000,없음,30000,계좌이체,접수완료,본인단독,,,"{""source_receipt"": ""DP2026654852"", ""education"": ""전문대졸"", ""exam_year"": 2026, ""exam_stage"": ""1차"", ""is_first_pass"": false, ""subjects"": [""상법(보험편)"", ""농어업재해보험법규""], ""exam_center"": ""대전시험장"", ""payment_status"": ""PAID""}",2026-08-08 12:31
전문,두두넷,P001,손해평가사,권만복,010-9274-1409,M,1935-06-20,서울,2026-10-20,2교시,30000,없음,30000,신용카드,접수완료,본인단독,,,"{""source_receipt"": ""DP2026000565"", ""education"": ""고등학교졸업"", ""exam_year"": 2026, ""exam_stage"": ""1차"", ""is_first_pass"": false, ""subjects"": [""상법(보험편)"", ""농어업재해보험법규""], ""exam_center"": ""서울1시험장"", ""payment_status"": ""PAID""}",2026-08-09 11:30
전문,두두넷,P002,공인중개사,박동호,010-4785-8784,M,1964-01-24,충남,2026-10-24,1교시,15200,없음,15200,신용카드,접수완료,본인단독,,,"{""source_receipt"": ""DP2026299672"", ""education"": ""전문대졸"", ""exam_year"": 2026, ""exam_stage"": ""2차"", ""is_first_pass"": true, ""subjects"": [""공인중개사법"", ""부동산공법"", ""부동산공시법"", ""부동산세법""], ""exam_center"": ""천안시험장"", ""payment_status"": ""PAID""}",2026-08-12 22:29
전문,두두넷,P002,공인중개사,성옥희,010-4786-7424,F,1933-02-09,인천,2026-10-23,3교시,15200,없음,15200,계좌이체,접수완료,본인단독,,,"{""source_receipt"": ""DP2026071409"", ""education"": ""고등학교졸업"", ""exam_year"": 2026, ""exam_stage"": ""2차"", ""is_first_pass"": true, ""subjects"": [""공인중개사법"", ""부동산공법"", ""부동산공시법"", ""부동산세법""], ""exam_center"": ""인천시험장"", ""payment_status"": ""PAID""}",2026-08-14 22:02
전문,두두넷,P002,공인중개사,강미자,010-7014-1635,F,1966-10-14,충남,2026-10-21,1교시,15200,장애인,15200,계좌이체,접수완료,본인단독,,,"{""source_receipt"": ""DP2026247466"", ""education"": ""전문대졸"", ""exam_year"": 2026, ""exam_stage"": ""2차"", ""is_first_pass"": true, ""subjects"": [""공인중개사법"", ""부동산공법"", ""부동산공시법"", ""부동산세법""], ""exam_center"": ""천안시험장"", ""payment_status"": ""PAID""}",2026-08-18 19:38
전문,두두넷,P002,공인중개사,정필순,010-8735-7482,F,1934-10-05,강원,2026-10-17,1교시,15200,없음,15200,가상계좌,접수완료,가족보조,,,"{""source_receipt"": ""DP2026000281"", ""education"": ""중학교졸업"", ""exam_year"": 2026, ""exam_stage"": ""2차"", ""is_first_pass"": false, ""subjects"": [""공인중개사법"", ""부동산공법"", ""부동산공시법"", ""부동산세법""], ""exam_center"": ""춘천시험장"", ""payment_status"": ""PAID""}",2026-08-10 11:19
전문,두두넷,P002,공인중개사,손태호,010-1311-2258,M,1966-06-01,대전,2026-10-23,2교시,15200,없음,15200,신용카드,접수완료,본인단독,,,"{""source_receipt"": ""DP2026949748"", ""education"": ""대학교졸"", ""exam_year"": 2026, ""exam_stage"": ""2차"", ""is_first_pass"": true, ""subjects"": [""공인중개사법"", ""부동산공법"", ""부동산공시법"", ""부동산세법""], ""exam_center"": ""대전시험장"", ""payment_status"": ""PAID""}",2026-08-17 17:49
전문,두두넷,P002,공인중개사,심영숙,010-2994-2540,F,1963-03-03,부산,2026-10-20,1교시,15200,없음,15200,신용카드,접수완료,가족보조,,,"{""source_receipt"": ""DP2026878168"", ""education"": ""고등학교졸업"", ""exam_year"": 2026, ""exam_stage"": ""2차"", ""is_first_pass"": true, ""subjects"": [""공인중개사법"", ""부동산공법"", ""부동산공시법"", ""부동산세법""], ""exam_center"": ""부산남부시험장"", ""payment_status"": ""PAID""}",2026-08-03 15:45
전문,두두넷,P002,공인중개사,차경자,010-8229-2199,F,1953-07-25,울산,2026-10-24,1교시,13400,없음,13400,신용카드,취소,가족보조,,,"{""source_receipt"": ""DP2026841483"", ""education"": ""초등학교졸업"", ""exam_year"": 2026, ""exam_stage"": ""1차"", ""is_first_pass"": false, ""subjects"": [""부동산학개론"", ""민법및민사특별법""], ""exam_center"": ""울산시험장"", ""payment_status"": ""REFUNDED""}",2026-08-18 17:16
전문,두두넷,P002,공인중개사,허병수,010-5731-6612,M,1945-12-05,경남,2026-10-20,1교시,13400,없음,13400,가상계좌,접수완료,본인단독,,,"{""source_receipt"": ""DP2026637067"", ""education"": ""전문대졸"", ""exam_year"": 2026, ""exam_stage"": ""1차"", ""is_first_pass"": false, ""subjects"": [""부동산학개론"", ""민법및민사특별법""], ""exam_center"": ""창원시험장"", ""payment_status"": ""PAID""}",2026-08-08 19:45
전문,두두넷,P001,손해평가사,송동석,010-8537-9967,M,1932-02-08,울산,2026-10-17,3교시,30000,없음,30000,신용카드,접수완료,본인단독,,,"{""source_receipt"": ""DP2026698150"", ""education"": ""전문대졸"", ""exam_year"": 2026, ""exam_stage"": ""2차"", ""is_first_pass"": false, ""subjects"": [""농작물재해보험이론과실무"", ""가축재해보험이론과실무""], ""exam_center"": ""울산시험장"", ""payment_status"": ""PAID""}",2026-08-10 16:08
전문,두두넷,P001,손해평가사,우춘희,010-4793-9524,F,1938-07-25,대구,2026-10-21,2교시,30000,기초생활수급자,30000,가상계좌,접수완료,가족보조,,,"{""source_receipt"": ""DP2026433916"", ""education"": ""초등학교졸업"", ""exam_year"": 2026, ""exam_stage"": ""1차"", ""is_first_pass"": false, ""subjects"": [""상법(보험편)"", ""농어업재해보험법규""], ""exam_center"": ""대구시험장"", ""payment_status"": ""PAID""}",2026-08-17 21:59
전문,두두넷,P002,공인중개사,신정호,010-3267-1248,M,1944-02-24,대전,2026-10-19,2교시,15200,기초생활수급자,15200,신용카드,접수완료,가족보조,,,"{""source_receipt"": ""DP2026543867"", ""education"": ""대학교졸"", ""exam_year"": 2026, ""exam_stage"": ""2차"", ""is_first_pass"": false, ""subjects"": [""공인중개사법"", ""부동산공법"", ""부동산공시법"", ""부동산세법""], ""exam_center"": ""대전시험장"", ""payment_status"": ""PAID""}",2026-08-13 18:29
전문,두두넷,P002,공인중개사,주영숙,010-7192-8488,F,1942-08-10,제주,2026-10-23,1교시,13400,없음,13400,계좌이체,접수완료,가족보조,,,"{""source_receipt"": ""DP2026657844"", ""education"": ""대학교졸"", ""exam_year"": 2026, ""exam_stage"": ""1차"", ""is_first_pass"": false, ""subjects"": [""부동산학개론"", ""민법및민사특별법""], ""exam_center"": ""제주시험장"", ""payment_status"": ""PAID""}",2026-08-03 10:23
전문,두두넷,P002,공인중개사,심복남,010-5809-3001,M,1930-03-15,대전,2026-10-24,3교시,13400,없음,13400,신용카드,접수완료,가족보조,,,"{""source_receipt"": ""DP2026169563"", ""education"": ""고등학교졸업"", ""exam_year"": 2026, ""exam_stage"": ""1차"", ""is_first_pass"": false, ""subjects"": [""부동산학개론"", ""민법및민사특별법""], ""exam_center"": ""대전시험장"", ""payment_status"": ""PAID""}",2026-08-12 12:28
전문,두두넷,P001,손해평가사,배필호,010-1962-6566,M,1957-05-26,인천,2026-10-22,2교시,30000,없음,30000,가상계좌,접수완료,본인단독,,,"{""source_receipt"": ""DP2026229959"", ""education"": ""중학교졸업"", ""exam_year"": 2026, ""exam_stage"": ""1차"", ""is_first_pass"": false, ""subjects"": [""상법(보험편)"", ""농어업재해보험법규""], ""exam_center"": ""인천시험장"", ""payment_status"": ""PAID""}",2026-08-16 11:45
전문,두두넷,P001,손해평가사,주상원,010-6172-3222,M,1950-11-08,서울,2026-10-16,3교시,30000,없음,30000,계좌이체,접수완료,본인단독,,,"{""source_receipt"": ""DP2026441951"", ""education"": ""고등학교졸업"", ""exam_year"": 2026, ""exam_stage"": ""1차"", ""is_first_pass"": false, ""subjects"": [""상법(보험편)"", ""농어업재해보험법규""], ""exam_center"": ""서울2시험장"", ""payment_status"": ""PAID""}",2026-08-01 11:53
전문,두두넷,P002,공인중개사,심봉숙,010-5030-7332,F,1935-05-16,경북,2026-10-25,2교시,15200,기초생활수급자,15200,계좌이체,접수완료,가족보조,,,"{""source_receipt"": ""DP2026245372"", ""education"": ""중학교졸업"", ""exam_year"": 2026, ""exam_stage"": ""2차"", ""is_first_pass"": true, ""subjects"": [""공인중개사법"", ""부동산공법"", ""부동산공시법"", ""부동산세법""], ""exam_center"": ""포항시험장"", ""payment_status"": ""PAID""}",2026-08-06 09:17
전문,두두넷,P002,공인중개사,백상길,010-7379-4524,M,1961-05-10,부산,2026-10-23,3교시,13400,없음,13400,가상계좌,취소,가족보조,,,"{""source_receipt"": ""DP2026190717"", ""education"": ""고등학교졸업"", ""exam_year"": 2026, ""exam_stage"": ""1차"", ""is_first_pass"": false, ""subjects"": [""부동산학개론"", ""민법및민사특별법""], ""exam_center"": ""부산시험장"", ""payment_status"": ""REFUNDED""}",2026-08-06 21:07
전문,두두넷,P002,공인중개사,조정호,010-7882-5256,M,1928-05-08,부산,2026-10-25,1교시,13400,장애인,13400,계좌이체,접수완료,본인단독,,,"{""source_receipt"": ""DP2026914883"", ""education"": ""고등학교졸업"", ""exam_year"": 2026, ""exam_stage"": ""1차"", ""is_first_pass"": false, ""subjects"": [""부동산학개론"", ""민법및민사특별법""], ""exam_center"": ""부산남부시험장"", ""payment_status"": ""PAID""}",2026-08-14 16:29
전문,두두넷,P001,손해평가사,장정호,010-5653-3302,M,1930-03-03,서울,2026-10-18,1교시,30000,장애인,30000,가상계좌,접수완료,본인단독,,,"{""source_receipt"": ""DP2026118521"", ""education"": ""고등학교졸업"", ""exam_year"": 2026, ""exam_stage"": ""1차"", ""is_first_pass"": false, ""subjects"": [""상법(보험편)"", ""농어업재해보험법규""], ""exam_center"": ""서울2시험장"", ""payment_status"": ""PAID""}",2026-08-14 09:21
전문,두두넷,P001,손해평가사,곽근호,010-8564-3461,M,1960-07-17,울산,2026-10-19,3교시,30000,장애인,30000,계좌이체,접수완료,본인단독,,,"{""source_receipt"": ""DP2026871365"", ""education"": ""고등학교졸업"", ""exam_year"": 2026, ""exam_stage"": ""1차"", ""is_first_pass"": false, ""subjects"": [""상법(보험편)"", ""농어업재해보험법규""], ""exam_center"": ""울산시험장"", ""payment_status"": ""PAID""}",2026-08-18 13:08
전문,두두넷,P001,손해평가사,심필순,010-8750-9230,F,1932-10-09,세종,2026-10-21,2교시,30000,없음,30000,가상계좌,접수완료,본인단독,,,"{""source_receipt"": ""DP2026901645"", ""education"": ""전문대졸"", ""exam_year"": 2026, ""exam_stage"": ""2차"", ""is_first_pass"": true, ""subjects"": [""농작물재해보험이론과실무"", ""가축재해보험이론과실무""], ""exam_center"": ""세종시험장"", ""payment_status"": ""PAID""}",2026-08-14 20:55
전문,두두넷,P001,손해평가사,하순자,010-4111-5725,F,1928-11-19,서울,2026-10-16,3교시,30000,없음,30000,가상계좌,접수완료,가족보조,,,"{""source_receipt"": ""DP2026147899"", ""education"": ""고등학교졸업"", ""exam_year"": 2026, ""exam_stage"": ""1차"", ""is_first_pass"": false, ""subjects"": [""상법(보험편)"", ""농어업재해보험법규""], ""exam_center"": ""서울2시험장"", ""payment_status"": ""PAID""}",2026-08-02 13:15
전문,두두넷,P002,공인중개사,김일남,010-5892-5042,M,1948-07-13,경기,2026-10-23,1교시,13400,장애인,13400,신용카드,접수완료,본인단독,,,"{""source_receipt"": ""DP2026866077"", ""education"": ""고등학교졸업"", ""exam_year"": 2026, ""exam_stage"": ""1차"", ""is_first_pass"": false, ""subjects"": [""부동산학개론"", ""민법및민사특별법""], ""exam_center"": ""성남시험장"", ""payment_status"": ""PAID""}",2026-08-11 14:19
전문,두두넷,P001,손해평가사,박근호,010-6042-6075,M,1939-01-19,대전,2026-10-20,2교시,30000,없음,30000,계좌이체,접수완료,가족보조,,,"{""source_receipt"": ""DP2026805382"", ""education"": ""고등학교졸업"", ""exam_year"": 2026, ""exam_stage"": ""1차"", ""is_first_pass"": false, ""subjects"": [""상법(보험편)"", ""농어업재해보험법규""], ""exam_center"": ""대전시험장"", ""payment_status"": ""PAID""}",2026-08-14 19:31
전문,두두넷,P001,손해평가사,안종수,010-9784-4971,M,1957-02-03,광주,2026-10-17,1교시,30000,없음,30000,신용카드,접수완료,본인단독,,,"{""source_receipt"": ""DP2026761568"", ""education"": ""초등학교졸업"", ""exam_year"": 2026, ""exam_stage"": ""2차"", ""is_first_pass"": false, ""subjects"": [""농작물재해보험이론과실무"", ""가축재해보험이론과실무""], ""exam_center"": ""광주시험장"", ""payment_status"": ""PAID""}",2026-08-18 15:23
전문,두두넷,P002,공인중개사,유동호,010-3034-1658,M,1948-08-23,경남,2026-10-17,2교시,15200,장애인,15200,가상계좌,접수완료,가족보조,,,"{""source_receipt"": ""DP2026932485"", ""education"": ""중학교졸업"", ""exam_year"": 2026, ""exam_stage"": ""2차"", ""is_first_pass"": true, ""subjects"": [""공인중개사법"", ""부동산공법"", ""부동산공시법"", ""부동산세법""], ""exam_center"": ""창원시험장"", ""payment_status"": ""PAID""}",2026-08-03 14:32
전문,두두넷,P001,손해평가사,강계순,010-7296-4716,F,1941-06-08,경기,2026-10-25,3교시,30000,없음,30000,신용카드,접수완료,가족보조,,,"{""source_receipt"": ""DP2026096978"", ""education"": ""초등학교졸업"", ""exam_year"": 2026, ""exam_stage"": ""1차"", ""is_first_pass"": false, ""subjects"": [""상법(보험편)"", ""농어업재해보험법규""], ""exam_center"": ""성남시험장"", ""payment_status"": ""PAID""}",2026-08-18 19:34
전문,두두넷,P001,손해평가사,곽동호,010-3724-3850,M,1961-11-10,강원,2026-10-21,3교시,30000,없음,30000,신용카드,접수완료,본인단독,,,"{""source_receipt"": ""DP2026766929"", ""education"": ""고등학교졸업"", ""exam_year"": 2026, ""exam_stage"": ""1차"", ""is_first_pass"": false, ""subjects"": [""상법(보험편)"", ""농어업재해보험법규""], ""exam_center"": ""춘천시험장"", ""payment_status"": ""PAID""}",2026-08-12 16:32
전문,두두넷,P001,손해평가사,최필호,010-3570-6747,M,1953-10-15,전북,2026-10-18,2교시,30000,없음,30000,계좌이체,접수완료,가족보조,,,"{""source_receipt"": ""DP2026493964"", ""education"": ""고등학교졸업"", ""exam_year"": 2026, ""exam_stage"": ""1차"", ""is_first_pass"": false, ""subjects"": [""상법(보험편)"", ""농어업재해보험법규""], ""exam_center"": ""전주시험장"", ""payment_status"": ""PAID""}",2026-08-16 11:03
전문,두두넷,P002,공인중개사,임만수,010-3800-6095,M,1946-11-16,경북,2026-10-16,2교시,15200,없음,15200,가상계좌,접수완료,본인단독,,,"{""source_receipt"": ""DP2026894834"", ""education"": ""고등학교졸업"", ""exam_year"": 2026, ""exam_stage"": ""2차"", ""is_first_pass"": false, ""subjects"": [""공인중개사법"", ""부동산공법"", ""부동산공시법"", ""부동산세법""], ""exam_center"": ""포항시험장"", ""payment_status"": ""PAID""}",2026-08-03 12:38
전문,두두넷,P001,손해평가사,차두만,010-9357-2664,M,1947-07-05,대전,2026-10-15,3교시,30000,없음,30000,신용카드,접수완료,가족보조,,,"{""source_receipt"": ""DP2026553370"", ""education"": ""고등학교졸업"", ""exam_year"": 2026, ""exam_stage"": ""1차"", ""is_first_pass"": false, ""subjects"": [""상법(보험편)"", ""농어업재해보험법규""], ""exam_center"": ""대전시험장"", ""payment_status"": ""PAID""}",2026-08-09 14:24
전문,두두넷,P001,손해평가사,노옥희,010-9658-8001,F,1954-05-11,서울,2026-10-23,2교시,30000,없음,30000,신용카드,접수완료,본인단독,,,"{""source_receipt"": ""DP2026255699"", ""education"": ""전문대졸"", ""exam_year"": 2026, ""exam_stage"": ""2차"", ""is_first_pass"": true, ""subjects"": [""농작물재해보험이론과실무"", ""가축재해보험이론과실무""], ""exam_center"": ""서울남부시험장"", ""payment_status"": ""PAID""}",2026-08-11 21:09
전문,두두넷,P001,손해평가사,조병수,010-9890-5452,M,1951-01-10,전남,2026-10-24,3교시,30000,없음,30000,신용카드,접수완료,가족보조,,,"{""source_receipt"": ""DP2026503213"", ""education"": ""고등학교졸업"", ""exam_year"": 2026, ""exam_stage"": ""2차"", ""is_first_pass"": true, ""subjects"": [""농작물재해보험이론과실무"", ""가축재해보험이론과실무""], ""exam_center"": ""순천시험장"", ""payment_status"": ""PAID""}",2026-08-16 22:45
전문,두두넷,P001,손해평가사,하두만,010-7101-3314,M,1960-04-15,경북,2026-10-18,3교시,30000,없음,30000,신용카드,접수완료,본인단독,,,"{""source_receipt"": ""DP2026519221"", ""education"": ""전문대졸"", ""exam_year"": 2026, ""exam_stage"": ""2차"", ""is_first_pass"": false, ""subjects"": [""농작물재해보험이론과실무"", ""가축재해보험이론과실무""], ""exam_center"": ""포항시험장"", ""payment_status"": ""PAID""}",2026-08-12 20:40
전문,두두넷,P002,공인중개사,성귀순,010-7459-7928,F,1936-09-12,세종,2026-10-21,1교시,13400,없음,13400,계좌이체,접수완료,본인단독,,,"{""source_receipt"": ""DP2026843051"", ""education"": ""대학교졸"", ""exam_year"": 2026, ""exam_stage"": ""1차"", ""is_first_pass"": false, ""subjects"": [""부동산학개론"", ""민법및민사특별법""], ""exam_center"": ""세종시험장"", ""payment_status"": ""PAID""}",2026-08-18 18:28
전문,두두넷,P001,손해평가사,송만복,010-8251-5237,M,1933-10-17,울산,2026-10-22,2교시,30000,없음,30000,계좌이체,접수완료,가족보조,,,"{""source_receipt"": ""DP2026624703"", ""education"": ""전문대졸"", ""exam_year"": 2026, ""exam_stage"": ""2차"", ""is_first_pass"": true, ""subjects"": [""농작물재해보험이론과실무"", ""가축재해보험이론과실무""], ""exam_center"": ""울산시험장"", ""payment_status"": ""PAID""}",2026-08-17 10:51
전문,두두넷,P002,공인중개사,남옥희,010-4519-3110,F,1933-03-13,인천,2026-10-15,1교시,13400,없음,13400,가상계좌,접수완료,가족보조,,,"{""source_receipt"": ""DP2026363574"", ""education"": ""전문대졸"", ""exam_year"": 2026, ""exam_stage"": ""1차"", ""is_first_pass"": false, ""subjects"": [""부동산학개론"", ""민법및민사특별법""], ""exam_center"": ""인천시험장"", ""payment_status"": ""PAID""}",2026-08-17 17:42
전문,두두넷,P002,공인중개사,류춘자,010-4772-6478,F,1933-12-09,전북,2026-10-17,1교시,13400,없음,13400,가상계좌,접수완료,본인단독,,,"{""source_receipt"": ""DP2026266546"", ""education"": ""고등학교졸업"", ""exam_year"": 2026, ""exam_stage"": ""1차"", ""is_first_pass"": false, ""subjects"": [""부동산학개론"", ""민법및민사특별법""], ""exam_center"": ""전주시험장"", ""payment_status"": ""PAID""}",2026-08-18 17:09
전문,두두넷,P001,손해평가사,백필호,010-4436-2302,M,1951-12-18,인천,2026-10-17,3교시,30000,없음,30000,가상계좌,접수완료,가족보조,,,"{""source_receipt"": ""DP2026408290"", ""education"": ""고등학교졸업"", ""exam_year"": 2026, ""exam_stage"": ""2차"", ""is_first_pass"": true, ""subjects"": [""농작물재해보험이론과실무"", ""가축재해보험이론과실무""], ""exam_center"": ""인천시험장"", ""payment_status"": ""PAID""}",2026-08-14 22:03
전문,두두넷,P002,공인중개사,민귀순,010-9003-8086,F,1934-06-22,전북,2026-10-17,2교시,15200,없음,15200,계좌이체,접수완료,본인단독,,,"{""source_receipt"": ""DP2026016565"", ""education"": ""전문대졸"", ""exam_year"": 2026, ""exam_stage"": ""2차"", ""is_first_pass"": false, ""subjects"": [""공인중개사법"", ""부동산공법"", ""부동산공시법"", ""부동산세법""], ""exam_center"": ""전주시험장"", ""payment_status"": ""PAID""}",2026-08-06 12:47
전문,두두넷,P002,공인중개사,백필호,010-8884-2428,M,1936-12-15,세종,2026-10-23,1교시,13400,없음,13400,계좌이체,접수완료,가족보조,,,"{""source_receipt"": ""DP2026785870"", ""education"": ""초등학교졸업"", ""exam_year"": 2026, ""exam_stage"": ""1차"", ""is_first_pass"": false, ""subjects"": [""부동산학개론"", ""민법및민사특별법""], ""exam_center"": ""세종시험장"", ""payment_status"": ""PAID""}",2026-08-01 09:08
전문,두두넷,P002,공인중개사,차만복,010-3254-2140,M,1945-11-01,대전,2026-10-21,1교시,13400,없음,13400,가상계좌,접수완료,본인단독,,,"{""source_receipt"": ""DP2026889894"", ""education"": ""대학교졸"", ""exam_year"": 2026, ""exam_stage"": ""1차"", ""is_first_pass"": false, ""subjects"": [""부동산학개론"", ""민법및민사특별법""], ""exam_center"": ""대전시험장"", ""payment_status"": ""PAID""}",2026-08-17 16:51
전문,두두넷,P001,손해평가사,심일남,010-1782-8793,M,1947-01-20,서울,2026-10-15,2교시,30000,없음,30000,계좌이체,접수완료,본인단독,,,"{""source_receipt"": ""DP2026368528"", ""education"": ""중학교졸업"", ""exam_year"": 2026, ""exam_stage"": ""2차"", ""is_first_pass"": true, ""subjects"": [""농작물재해보험이론과실무"", ""가축재해보험이론과실무""], ""exam_center"": ""서울2시험장"", ""payment_status"": ""PAID""}",2026-08-03 21:56
전문,두두넷,P001,손해평가사,손순자,010-2274-5617,F,1936-02-06,경북,2026-10-21,3교시,30000,없음,30000,계좌이체,접수완료,가족보조,,,"{""source_receipt"": ""DP2026744314"", ""education"": ""전문대졸"", ""exam_year"": 2026, ""exam_stage"": ""1차"", ""is_first_pass"": false, ""subjects"": [""상법(보험편)"", ""농어업재해보험법규""], ""exam_center"": ""포항시험장"", ""payment_status"": ""PAID""}",2026-08-18 09:48
전문,두두넷,P002,공인중개사,남필호,010-7785-4510,M,1953-06-12,세종,2026-10-15,1교시,15200,없음,15200,신용카드,접수완료,가족보조,,,"{""source_receipt"": ""DP2026853268"", ""education"": ""전문대졸"", ""exam_year"": 2026, ""exam_stage"": ""2차"", ""is_first_pass"": true, ""subjects"": [""공인중개사법"", ""부동산공법"", ""부동산공시법"", ""부동산세법""], ""exam_center"": ""세종시험장"", ""payment_status"": ""PAID""}",2026-08-14 16:22
전문,두두넷,P001,손해평가사,한말순,010-6671-3611,F,1929-05-12,울산,2026-10-23,3교시,30000,없음,30000,계좌이체,접수완료,본인단독,,,"{""source_receipt"": ""DP2026835553"", ""education"": ""전문대졸"", ""exam_year"": 2026, ""exam_stage"": ""1차"", ""is_first_pass"": false, ""subjects"": [""상법(보험편)"", ""농어업재해보험법규""], ""exam_center"": ""울산시험장"", ""payment_status"": ""PAID""}",2026-08-10 18:52
전문,두두넷,P001,손해평가사,양금순,010-5170-5750,F,1931-04-28,충북,2026-10-16,3교시,30000,없음,30000,계좌이체,접수완료,가족보조,,,"{""source_receipt"": ""DP2026457622"", ""education"": ""전문대졸"", ""exam_year"": 2026, ""exam_stage"": ""2차"", ""is_first_pass"": true, ""subjects"": [""농작물재해보험이론과실무"", ""가축재해보험이론과실무""], ""exam_center"": ""청주시험장"", ""payment_status"": ""PAID""}",2026-08-14 21:55
전문,두두넷,P001,손해평가사,강영호,010-6523-1559,M,1958-09-11,강원,2026-10-25,1교시,30000,장애인,30000,신용카드,접수완료,가족보조,,,"{""source_receipt"": ""DP2026296203"", ""education"": ""고등학교졸업"", ""exam_year"": 2026, ""exam_stage"": ""1차"", ""is_first_pass"": false, ""subjects"": [""상법(보험편)"", ""농어업재해보험법규""], ""exam_center"": ""춘천시험장"", ""payment_status"": ""PAID""}",2026-08-15 19:01
전문,두두넷,P002,공인중개사,오선옥,010-9778-8104,F,1945-05-25,전북,2026-10-19,3교시,13400,없음,13400,계좌이체,접수완료,가족보조,,,"{""source_receipt"": ""DP2026357542"", ""education"": ""중학교졸업"", ""exam_year"": 2026, ""exam_stage"": ""1차"", ""is_first_pass"": false, ""subjects"": [""부동산학개론"", ""민법및민사특별법""], ""exam_center"": ""전주시험장"", ""payment_status"": ""PAID""}",2026-08-13 10:24
전문,두두넷,P001,손해평가사,홍광수,010-4980-5097,M,1965-02-05,울산,2026-10-16,2교시,30000,장애인,30000,계좌이체,접수완료,본인단독,,,"{""source_receipt"": ""DP2026830769"", ""education"": ""고등학교졸업"", ""exam_year"": 2026, ""exam_stage"": ""1차"", ""is_first_pass"": false, ""subjects"": [""상법(보험편)"", ""농어업재해보험법규""], ""exam_center"": ""울산시험장"", ""payment_status"": ""PAID""}",2026-08-01 18:24
전문,두두넷,P001,손해평가사,안원호,010-8826-3282,M,1942-05-13,충남,2026-10-25,3교시,30000,없음,30000,신용카드,결제대기,가족보조,,,"{""source_receipt"": ""DP2026248508"", ""education"": ""무학"", ""exam_year"": 2026, ""exam_stage"": ""1차"", ""is_first_pass"": false, ""subjects"": [""상법(보험편)"", ""농어업재해보험법규""], ""exam_center"": ""천안시험장"", ""payment_status"": ""PENDING""}",2026-08-18 20:52
전문,두두넷,P001,손해평가사,전말자,010-3990-3897,F,1950-07-21,대전,2026-10-24,2교시,30000,없음,30000,계좌이체,접수완료,가족보조,,,"{""source_receipt"": ""DP2026852457"", ""education"": ""고등학교졸업"", ""exam_year"": 2026, ""exam_stage"": ""1차"", ""is_first_pass"": false, ""subjects"": [""상법(보험편)"", ""농어업재해보험법규""], ""exam_center"": ""대전시험장"", ""payment_status"": ""PAID""}",2026-08-16 12:45
전문,두두넷,P001,손해평가사,노필순,010-1325-3042,F,1932-09-16,세종,2026-10-19,3교시,30000,없음,30000,가상계좌,취소,가족보조,,,"{""source_receipt"": ""DP2026510123"", ""education"": ""중학교졸업"", ""exam_year"": 2026, ""exam_stage"": ""1차"", ""is_first_pass"": false, ""subjects"": [""상법(보험편)"", ""농어업재해보험법규""], ""exam_center"": ""세종시험장"", ""payment_status"": ""REFUNDED""}",2026-08-11 18:24
전문,두두넷,P001,손해평가사,한갑순,010-8873-2606,F,1930-03-16,세종,2026-10-23,3교시,30000,없음,30000,가상계좌,취소,본인단독,,,"{""source_receipt"": ""DP2026380792"", ""education"": ""고등학교졸업"", ""exam_year"": 2026, ""exam_stage"": ""2차"", ""is_first_pass"": true, ""subjects"": [""농작물재해보험이론과실무"", ""가축재해보험이론과실무""], ""exam_center"": ""세종시험장"", ""payment_status"": ""REFUNDED""}",2026-08-03 21:04
전문,두두넷,P002,공인중개사,노용기,010-6316-3477,M,1950-03-27,제주,2026-10-17,3교시,15200,없음,15200,신용카드,접수완료,가족보조,,,"{""source_receipt"": ""DP2026246886"", ""education"": ""고등학교졸업"", ""exam_year"": 2026, ""exam_stage"": ""2차"", ""is_first_pass"": false, ""subjects"": [""공인중개사법"", ""부동산공법"", ""부동산공시법"", ""부동산세법""], ""exam_center"": ""제주시험장"", ""payment_status"": ""PAID""}",2026-08-11 20:23
전문,두두넷,P002,공인중개사,박계순,010-1811-8220,F,1964-08-05,충북,2026-10-19,3교시,13400,없음,13400,가상계좌,접수완료,본인단독,,,"{""source_receipt"": ""DP2026445101"", ""education"": ""중학교졸업"", ""exam_year"": 2026, ""exam_stage"": ""1차"", ""is_first_pass"": false, ""subjects"": [""부동산학개론"", ""민법및민사특별법""], ""exam_center"": ""청주시험장"", ""payment_status"": ""PAID""}",2026-08-18 15:01
전문,두두넷,P002,공인중개사,허광수,010-8575-4628,M,1946-11-23,서울,2026-10-19,2교시,13400,없음,13400,가상계좌,접수완료,본인단독,,,"{""source_receipt"": ""DP2026734244"", ""education"": ""고등학교졸업"", ""exam_year"": 2026, ""exam_stage"": ""1차"", ""is_first_pass"": false, ""subjects"": [""부동산학개론"", ""민법및민사특별법""], ""exam_center"": ""서울2시험장"", ""payment_status"": ""PAID""}",2026-08-04 14:06
보건,두두보건,H001,요양보호사,윤봉숙,010-2958-9541,F,1948-07-28,청주,2026-10-02,PM,32000,장애인,32000,신용카드,접수완료,가족보조,,,"{""source_receipt"": ""DH2026439254"", ""education"": ""무학"", ""training_org"": ""순천시니어교육원"", ""training_cert_no"": ""TR20268469"", ""training_done"": ""2026-07-09"", ""training_hours"": 240, ""photo_verified"": ""PASS"", ""payment_status"": ""success""}",2026-08-10 15:20
보건,두두보건,H001,요양보호사,차근호,010-4067-5801,M,1941-01-28,대전,2026-10-16,PM,32000,없음,32000,가상계좌,접수완료,복지관,,,"{""source_receipt"": ""DH2026272254"", ""education"": ""무학"", ""training_org"": ""광주복지교육원"", ""training_cert_no"": ""TR20267267"", ""training_done"": ""2026-03-06"", ""training_hours"": 240, ""photo_verified"": ""PASS"", ""payment_status"": ""success""}",2026-08-19 17:30
보건,두두보건,H001,요양보호사,유운순,010-3265-3570,F,1961-11-14,광주,2026-11-09,AM,32000,없음,32000,가상계좌,접수완료,본인단독,,,"{""source_receipt"": ""DH2026847584"", ""education"": ""초등학교졸업"", ""training_org"": ""수원시니어아카데미"", ""training_cert_no"": ""TR20265899"", ""training_done"": ""2026-07-27"", ""training_hours"": 240, ""photo_verified"": ""PASS"", ""payment_status"": ""success""}",2026-08-15 15:00
보건,두두보건,H002,위생사,임미자,010-4542-6887,F,1959-12-26,청주,2026-11-16,PM,30000,없음,30000,계좌이체,접수완료,가족보조,,,"{""source_receipt"": ""DH2026648336"", ""education"": ""중학교졸업"", ""training_org"": ""대구보건대학교 보건위생과"", ""training_cert_no"": ""TR20265190"", ""training_done"": ""2026-03-10"", ""training_hours"": 0, ""photo_verified"": ""PASS"", ""payment_status"": ""success""}",2026-08-16 09:50
보건,두두보건,H001,요양보호사,주명자,010-8729-4224,F,1960-11-11,대구,2026-10-23,PM,32000,없음,32000,가상계좌,접수완료,가족보조,,,"{""source_receipt"": ""DH2026228468"", ""education"": ""고등학교졸업"", ""training_org"": ""순천시니어교육원"", ""training_cert_no"": ""TR20266753"", ""training_done"": ""2026-07-07"", ""training_hours"": 240, ""photo_verified"": ""PASS"", ""payment_status"": ""success""}",2026-08-19 10:26
보건,두두보건,H002,위생사,최필순,010-1715-8202,F,1964-12-14,대전,2026-10-22,PM,30000,없음,30000,계좌이체,접수완료,본인단독,,,"{""source_receipt"": ""DH2026319982"", ""education"": ""대학교졸"", ""training_org"": ""경기보건대학교 보건학과"", ""training_cert_no"": ""TR20266237"", ""training_done"": ""2026-04-03"", ""training_hours"": 0, ""photo_verified"": ""PASS"", ""payment_status"": ""success""}",2026-08-12 09:37
보건,두두보건,H002,위생사,우말자,010-1759-8489,F,1960-07-20,부산,2026-11-18,PM,30000,없음,30000,신용카드,접수완료,복지관,,,"{""source_receipt"": ""DH2026893716"", ""education"": ""고등학교졸업"", ""training_org"": ""대구보건대학교 보건위생과"", ""training_cert_no"": ""TR20264989"", ""training_done"": ""2026-03-01"", ""training_hours"": 0, ""photo_verified"": ""PASS"", ""payment_status"": ""success""}",2026-08-06 20:10
보건,두두보건,H001,요양보호사,손계순,010-9540-3228,F,1939-09-13,부산,2026-09-02,AM,32000,없음,32000,신용카드,접수완료,가족보조,,,"{""source_receipt"": ""DH2026653229"", ""education"": ""고등학교졸업"", ""training_org"": ""경기도요양보호사교육원"", ""training_cert_no"": ""TR20268405"", ""training_done"": ""2026-05-05"", ""training_hours"": 240, ""photo_verified"": ""PASS"", ""payment_status"": ""success""}",2026-08-17 14:55
보건,두두보건,H001,요양보호사,양복순,010-2042-8269,F,1950-09-09,서울,2026-11-04,PM,32000,없음,32000,계좌이체,접수완료,복지관,,,"{""source_receipt"": ""DH2026016371"", ""education"": ""대학원졸"", ""training_org"": ""성남시립간호조무사교육원"", ""training_cert_no"": ""TR20262931"", ""training_done"": ""2026-05-14"", ""training_hours"": 240, ""photo_verified"": ""PASS"", ""payment_status"": ""success""}",2026-08-13 16:23
보건,두두보건,H001,요양보호사,민근호,010-4316-2185,M,1963-11-20,대구,2026-09-22,PM,32000,없음,32000,계좌이체,접수완료,본인단독,,,"{""source_receipt"": ""DH2026917388"", ""education"": ""전문대졸"", ""training_org"": ""광주복지교육원"", ""training_cert_no"": ""TR20267896"", ""training_done"": ""2026-06-28"", ""training_hours"": 240, ""photo_verified"": ""PENDING"", ""payment_status"": ""success""}",2026-08-08 10:51
보건,두두보건,H002,위생사,신상원,010-5168-5234,M,1950-06-20,광주,2026-11-23,AM,30000,기초생활수급자,30000,가상계좌,접수완료,본인단독,,,"{""source_receipt"": ""DH2026261298"", ""education"": ""중학교졸업"", ""training_org"": ""광주보건대학교 위생과"", ""training_cert_no"": ""TR20267420"", ""training_done"": ""2026-07-01"", ""training_hours"": 0, ""photo_verified"": ""PASS"", ""payment_status"": ""success""}",2026-08-17 16:59
보건,두두보건,H002,위생사,서동호,010-3693-4340,M,1955-09-14,제주,2026-10-18,PM,30000,없음,30000,가상계좌,접수완료,복지관,,,"{""source_receipt"": ""DH2026954106"", ""education"": ""대학원졸"", ""training_org"": ""부산보건대학 위생학과"", ""training_cert_no"": ""TR20269275"", ""training_done"": ""2026-05-09"", ""training_hours"": 0, ""photo_verified"": ""PASS"", ""payment_status"": ""success""}",2026-08-13 14:54
보건,두두보건,H001,요양보호사,심영호,010-1167-5909,M,1941-03-01,수원,2026-10-09,AM,32000,없음,32000,가상계좌,접수완료,복지관,,,"{""source_receipt"": ""DH2026686835"", ""education"": ""대학원졸"", ""training_org"": ""포항시민교육원"", ""training_cert_no"": ""TR20269767"", ""training_done"": ""2026-04-25"", ""training_hours"": 240, ""photo_verified"": ""PASS"", ""payment_status"": ""success""}",2026-08-09 14:00
보건,두두보건,H001,요양보호사,노영호,010-7732-3615,M,1941-08-20,대구,2026-11-19,AM,32000,없음,32000,신용카드,접수완료,복지관,,,"{""source_receipt"": ""DH2026480788"", ""education"": ""고등학교졸업"", ""training_org"": ""수원시니어아카데미"", ""training_cert_no"": ""TR20260845"", ""training_done"": ""2026-04-08"", ""training_hours"": 240, ""photo_verified"": ""PASS"", ""payment_status"": ""success""}",2026-08-11 15:55
보건,두두보건,H001,요양보호사,최금순,010-2862-7744,F,1934-12-22,서울,2026-09-14,PM,32000,장애인,32000,신용카드,결제대기,가족보조,,,"{""source_receipt"": ""DH2026150585"", ""education"": ""대학교졸"", ""training_org"": ""성남시립간호조무사교육원"", ""training_cert_no"": ""TR20267384"", ""training_done"": ""2026-04-12"", ""training_hours"": 240, ""photo_verified"": ""PASS"", ""payment_status"": ""pending""}",2026-08-13 20:57
보건,두두보건,H001,요양보호사,김재호,010-5735-6038,M,1953-10-17,부산,2026-11-21,PM,32000,없음,32000,계좌이체,접수완료,가족보조,,,"{""source_receipt"": ""DH2026678521"", ""education"": ""고등학교졸업"", ""training_org"": ""순천시니어교육원"", ""training_cert_no"": ""TR20267419"", ""training_done"": ""2026-06-08"", ""training_hours"": 240, ""photo_verified"": ""PASS"", ""payment_status"": ""success""}",2026-08-04 17:00
보건,두두보건,H001,요양보호사,배기철,010-3766-8225,M,1935-03-16,광주,2026-09-06,PM,32000,없음,32000,가상계좌,취소,복지관,,,"{""source_receipt"": ""DH2026837213"", ""education"": ""중학교졸업"", ""training_org"": ""수원시니어아카데미"", ""training_cert_no"": ""TR20266754"", ""training_done"": ""2026-05-12"", ""training_hours"": 240, ""photo_verified"": ""PASS"", ""payment_status"": ""refunded""}",2026-08-02 11:52
보건,두두보건,H001,요양보호사,류춘자,010-7210-2658,F,1963-04-17,서울,2026-10-26,AM,32000,없음,32000,신용카드,접수완료,본인단독,,,"{""source_receipt"": ""DH2026435766"", ""education"": ""대학교졸"", ""training_org"": ""창원노인복지관교육부"", ""training_cert_no"": ""TR20261349"", ""training_done"": ""2026-06-02"", ""training_hours"": 240, ""photo_verified"": ""PASS"", ""payment_status"": ""success""}",2026-08-01 18:58
보건,두두보건,H002,위생사,배춘희,010-4757-9065,F,1947-08-07,광주,2026-09-08,AM,30000,기초생활수급자,30000,신용카드,결제대기,가족보조,,,"{""source_receipt"": ""DH2026397710"", ""education"": ""중학교졸업"", ""training_org"": ""서울보건대학교 환경위생과"", ""training_cert_no"": ""TR20268614"", ""training_done"": ""2026-06-26"", ""training_hours"": 0, ""photo_verified"": ""PENDING"", ""payment_status"": ""pending""}",2026-08-05 20:13
보건,두두보건,H001,요양보호사,정선옥,010-3065-5686,F,1957-01-03,수원,2026-10-16,AM,32000,없음,32000,신용카드,접수완료,복지관,,,"{""source_receipt"": ""DH2026686315"", ""education"": ""초등학교졸업"", ""training_org"": ""전주평생학습관"", ""training_cert_no"": ""TR20269412"", ""training_done"": ""2026-07-02"", ""training_hours"": 240, ""photo_verified"": ""PASS"", ""payment_status"": ""success""}",2026-08-19 20:20
보건,두두보건,H001,요양보호사,신광수,010-1933-7393,M,1949-12-19,서울,2026-11-14,AM,32000,없음,32000,신용카드,접수완료,가족보조,,,"{""source_receipt"": ""DH2026351312"", ""education"": ""대학교졸"", ""training_org"": ""청주보건교육원"", ""training_cert_no"": ""TR20264447"", ""training_done"": ""2026-05-22"", ""training_hours"": 240, ""photo_verified"": ""PASS"", ""payment_status"": ""success""}",2026-08-13 19:47
보건,두두보건,H001,요양보호사,임정자,010-1431-7853,F,1948-11-22,대전,2026-11-19,AM,32000,없음,32000,계좌이체,접수완료,본인단독,,,"{""source_receipt"": ""DH2026539231"", ""education"": ""초등학교졸업"", ""training_org"": ""천안시니어교육센터"", ""training_cert_no"": ""TR20264554"", ""training_done"": ""2026-07-13"", ""training_hours"": 240, ""photo_verified"": ""PASS"", ""payment_status"": ""success""}",2026-08-13 15:56
보건,두두보건,H001,요양보호사,성춘희,010-7923-5483,F,1960-11-28,청주,2026-10-06,PM,32000,없음,32000,신용카드,접수완료,본인단독,,,"{""source_receipt"": ""DH2026757803"", ""education"": ""고등학교졸업"", ""training_org"": ""춘천노인복지교육센터"", ""training_cert_no"": ""TR20260780"", ""training_done"": ""2026-05-04"", ""training_hours"": 240, ""photo_verified"": ""PASS"", ""payment_status"": ""success""}",2026-08-02 20:11
보건,두두보건,H001,요양보호사,최복순,010-9122-2822,F,1951-12-02,청주,2026-09-10,PM,32000,없음,32000,계좌이체,접수완료,복지관,,,"{""source_receipt"": ""DH2026028609"", ""education"": ""대학원졸"", ""training_org"": ""성남시립간호조무사교육원"", ""training_cert_no"": ""TR20260521"", ""training_done"": ""2026-06-19"", ""training_hours"": 240, ""photo_verified"": ""PASS"", ""payment_status"": ""success""}",2026-08-12 09:26
보건,두두보건,H002,위생사,성순옥,010-8543-2727,F,1943-10-07,대구,2026-11-10,PM,30000,없음,30000,신용카드,접수완료,가족보조,,,"{""source_receipt"": ""DH2026153229"", ""education"": ""대학교졸"", ""training_org"": ""대구보건대학교 보건위생과"", ""training_cert_no"": ""TR20264928"", ""training_done"": ""2026-05-09"", ""training_hours"": 0, ""photo_verified"": ""PASS"", ""payment_status"": ""success""}",2026-08-10 15:40
보건,두두보건,H001,요양보호사,우정순,010-1898-4911,F,1947-02-21,대구,2026-10-27,AM,32000,장애인,32000,신용카드,접수완료,가족보조,,,"{""source_receipt"": ""DH2026798572"", ""education"": ""대학교졸"", ""training_org"": ""서울시립요양보호사교육원"", ""training_cert_no"": ""TR20260245"", ""training_done"": ""2026-05-24"", ""training_hours"": 240, ""photo_verified"": ""PASS"", ""payment_status"": ""success""}",2026-08-16 19:32
보건,두두보건,H001,요양보호사,배말순,010-9223-5017,F,1937-07-16,전주,2026-10-09,AM,32000,없음,32000,신용카드,접수완료,가족보조,,,"{""source_receipt"": ""DH2026967123"", ""education"": ""고등학교졸업"", ""training_org"": ""포항시민교육원"", ""training_cert_no"": ""TR20262163"", ""training_done"": ""2026-05-12"", ""training_hours"": 240, ""photo_verified"": ""PASS"", ""payment_status"": ""success""}",2026-08-07 15:45
보건,두두보건,H001,요양보호사,송봉숙,010-7277-3250,F,1947-02-04,제주,2026-09-27,AM,32000,없음,32000,계좌이체,접수완료,가족보조,,,"{""source_receipt"": ""DH2026841230"", ""education"": ""대학교졸"", ""training_org"": ""경기도요양보호사교육원"", ""training_cert_no"": ""TR20268929"", ""training_done"": ""2026-07-21"", ""training_hours"": 240, ""photo_verified"": ""PASS"", ""payment_status"": ""success""}",2026-08-14 20:09
보건,두두보건,H002,위생사,성동석,010-6686-8981,M,1929-01-20,대구,2026-11-18,AM,30000,없음,30000,신용카드,접수완료,복지관,,,"{""source_receipt"": ""DH2026774980"", ""education"": ""고등학교졸업"", ""training_org"": ""대구보건대학교 보건위생과"", ""training_cert_no"": ""TR20263223"", ""training_done"": ""2026-03-13"", ""training_hours"": 0, ""photo_verified"": ""PASS"", ""payment_status"": ""success""}",2026-08-03 22:06
보건,두두보건,H002,위생사,조계순,010-6884-7238,F,1931-12-27,부산,2026-10-24,PM,30000,없음,30000,계좌이체,접수완료,본인단독,,,"{""source_receipt"": ""DH2026421867"", ""education"": ""고등학교졸업"", ""training_org"": ""전주보건대학교 위생과"", ""training_cert_no"": ""TR20262623"", ""training_done"": ""2026-06-09"", ""training_hours"": 0, ""photo_verified"": ""PENDING"", ""payment_status"": ""success""}",2026-08-01 15:33
보건,두두보건,H001,요양보호사,오금순,010-5782-6216,F,1957-01-09,부산,2026-09-11,AM,32000,없음,32000,계좌이체,접수완료,복지관,,,"{""source_receipt"": ""DH2026984409"", ""education"": ""전문대졸"", ""training_org"": ""성남시립간호조무사교육원"", ""training_cert_no"": ""TR20262545"", ""training_done"": ""2026-03-24"", ""training_hours"": 240, ""photo_verified"": ""PASS"", ""payment_status"": ""success""}",2026-08-02 21:30
보건,두두보건,H001,요양보호사,주갑순,010-9268-1986,F,1935-08-28,부산,2026-09-11,PM,32000,없음,32000,계좌이체,접수완료,본인단독,,,"{""source_receipt"": ""DH2026968991"", ""education"": ""고등학교졸업"", ""training_org"": ""서울시립요양보호사교육원"", ""training_cert_no"": ""TR20268582"", ""training_done"": ""2026-03-17"", ""training_hours"": 240, ""photo_verified"": ""PASS"", ""payment_status"": ""success""}",2026-08-09 20:53
보건,두두보건,H001,요양보호사,양재호,010-2123-5219,M,1937-08-25,수원,2026-09-01,PM,32000,없음,32000,신용카드,접수완료,복지관,,,"{""source_receipt"": ""DH2026945141"", ""education"": ""대학교졸"", ""training_org"": ""춘천노인복지교육센터"", ""training_cert_no"": ""TR20263725"", ""training_done"": ""2026-06-18"", ""training_hours"": 240, ""photo_verified"": ""PASS"", ""payment_status"": ""success""}",2026-08-06 11:59
보건,두두보건,H001,요양보호사,이태호,010-6436-9965,M,1951-12-17,서울,2026-10-03,PM,32000,없음,32000,가상계좌,접수완료,가족보조,,,"{""source_receipt"": ""DH2026303102"", ""education"": ""대학교졸"", ""training_org"": ""천안시니어교육센터"", ""training_cert_no"": ""TR20264362"", ""training_done"": ""2026-04-27"", ""training_hours"": 240, ""photo_verified"": ""PENDING"", ""payment_status"": ""success""}",2026-08-06 19:49
보건,두두보건,H001,요양보호사,곽원호,010-9978-6468,M,1928-10-02,대전,2026-11-26,AM,32000,없음,32000,가상계좌,접수완료,본인단독,,,"{""source_receipt"": ""DH2026266040"", ""education"": ""고등학교졸업"", ""training_org"": ""포항시민교육원"", ""training_cert_no"": ""TR20264856"", ""training_done"": ""2026-06-07"", ""training_hours"": 240, ""photo_verified"": ""FAIL"", ""payment_status"": ""success""}",2026-08-10 18:13
보건,두두보건,H002,위생사,류상원,010-3039-5998,M,1962-08-02,청주,2026-09-03,PM,30000,없음,30000,신용카드,접수완료,본인단독,,,"{""source_receipt"": ""DH2026414406"", ""education"": ""고등학교졸업"", ""training_org"": ""수원보건대학 환경보건과"", ""training_cert_no"": ""TR20265728"", ""training_done"": ""2026-07-22"", ""training_hours"": 0, ""photo_verified"": ""PASS"", ""payment_status"": ""success""}",2026-08-09 09:13
보건,두두보건,H001,요양보호사,이갑수,010-4340-4602,M,1938-12-26,청주,2026-09-27,AM,32000,없음,32000,신용카드,접수완료,복지관,,,"{""source_receipt"": ""DH2026651087"", ""education"": ""초등학교졸업"", ""training_org"": ""천안시니어교육센터"", ""training_cert_no"": ""TR20269314"", ""training_done"": ""2026-03-23"", ""training_hours"": 240, ""photo_verified"": ""PASS"", ""payment_status"": ""success""}",2026-08-16 14:36
보건,두두보건,H001,요양보호사,김태호,010-7273-8913,M,1929-09-22,전주,2026-10-20,PM,32000,없음,32000,가상계좌,접수완료,복지관,,,"{""source_receipt"": ""DH2026404223"", ""education"": ""중학교졸업"", ""training_org"": ""인천시니어교육센터"", ""training_cert_no"": ""TR20267645"", ""training_done"": ""2026-07-04"", ""training_hours"": 240, ""photo_verified"": ""PASS"", ""payment_status"": ""success""}",2026-08-11 10:16
보건,두두보건,H001,요양보호사,강정순,010-6965-9004,F,1948-06-28,부산,2026-11-20,AM,32000,없음,32000,가상계좌,접수완료,본인단독,,,"{""source_receipt"": ""DH2026497841"", ""education"": ""고등학교졸업"", ""training_org"": ""청주보건교육원"", ""training_cert_no"": ""TR20261370"", ""training_done"": ""2026-03-15"", ""training_hours"": 240, ""photo_verified"": ""PASS"", ""payment_status"": ""success""}",2026-08-14 09:07
보건,두두보건,H001,요양보호사,백운순,010-3495-9263,F,1932-02-23,서울,2026-10-26,AM,32000,없음,32000,가상계좌,접수완료,본인단독,,,"{""source_receipt"": ""DH2026021203"", ""education"": ""전문대졸"", ""training_org"": ""서울시립요양보호사교육원"", ""training_cert_no"": ""TR20266036"", ""training_done"": ""2026-05-05"", ""training_hours"": 240, ""photo_verified"": ""PASS"", ""payment_status"": ""success""}",2026-08-18 18:03
보건,두두보건,H001,요양보호사,정영숙,010-6558-4094,F,1944-09-06,대전,2026-11-09,AM,32000,없음,32000,신용카드,접수완료,가족보조,,,"{""source_receipt"": ""DH2026133262"", ""education"": ""대학원졸"", ""training_org"": ""천안시니어교육센터"", ""training_cert_no"": ""TR20260455"", ""training_done"": ""2026-03-10"", ""training_hours"": 240, ""photo_verified"": ""PASS"", ""payment_status"": ""success""}",2026-08-09 19:02
보건,두두보건,H001,요양보호사,홍두만,010-8340-7626,M,1961-02-18,대구,2026-09-08,PM,32000,기초생활수급자,32000,신용카드,접수완료,가족보조,,,"{""source_receipt"": ""DH2026957799"", ""education"": ""대학교졸"", ""training_org"": ""고양시평생교육원"", ""training_cert_no"": ""TR20265930"", ""training_done"": ""2026-03-23"", ""training_hours"": 240, ""photo_verified"": ""PASS"", ""payment_status"": ""success""}",2026-08-11 13:51
보건,두두보건,H002,위생사,유계순,010-1834-7539,F,1946-12-01,수원,2026-10-16,PM,30000,없음,30000,계좌이체,접수완료,가족보조,,,"{""source_receipt"": ""DH2026852974"", ""education"": ""고등학교졸업"", ""training_org"": ""인천보건대 환경보건과"", ""training_cert_no"": ""TR20266857"", ""training_done"": ""2026-07-14"", ""training_hours"": 0, ""photo_verified"": ""PASS"", ""payment_status"": ""success""}",2026-08-04 16:43
보건,두두보건,H001,요양보호사,심종수,010-7720-9723,M,1955-07-02,전주,2026-11-28,AM,32000,없음,32000,가상계좌,접수완료,가족보조,,,"{""source_receipt"": ""DH2026492340"", ""education"": ""전문대졸"", ""training_org"": ""대전실버교육원"", ""training_cert_no"": ""TR20265006"", ""training_done"": ""2026-05-02"", ""training_hours"": 240, ""photo_verified"": ""PASS"", ""payment_status"": ""success""}",2026-08-14 09:35
보건,두두보건,H001,요양보호사,홍동석,010-3594-6633,M,1949-03-23,전주,2026-10-07,AM,32000,없음,32000,가상계좌,접수완료,복지관,,,"{""source_receipt"": ""DH2026946800"", ""education"": ""초등학교졸업"", ""training_org"": ""광주복지교육원"", ""training_cert_no"": ""TR20268486"", ""training_done"": ""2026-04-15"", ""training_hours"": 240, ""photo_verified"": ""PASS"", ""payment_status"": ""success""}",2026-08-09 21:29
보건,두두보건,H001,요양보호사,서봉숙,010-9474-7056,F,1957-11-01,수원,2026-10-04,PM,32000,없음,32000,신용카드,접수완료,가족보조,,,"{""source_receipt"": ""DH2026733587"", ""education"": ""고등학교졸업"", ""training_org"": ""경기도요양보호사교육원"", ""training_cert_no"": ""TR20261817"", ""training_done"": ""2026-04-22"", ""training_hours"": 240, ""photo_verified"": ""PASS"", ""payment_status"": ""success""}",2026-08-15 21:10
보건,두두보건,H001,요양보호사,유말자,010-6893-9450,F,1941-03-15,대구,2026-10-11,PM,32000,없음,32000,신용카드,취소,본인단독,,,"{""source_receipt"": ""DH2026906589"", ""education"": ""고등학교졸업"", ""training_org"": ""광주복지교육원"", ""training_cert_no"": ""TR20262151"", ""training_done"": ""2026-06-15"", ""training_hours"": 240, ""photo_verified"": ""PENDING"", ""payment_status"": ""refunded""}",2026-08-18 15:41
보건,두두보건,H001,요양보호사,배계순,010-7104-7196,F,1964-07-25,서울,2026-10-03,PM,32000,없음,32000,계좌이체,결제대기,본인단독,,,"{""source_receipt"": ""DH2026761531"", ""education"": ""고등학교졸업"", ""training_org"": ""경기도요양보호사교육원"", ""training_cert_no"": ""TR20266172"", ""training_done"": ""2026-07-09"", ""training_hours"": 240, ""photo_verified"": ""PASS"", ""payment_status"": ""pending""}",2026-08-03 15:21
보건,두두보건,H001,요양보호사,오미자,010-8027-7844,F,1934-10-23,대전,2026-11-03,AM,32000,없음,32000,가상계좌,접수완료,가족보조,,,"{""source_receipt"": ""DH2026457669"", ""education"": ""무학"", ""training_org"": ""인천시니어교육센터"", ""training_cert_no"": ""TR20262391"", ""training_done"": ""2026-06-23"", ""training_hours"": 240, ""photo_verified"": ""PASS"", ""payment_status"": ""success""}",2026-08-11 20:08
보건,두두보건,H002,위생사,민두만,010-9637-2109,M,1946-02-17,대전,2026-10-08,AM,30000,없음,30000,계좌이체,접수완료,가족보조,,,"{""source_receipt"": ""DH2026229617"", ""education"": ""고등학교졸업"", ""training_org"": ""대구보건대학교 보건위생과"", ""training_cert_no"": ""TR20267036"", ""training_done"": ""2026-06-26"", ""training_hours"": 0, ""photo_verified"": ""PASS"", ""payment_status"": ""success""}",2026-08-05 13:27
보건,두두보건,H001,요양보호사,배동석,010-2344-3844,M,1928-01-17,서울,2026-11-10,PM,32000,없음,32000,가상계좌,접수완료,복지관,,,"{""source_receipt"": ""DH2026166129"", ""education"": ""대학교졸"", ""training_org"": ""성남시립간호조무사교육원"", ""training_cert_no"": ""TR20267033"", ""training_done"": ""2026-03-03"", ""training_hours"": 240, ""photo_verified"": ""PASS"", ""payment_status"": ""success""}",2026-08-03 16:47
보건,두두보건,H002,위생사,한정순,010-1948-7019,F,1933-02-25,서울,2026-09-13,PM,30000,없음,30000,신용카드,취소,복지관,,,"{""source_receipt"": ""DH2026035481"", ""education"": ""고등학교졸업"", ""training_org"": ""광주보건대학교 위생과"", ""training_cert_no"": ""TR20268509"", ""training_done"": ""2026-04-04"", ""training_hours"": 0, ""photo_verified"": ""PASS"", ""payment_status"": ""refunded""}",2026-08-12 22:22
보건,두두보건,H001,요양보호사,서철수,010-3752-8851,M,1948-02-05,대전,2026-11-28,PM,32000,없음,32000,계좌이체,접수완료,복지관,,,"{""source_receipt"": ""DH2026178401"", ""education"": ""고등학교졸업"", ""training_org"": ""대구평생교육원"", ""training_cert_no"": ""TR20261153"", ""training_done"": ""2026-07-19"", ""training_hours"": 240, ""photo_verified"": ""PASS"", ""payment_status"": ""success""}",2026-08-15 18:47
보건,두두보건,H001,요양보호사,하일남,010-8660-8565,M,1961-11-03,대구,2026-09-13,AM,32000,기초생활수급자,32000,신용카드,접수완료,복지관,,,"{""source_receipt"": ""DH2026253050"", ""education"": ""고등학교졸업"", ""training_org"": ""춘천노인복지교육센터"", ""training_cert_no"": ""TR20263413"", ""training_done"": ""2026-05-15"", ""training_hours"": 240, ""photo_verified"": ""PASS"", ""payment_status"": ""success""}",2026-08-18 12:28
보건,두두보건,H002,위생사,최경자,010-4450-9353,F,1964-08-01,청주,2026-09-15,PM,30000,기초생활수급자,30000,가상계좌,접수완료,본인단독,,,"{""source_receipt"": ""DH2026494447"", ""education"": ""중학교졸업"", ""training_org"": ""제주보건대학 환경위생과"", ""training_cert_no"": ""TR20263338"", ""training_done"": ""2026-03-15"", ""training_hours"": 0, ""photo_verified"": ""PASS"", ""payment_status"": ""success""}",2026-08-16 22:53
보건,두두보건,H002,위생사,주동호,010-6347-5958,M,1944-01-15,전주,2026-10-11,PM,30000,없음,30000,가상계좌,접수완료,복지관,,,"{""source_receipt"": ""DH2026538927"", ""education"": ""대학원졸"", ""training_org"": ""대구보건대학교 보건위생과"", ""training_cert_no"": ""TR20263655"", ""training_done"": ""2026-06-11"", ""training_hours"": 0, ""photo_verified"": ""PASS"", ""payment_status"": ""success""}",2026-08-07 10:12
보건,두두보건,H001,요양보호사,조경자,010-4006-1437,F,1966-02-05,제주,2026-10-04,AM,32000,없음,32000,계좌이체,접수완료,복지관,,,"{""source_receipt"": ""DH2026480268"", ""education"": ""초등학교졸업"", ""training_org"": ""대전실버교육원"", ""training_cert_no"": ""TR20266891"", ""training_done"": ""2026-03-18"", ""training_hours"": 240, ""photo_verified"": ""PASS"", ""payment_status"": ""success""}",2026-08-05 12:37
보건,두두보건,H001,요양보호사,구순옥,010-1561-8339,F,1966-09-08,서울,2026-10-23,PM,32000,없음,32000,신용카드,접수완료,복지관,,,"{""source_receipt"": ""DH2026506468"", ""education"": ""고등학교졸업"", ""training_org"": ""광주복지교육원"", ""training_cert_no"": ""TR20266657"", ""training_done"": ""2026-06-03"", ""training_hours"": 240, ""photo_verified"": ""PASS"", ""payment_status"": ""success""}",2026-08-01 11:51
보건,두두보건,H001,요양보호사,노영수,010-3788-2805,M,1959-01-16,수원,2026-09-08,AM,32000,없음,32000,계좌이체,접수완료,가족보조,,,"{""source_receipt"": ""DH2026743252"", ""education"": ""무학"", ""training_org"": ""수원시니어아카데미"", ""training_cert_no"": ""TR20268538"", ""training_done"": ""2026-05-25"", ""training_hours"": 240, ""photo_verified"": ""PASS"", ""payment_status"": ""success""}",2026-08-09 21:36
보건,두두보건,H001,요양보호사,윤영숙,010-4916-8941,F,1965-07-04,대전,2026-11-01,AM,32000,없음,32000,가상계좌,접수완료,가족보조,,,"{""source_receipt"": ""DH2026749369"", ""education"": ""중학교졸업"", ""training_org"": ""부산광역시요양보호사교육원"", ""training_cert_no"": ""TR20261633"", ""training_done"": ""2026-07-27"", ""training_hours"": 240, ""photo_verified"": ""PASS"", ""payment_status"": ""success""}",2026-08-11 13:24
보건,두두보건,H002,위생사,윤원호,010-1847-1993,M,1940-10-01,서울,2026-09-25,AM,30000,없음,30000,가상계좌,접수완료,가족보조,,,"{""source_receipt"": ""DH2026680475"", ""education"": ""중학교졸업"", ""training_org"": ""경기보건대학교 보건학과"", ""training_cert_no"": ""TR20262321"", ""training_done"": ""2026-06-11"", ""training_hours"": 0, ""photo_verified"": ""PASS"", ""payment_status"": ""success""}",2026-08-05 15:17
보건,두두보건,H001,요양보호사,백정호,010-5436-4499,M,1942-12-07,대구,2026-11-20,AM,32000,없음,32000,가상계좌,취소,가족보조,,,"{""source_receipt"": ""DH2026706834"", ""education"": ""전문대졸"", ""training_org"": ""성남시립간호조무사교육원"", ""training_cert_no"": ""TR20268679"", ""training_done"": ""2026-06-09"", ""training_hours"": 240, ""photo_verified"": ""PASS"", ""payment_status"": ""refunded""}",2026-08-16 11:52
보건,두두보건,H001,요양보호사,남갑수,010-2023-4432,M,1965-02-23,대구,2026-09-10,AM,32000,장애인,32000,신용카드,접수완료,본인단독,,,"{""source_receipt"": ""DH2026069714"", ""education"": ""고등학교졸업"", ""training_org"": ""부산광역시요양보호사교육원"", ""training_cert_no"": ""TR20268679"", ""training_done"": ""2026-07-06"", ""training_hours"": 240, ""photo_verified"": ""PENDING"", ""payment_status"": ""success""}",2026-08-01 11:40
보건,두두보건,H001,요양보호사,곽춘희,010-9153-3679,F,1958-01-16,서울,2026-11-01,PM,32000,없음,32000,계좌이체,접수완료,가족보조,,,"{""source_receipt"": ""DH2026368333"", ""education"": ""중학교졸업"", ""training_org"": ""서울시립요양보호사교육원"", ""training_cert_no"": ""TR20266309"", ""training_done"": ""2026-05-23"", ""training_hours"": 240, ""photo_verified"": ""PASS"", ""payment_status"": ""success""}",2026-08-14 16:23
보건,두두보건,H001,요양보호사,전만복,010-6421-7940,M,1941-11-01,제주,2026-11-15,PM,32000,없음,32000,가상계좌,접수완료,본인단독,,,"{""source_receipt"": ""DH2026138186"", ""education"": ""대학원졸"", ""training_org"": ""대구평생교육원"", ""training_cert_no"": ""TR20266119"", ""training_done"": ""2026-05-21"", ""training_hours"": 240, ""photo_verified"": ""PASS"", ""payment_status"": ""success""}",2026-08-11 20:31
보건,두두보건,H001,요양보호사,이삼석,010-5174-7006,M,1941-09-01,수원,2026-09-10,PM,32000,없음,32000,신용카드,접수완료,복지관,,,"{""source_receipt"": ""DH2026048810"", ""education"": ""전문대졸"", ""training_org"": ""제주시니어교육원"", ""training_cert_no"": ""TR20266310"", ""training_done"": ""2026-05-08"", ""training_hours"": 240, ""photo_verified"": ""PENDING"", ""payment_status"": ""success""}",2026-08-15 10:16
보건,두두보건,H002,위생사,윤선옥,010-1280-9221,F,1957-11-01,청주,2026-10-25,AM,30000,없음,30000,신용카드,접수완료,본인단독,,,"{""source_receipt"": ""DH2026463937"", ""education"": ""고등학교졸업"", ""training_org"": ""대구보건대학교 보건위생과"", ""training_cert_no"": ""TR20260615"", ""training_done"": ""2026-05-26"", ""training_hours"": 0, ""photo_verified"": ""PASS"", ""payment_status"": ""success""}",2026-08-05 12:55
보건,두두보건,H002,위생사,안정호,010-6922-8006,M,1947-01-28,청주,2026-09-04,PM,30000,없음,30000,신용카드,접수완료,본인단독,,,"{""source_receipt"": ""DH2026078666"", ""education"": ""고등학교졸업"", ""training_org"": ""경기보건대학교 보건학과"", ""training_cert_no"": ""TR20261016"", ""training_done"": ""2026-03-27"", ""training_hours"": 0, ""photo_verified"": ""PASS"", ""payment_status"": ""success""}",2026-08-02 20:13
보건,두두보건,H001,요양보호사,심광수,010-8733-6295,M,1941-07-18,서울,2026-09-08,AM,32000,없음,32000,가상계좌,접수완료,가족보조,,,"{""source_receipt"": ""DH2026878980"", ""education"": ""초등학교졸업"", ""training_org"": ""인천시니어교육센터"", ""training_cert_no"": ""TR20262245"", ""training_done"": ""2026-04-02"", ""training_hours"": 240, ""photo_verified"": ""PASS"", ""payment_status"": ""success""}",2026-08-01 11:38
보건,두두보건,H001,요양보호사,심영수,010-4222-1140,M,1943-03-26,서울,2026-09-16,PM,32000,없음,32000,가상계좌,접수완료,가족보조,,,"{""source_receipt"": ""DH2026132818"", ""education"": ""초등학교졸업"", ""training_org"": ""부산광역시요양보호사교육원"", ""training_cert_no"": ""TR20267062"", ""training_done"": ""2026-06-18"", ""training_hours"": 240, ""photo_verified"": ""PASS"", ""payment_status"": ""success""}",2026-08-13 21:20
보건,두두보건,H001,요양보호사,박성호,010-3110-5305,M,1958-03-01,대전,2026-10-07,AM,32000,없음,32000,가상계좌,접수완료,가족보조,,,"{""source_receipt"": ""DH2026326481"", ""education"": ""전문대졸"", ""training_org"": ""성남시립간호조무사교육원"", ""training_cert_no"": ""TR20267480"", ""training_done"": ""2026-06-16"", ""training_hours"": 240, ""photo_verified"": ""PENDING"", ""payment_status"": ""success""}",2026-08-03 22:10
보건,두두보건,H001,요양보호사,조일남,010-7334-9396,M,1945-03-03,부산,2026-11-26,PM,32000,없음,32000,가상계좌,결제대기,본인단독,,,"{""source_receipt"": ""DH2026894110"", ""education"": ""전문대졸"", ""training_org"": ""인천시니어교육센터"", ""training_cert_no"": ""TR20268171"", ""training_done"": ""2026-04-27"", ""training_hours"": 240, ""photo_verified"": ""PASS"", ""payment_status"": ""pending""}",2026-08-02 17:00
보건,두두보건,H001,요양보호사,장상길,010-5861-4721,M,1956-07-23,청주,2026-10-16,PM,32000,없음,32000,가상계좌,접수완료,복지관,,,"{""source_receipt"": ""DH2026052938"", ""education"": ""무학"", ""training_org"": ""경기도요양보호사교육원"", ""training_cert_no"": ""TR20267405"", ""training_done"": ""2026-06-09"", ""training_hours"": 240, ""photo_verified"": ""PASS"", ""payment_status"": ""success""}",2026-08-11 15:48
보건,두두보건,H001,요양보호사,김병수,010-8037-2573,M,1961-03-07,부산,2026-10-04,AM,32000,없음,32000,계좌이체,접수완료,복지관,,,"{""source_receipt"": ""DH2026971401"", ""education"": ""중학교졸업"", ""training_org"": ""춘천노인복지교육센터"", ""training_cert_no"": ""TR20267661"", ""training_done"": ""2026-07-24"", ""training_hours"": 240, ""photo_verified"": ""PASS"", ""payment_status"": ""success""}",2026-08-14 17:58
보건,두두보건,H001,요양보호사,유갑수,010-3785-6125,M,1957-06-01,제주,2026-09-01,PM,32000,없음,32000,계좌이체,접수완료,본인단독,,,"{""source_receipt"": ""DH2026173533"", ""education"": ""고등학교졸업"", ""training_org"": ""수원시니어아카데미"", ""training_cert_no"": ""TR20265707"", ""training_done"": ""2026-03-13"", ""training_hours"": 240, ""photo_verified"": ""PASS"", ""payment_status"": ""success""}",2026-08-02 18:51
보건,두두보건,H001,요양보호사,이말순,010-5162-4405,F,1942-07-08,부산,2026-10-16,PM,32000,기초생활수급자,32000,계좌이체,접수완료,복지관,,,"{""source_receipt"": ""DH2026610072"", ""education"": ""초등학교졸업"", ""training_org"": ""청주보건교육원"", ""training_cert_no"": ""TR20269778"", ""training_done"": ""2026-07-09"", ""training_hours"": 240, ""photo_verified"": ""PASS"", ""payment_status"": ""success""}",2026-08-08 19:50
보건,두두보건,H002,위생사,정영숙,010-7889-1346,F,1948-11-09,광주,2026-11-22,PM,30000,장애인,30000,가상계좌,접수완료,본인단독,,,"{""source_receipt"": ""DH2026175773"", ""education"": ""대학교졸"", ""training_org"": ""대전보건대학 환경위생학과"", ""training_cert_no"": ""TR20264902"", ""training_done"": ""2026-07-13"", ""training_hours"": 0, ""photo_verified"": ""PASS"", ""payment_status"": ""success""}",2026-08-10 12:26
보건,두두보건,H001,요양보호사,홍금순,010-2263-4591,F,1943-01-20,대전,2026-10-16,AM,32000,없음,32000,계좌이체,접수완료,가족보조,,,"{""source_receipt"": ""DH2026878441"", ""education"": ""고등학교졸업"", ""training_org"": ""성남시립간호조무사교육원"", ""training_cert_no"": ""TR20269078"", ""training_done"": ""2026-05-13"", ""training_hours"": 240, ""photo_verified"": ""PENDING"", ""payment_status"": ""success""}",2026-08-19 12:14
보건,두두보건,H001,요양보호사,허용기,010-9521-8484,M,1953-07-18,대구,2026-09-04,AM,32000,없음,32000,계좌이체,접수완료,복지관,,,"{""source_receipt"": ""DH2026279477"", ""education"": ""중학교졸업"", ""training_org"": ""대전실버교육원"", ""training_cert_no"": ""TR20267448"", ""training_done"": ""2026-06-06"", ""training_hours"": 240, ""photo_verified"": ""PENDING"", ""payment_status"": ""success""}",2026-08-09 18:26
보건,두두보건,H002,위생사,곽삼석,010-2219-5712,M,1939-09-07,대구,2026-10-07,AM,30000,없음,30000,신용카드,결제대기,가족보조,,,"{""source_receipt"": ""DH2026704385"", ""education"": ""초등학교졸업"", ""training_org"": ""서울보건대학교 환경위생과"", ""training_cert_no"": ""TR20260834"", ""training_done"": ""2026-06-04"", ""training_hours"": 0, ""photo_verified"": ""PASS"", ""payment_status"": ""pending""}",2026-08-05 18:28
보건,두두보건,H001,요양보호사,서태호,010-2942-4333,M,1929-07-09,청주,2026-09-09,AM,32000,장애인,32000,가상계좌,접수완료,본인단독,,,"{""source_receipt"": ""DH2026911530"", ""education"": ""대학원졸"", ""training_org"": ""고양시평생교육원"", ""training_cert_no"": ""TR20269831"", ""training_done"": ""2026-05-26"", ""training_hours"": 240, ""photo_verified"": ""PASS"", ""payment_status"": ""success""}",2026-08-16 09:16
보건,두두보건,H001,요양보호사,윤두만,010-5199-3002,M,1958-06-18,청주,2026-11-12,AM,32000,없음,32000,가상계좌,결제대기,본인단독,,,"{""source_receipt"": ""DH2026144691"", ""education"": ""중학교졸업"", ""training_org"": ""인천시니어교육센터"", ""training_cert_no"": ""TR20268297"", ""training_done"": ""2026-03-01"", ""training_hours"": 240, ""photo_verified"": ""PASS"", ""payment_status"": ""pending""}",2026-08-15 13:16
보건,두두보건,H001,요양보호사,손순자,010-1812-4222,F,1955-03-24,제주,2026-10-25,AM,32000,없음,32000,가상계좌,접수완료,본인단독,,,"{""source_receipt"": ""DH2026982616"", ""education"": ""고등학교졸업"", ""training_org"": ""춘천노인복지교육센터"", ""training_cert_no"": ""TR20265679"", ""training_done"": ""2026-05-15"", ""training_hours"": 240, ""photo_verified"": ""PASS"", ""payment_status"": ""success""}",2026-08-19 22:21
보건,두두보건,H001,요양보호사,민두만,010-6020-7480,M,1942-07-10,광주,2026-11-16,PM,32000,없음,32000,신용카드,접수완료,복지관,,,"{""source_receipt"": ""DH2026594266"", ""education"": ""중학교졸업"", ""training_org"": ""부산광역시요양보호사교육원"", ""training_cert_no"": ""TR20262957"", ""training_done"": ""2026-03-23"", ""training_hours"": 240, ""photo_verified"": ""PASS"", ""payment_status"": ""success""}",2026-08-11 22:46
보건,두두보건,H001,요양보호사,주선옥,010-9398-2741,F,1961-10-08,청주,2026-11-24,PM,32000,없음,32000,계좌이체,접수완료,본인단독,,,"{""source_receipt"": ""DH2026950004"", ""education"": ""대학원졸"", ""training_org"": ""순천시니어교육원"", ""training_cert_no"": ""TR20266787"", ""training_done"": ""2026-06-13"", ""training_hours"": 240, ""photo_verified"": ""PASS"", ""payment_status"": ""success""}",2026-08-07 20:04
보건,두두보건,H002,위생사,김순자,010-8999-8046,F,1945-03-01,서울,2026-09-05,PM,30000,없음,30000,가상계좌,접수완료,복지관,,,"{""source_receipt"": ""DH2026736845"", ""education"": ""고등학교졸업"", ""training_org"": ""대구보건대학교 보건위생과"", ""training_cert_no"": ""TR20264744"", ""training_done"": ""2026-06-20"", ""training_hours"": 0, ""photo_verified"": ""PASS"", ""payment_status"": ""success""}",2026-08-19 18:59
보건,두두보건,H002,위생사,차철수,010-2993-2909,M,1954-01-03,수원,2026-09-26,AM,30000,없음,30000,가상계좌,접수완료,가족보조,,,"{""source_receipt"": ""DH2026666406"", ""education"": ""중학교졸업"", ""training_org"": ""부산보건대학 위생학과"", ""training_cert_no"": ""TR20264715"", ""training_done"": ""2026-04-17"", ""training_hours"": 0, ""photo_verified"": ""PASS"", ""payment_status"": ""success""}",2026-08-05 09:21
보건,두두보건,H001,요양보호사,허광수,010-8129-4434,M,1928-08-26,서울,2026-11-23,AM,32000,없음,32000,신용카드,접수완료,본인단독,,,"{""source_receipt"": ""DH2026873165"", ""education"": ""고등학교졸업"", ""training_org"": ""대전실버교육원"", ""training_cert_no"": ""TR20266703"", ""training_done"": ""2026-05-23"", ""training_hours"": 240, ""photo_verified"": ""PASS"", ""payment_status"": ""success""}",2026-08-19 09:25
보건,두두보건,H001,요양보호사,조영수,010-2578-6262,M,1931-11-06,대전,2026-10-13,AM,32000,장애인,32000,신용카드,접수완료,복지관,,,"{""source_receipt"": ""DH2026897095"", ""education"": ""대학교졸"", ""training_org"": ""인천시니어교육센터"", ""training_cert_no"": ""TR20261308"", ""training_done"": ""2026-05-16"", ""training_hours"": 240, ""photo_verified"": ""PASS"", ""payment_status"": ""success""}",2026-08-02 12:24
보건,두두보건,H002,위생사,한영호,010-5183-1512,M,1942-08-13,서울,2026-10-09,PM,30000,없음,30000,신용카드,접수완료,가족보조,,,"{""source_receipt"": ""DH2026737353"", ""education"": ""고등학교졸업"", ""training_org"": ""제주보건대학 환경위생과"", ""training_cert_no"": ""TR20264643"", ""training_done"": ""2026-05-14"", ""training_hours"": 0, ""photo_verified"": ""PASS"", ""payment_status"": ""success""}",2026-08-15 12:14
보건,두두보건,H002,위생사,유재호,010-7641-1167,M,1947-05-13,대구,2026-10-03,PM,30000,없음,30000,가상계좌,접수완료,본인단독,,,"{""source_receipt"": ""DH2026229338"", ""education"": ""중학교졸업"", ""training_org"": ""전주보건대학교 위생과"", ""training_cert_no"": ""TR20269529"", ""training_done"": ""2026-06-26"", ""training_hours"": 0, ""photo_verified"": ""PASS"", ""payment_status"": ""success""}",2026-08-03 14:17
보건,두두보건,H001,요양보호사,문명자,010-1617-7738,F,1931-07-02,부산,2026-10-01,AM,32000,장애인,32000,신용카드,접수완료,가족보조,,,"{""source_receipt"": ""DH2026205595"", ""education"": ""고등학교졸업"", ""training_org"": ""대구평생교육원"", ""training_cert_no"": ""TR20265580"", ""training_done"": ""2026-03-20"", ""training_hours"": 240, ""photo_verified"": ""PASS"", ""payment_status"": ""success""}",2026-08-11 21:09
보건,두두보건,H002,위생사,이영수,010-6063-3568,M,1936-10-11,제주,2026-11-07,AM,30000,없음,30000,계좌이체,접수완료,가족보조,,,"{""source_receipt"": ""DH2026053125"", ""education"": ""전문대졸"", ""training_org"": ""제주보건대학 환경위생과"", ""training_cert_no"": ""TR20262366"", ""training_done"": ""2026-06-06"", ""training_hours"": 0, ""photo_verified"": ""PASS"", ""payment_status"": ""success""}",2026-08-05 09:12
보건,두두보건,H002,위생사,차용기,010-8562-6924,M,1933-03-09,대전,2026-09-23,PM,30000,없음,30000,가상계좌,접수완료,복지관,,,"{""source_receipt"": ""DH2026580789"", ""education"": ""대학원졸"", ""training_org"": ""경기보건대학교 보건학과"", ""training_cert_no"": ""TR20264304"", ""training_done"": ""2026-07-01"", ""training_hours"": 0, ""photo_verified"": ""PENDING"", ""payment_status"": ""success""}",2026-08-13 11:18
보건,두두보건,H001,요양보호사,신영자,010-9577-3197,F,1963-03-28,대전,2026-11-14,AM,32000,없음,32000,신용카드,접수완료,복지관,,,"{""source_receipt"": ""DH2026225522"", ""education"": ""대학원졸"", ""training_org"": ""포항시민교육원"", ""training_cert_no"": ""TR20268949"", ""training_done"": ""2026-05-09"", ""training_hours"": 240, ""photo_verified"": ""PASS"", ""payment_status"": ""success""}",2026-08-01 10:00
보건,두두보건,H001,요양보호사,최종수,010-3047-3916,M,1936-10-10,제주,2026-10-01,PM,32000,없음,32000,신용카드,접수완료,가족보조,,,"{""source_receipt"": ""DH2026293882"", ""education"": ""고등학교졸업"", ""training_org"": ""대구평생교육원"", ""training_cert_no"": ""TR20262445"", ""training_done"": ""2026-04-08"", ""training_hours"": 240, ""photo_verified"": ""FAIL"", ""payment_status"": ""success""}",2026-08-05 20:56
보건,두두보건,H001,요양보호사,김철수,010-5836-9298,M,1929-02-16,부산,2026-09-14,PM,32000,장애인,32000,계좌이체,접수완료,복지관,,,"{""source_receipt"": ""DH2026292864"", ""education"": ""초등학교졸업"", ""training_org"": ""경기도요양보호사교육원"", ""training_cert_no"": ""TR20261505"", ""training_done"": ""2026-04-05"", ""training_hours"": 240, ""photo_verified"": ""PASS"", ""payment_status"": ""success""}",2026-08-16 13:51
보건,두두보건,H001,요양보호사,우금순,010-1256-4862,F,1933-07-03,수원,2026-11-24,AM,32000,없음,32000,가상계좌,접수완료,본인단독,,,"{""source_receipt"": ""DH2026131971"", ""education"": ""고등학교졸업"", ""training_org"": ""고양시평생교육원"", ""training_cert_no"": ""TR20268395"", ""training_done"": ""2026-07-17"", ""training_hours"": 240, ""photo_verified"": ""FAIL"", ""payment_status"": ""success""}",2026-08-08 15:28
보건,두두보건,H002,위생사,고근호,010-7570-8240,M,1948-08-20,대전,2026-09-24,PM,30000,없음,30000,계좌이체,접수완료,복지관,,,"{""source_receipt"": ""DH2026931128"", ""education"": ""고등학교졸업"", ""training_org"": ""대전보건대학 환경위생학과"", ""training_cert_no"": ""TR20265690"", ""training_done"": ""2026-05-22"", ""training_hours"": 0, ""photo_verified"": ""PASS"", ""payment_status"": ""success""}",2026-08-09 09:07
보건,두두보건,H002,위생사,민갑수,010-5530-5625,M,1939-03-03,수원,2026-10-02,AM,30000,없음,30000,신용카드,접수완료,본인단독,,,"{""source_receipt"": ""DH2026949364"", ""education"": ""고등학교졸업"", ""training_org"": ""대구보건대학교 보건위생과"", ""training_cert_no"": ""TR20269889"", ""training_done"": ""2026-05-15"", ""training_hours"": 0, ""photo_verified"": ""PENDING"", ""payment_status"": ""success""}",2026-08-08 13:04
보건,두두보건,H001,요양보호사,곽필호,010-9726-8441,M,1961-11-09,서울,2026-09-14,AM,32000,없음,32000,계좌이체,접수완료,가족보조,,,"{""source_receipt"": ""DH2026498784"", ""education"": ""초등학교졸업"", ""training_org"": ""천안시니어교육센터"", ""training_cert_no"": ""TR20264090"", ""training_done"": ""2026-06-21"", ""training_hours"": 240, ""photo_verified"": ""PASS"", ""payment_status"": ""success""}",2026-08-13 22:28
보건,두두보건,H001,요양보호사,차필호,010-2487-5411,M,1949-11-09,대전,2026-11-06,AM,32000,장애인,32000,신용카드,접수완료,복지관,,,"{""source_receipt"": ""DH2026752745"", ""education"": ""중학교졸업"", ""training_org"": ""인천시니어교육센터"", ""training_cert_no"": ""TR20268584"", ""training_done"": ""2026-03-22"", ""training_hours"": 240, ""photo_verified"": ""PENDING"", ""payment_status"": ""success""}",2026-08-18 20:02
보건,두두보건,H001,요양보호사,서복순,010-6813-5523,F,1963-07-19,대구,2026-10-13,PM,32000,없음,32000,신용카드,취소,본인단독,,,"{""source_receipt"": ""DH2026665339"", ""education"": ""전문대졸"", ""training_org"": ""순천시니어교육원"", ""training_cert_no"": ""TR20260063"", ""training_done"": ""2026-06-03"", ""training_hours"": 240, ""photo_verified"": ""PENDING"", ""payment_status"": ""refunded""}",2026-08-13 17:36
보건,두두보건,H002,위생사,장기철,010-1992-7830,M,1935-07-09,광주,2026-10-27,AM,30000,없음,30000,가상계좌,접수완료,가족보조,,,"{""source_receipt"": ""DH2026208817"", ""education"": ""초등학교졸업"", ""training_org"": ""부산보건대학 위생학과"", ""training_cert_no"": ""TR20264727"", ""training_done"": ""2026-04-14"", ""training_hours"": 0, ""photo_verified"": ""PENDING"", ""payment_status"": ""success""}",2026-08-06 18:32
보건,두두보건,H001,요양보호사,하정자,010-4243-7851,F,1965-09-20,전주,2026-11-12,AM,32000,없음,32000,가상계좌,접수완료,가족보조,,,"{""source_receipt"": ""DH2026752856"", ""education"": ""대학교졸"", ""training_org"": ""전주평생학습관"", ""training_cert_no"": ""TR20268623"", ""training_done"": ""2026-05-14"", ""training_hours"": 240, ""photo_verified"": ""PENDING"", ""payment_status"": ""success""}",2026-08-17 22:01
보건,두두보건,H002,위생사,윤복남,010-9196-2622,M,1944-04-16,광주,2026-10-26,AM,30000,없음,30000,가상계좌,접수완료,가족보조,,,"{""source_receipt"": ""DH2026205930"", ""education"": ""고등학교졸업"", ""training_org"": ""대구보건대학교 보건위생과"", ""training_cert_no"": ""TR20269973"", ""training_done"": ""2026-07-22"", ""training_hours"": 0, ""photo_verified"": ""PASS"", ""payment_status"": ""success""}",2026-08-03 16:07
보건,두두보건,H001,요양보호사,차명자,010-4831-8240,F,1942-12-27,대전,2026-10-26,PM,32000,없음,32000,계좌이체,접수완료,가족보조,,,"{""source_receipt"": ""DH2026534456"", ""education"": ""고등학교졸업"", ""training_org"": ""포항시민교육원"", ""training_cert_no"": ""TR20266268"", ""training_done"": ""2026-06-03"", ""training_hours"": 240, ""photo_verified"": ""FAIL"", ""payment_status"": ""success""}",2026-08-08 14:45
보건,두두보건,H001,요양보호사,윤원호,010-5518-1897,M,1931-09-06,광주,2026-10-28,PM,32000,없음,32000,가상계좌,접수완료,본인단독,,,"{""source_receipt"": ""DH2026910550"", ""education"": ""고등학교졸업"", ""training_org"": ""경기도요양보호사교육원"", ""training_cert_no"": ""TR20262948"", ""training_done"": ""2026-03-20"", ""training_hours"": 240, ""photo_verified"": ""PASS"", ""payment_status"": ""success""}",2026-08-03 21:25
보건,두두보건,H002,위생사,문금순,010-9787-3891,F,1964-09-07,청주,2026-10-09,PM,30000,없음,30000,신용카드,접수완료,복지관,,,"{""source_receipt"": ""DH2026713734"", ""education"": ""대학교졸"", ""training_org"": ""전주보건대학교 위생과"", ""training_cert_no"": ""TR20261078"", ""training_done"": ""2026-03-20"", ""training_hours"": 0, ""photo_verified"": ""PASS"", ""payment_status"": ""success""}",2026-08-15 16:52
보건,두두보건,H001,요양보호사,이근호,010-5619-9590,M,1950-07-09,전주,2026-09-23,AM,32000,없음,32000,신용카드,접수완료,본인단독,,,"{""source_receipt"": ""DH2026632026"", ""education"": ""대학교졸"", ""training_org"": ""성남시립간호조무사교육원"", ""training_cert_no"": ""TR20268229"", ""training_done"": ""2026-03-24"", ""training_hours"": 240, ""photo_verified"": ""PASS"", ""payment_status"": ""success""}",2026-08-12 12:51
보건,두두보건,H001,요양보호사,구만수,010-2561-1324,M,1952-11-28,청주,2026-11-25,AM,32000,장애인,32000,가상계좌,접수완료,복지관,,,"{""source_receipt"": ""DH2026362681"", ""education"": ""대학교졸"", ""training_org"": ""창원노인복지관교육부"", ""training_cert_no"": ""TR20260445"", ""training_done"": ""2026-04-25"", ""training_hours"": 240, ""photo_verified"": ""PASS"", ""payment_status"": ""success""}",2026-08-07 20:22
보건,두두보건,H002,위생사,유명자,010-5811-2744,F,1936-09-03,제주,2026-09-11,PM,30000,없음,30000,가상계좌,취소,본인단독,,,"{""source_receipt"": ""DH2026703760"", ""education"": ""고등학교졸업"", ""training_org"": ""광주보건대학교 위생과"", ""training_cert_no"": ""TR20268997"", ""training_done"": ""2026-05-22"", ""training_hours"": 0, ""photo_verified"": ""PASS"", ""payment_status"": ""refunded""}",2026-08-05 15:02
보건,두두보건,H002,위생사,서태호,010-9007-4820,M,1963-12-10,제주,2026-11-23,PM,30000,없음,30000,신용카드,접수완료,가족보조,,,"{""source_receipt"": ""DH2026403094"", ""education"": ""전문대졸"", ""training_org"": ""경기보건대학교 보건학과"", ""training_cert_no"": ""TR20268860"", ""training_done"": ""2026-05-03"", ""training_hours"": 0, ""photo_verified"": ""PASS"", ""payment_status"": ""success""}",2026-08-11 22:04
보건,두두보건,H001,요양보호사,우옥분,010-4328-4673,F,1949-01-12,청주,2026-11-27,PM,32000,없음,32000,신용카드,접수완료,가족보조,,,"{""source_receipt"": ""DH2026479342"", ""education"": ""초등학교졸업"", ""training_org"": ""포항시민교육원"", ""training_cert_no"": ""TR20267317"", ""training_done"": ""2026-03-25"", ""training_hours"": 240, ""photo_verified"": ""PASS"", ""payment_status"": ""success""}",2026-08-14 18:42
보건,두두보건,H001,요양보호사,주영호,010-6462-8849,M,1940-08-23,전주,2026-11-09,PM,32000,없음,32000,신용카드,접수완료,가족보조,,,"{""source_receipt"": ""DH2026513403"", ""education"": ""고등학교졸업"", ""training_org"": ""춘천노인복지교육센터"", ""training_cert_no"": ""TR20263946"", ""training_done"": ""2026-07-26"", ""training_hours"": 240, ""photo_verified"": ""PASS"", ""payment_status"": ""success""}",2026-08-05 22:10
보건,두두보건,H001,요양보호사,남명자,010-3653-4726,F,1958-10-16,전주,2026-10-03,PM,32000,없음,32000,가상계좌,접수완료,복지관,,,"{""source_receipt"": ""DH2026805737"", ""education"": ""전문대졸"", ""training_org"": ""순천시니어교육원"", ""training_cert_no"": ""TR20267971"", ""training_done"": ""2026-05-20"", ""training_hours"": 240, ""photo_verified"": ""PASS"", ""payment_status"": ""success""}",2026-08-07 16:29
보건,두두보건,H001,요양보호사,오동석,010-2268-5243,M,1950-07-21,수원,2026-09-04,PM,32000,없음,32000,계좌이체,접수완료,가족보조,,,"{""source_receipt"": ""DH2026562984"", ""education"": ""대학교졸"", ""training_org"": ""인천시니어교육센터"", ""training_cert_no"": ""TR20267108"", ""training_done"": ""2026-07-16"", ""training_hours"": 240, ""photo_verified"": ""PASS"", ""payment_status"": ""success""}",2026-08-04 18:57
보건,두두보건,H002,위생사,손갑수,010-5185-8639,M,1951-02-10,대전,2026-10-24,PM,30000,없음,30000,신용카드,접수완료,가족보조,,,"{""source_receipt"": ""DH2026178324"", ""education"": ""고등학교졸업"", ""training_org"": ""경기보건대학교 보건학과"", ""training_cert_no"": ""TR20267806"", ""training_done"": ""2026-04-24"", ""training_hours"": 0, ""photo_verified"": ""PENDING"", ""payment_status"": ""success""}",2026-08-15 16:44
보건,두두보건,H001,요양보호사,유말자,010-2545-5750,F,1935-02-24,서울,2026-10-22,PM,32000,기초생활수급자,32000,계좌이체,접수완료,복지관,,,"{""source_receipt"": ""DH2026051336"", ""education"": ""전문대졸"", ""training_org"": ""청주보건교육원"", ""training_cert_no"": ""TR20266862"", ""training_done"": ""2026-06-06"", ""training_hours"": 240, ""photo_verified"": ""PASS"", ""payment_status"": ""success""}",2026-08-09 15:03
보건,두두보건,H001,요양보호사,황복남,010-2249-5047,M,1966-01-06,전주,2026-10-08,PM,32000,없음,32000,가상계좌,접수완료,복지관,,,"{""source_receipt"": ""DH2026793783"", ""education"": ""전문대졸"", ""training_org"": ""부산광역시요양보호사교육원"", ""training_cert_no"": ""TR20265811"", ""training_done"": ""2026-06-14"", ""training_hours"": 240, ""photo_verified"": ""PASS"", ""payment_status"": ""success""}",2026-08-02 16:42
보건,두두보건,H002,위생사,이종수,010-1934-4452,M,1939-08-10,서울,2026-09-02,AM,30000,없음,30000,신용카드,접수완료,가족보조,,,"{""source_receipt"": ""DH2026619368"", ""education"": ""대학교졸"", ""training_org"": ""광주보건대학교 위생과"", ""training_cert_no"": ""TR20261874"", ""training_done"": ""2026-06-05"", ""training_hours"": 0, ""photo_verified"": ""PASS"", ""payment_status"": ""success""}",2026-08-18 15:04
보건,두두보건,H001,요양보호사,한동석,010-8021-4638,M,1946-05-02,전주,2026-10-16,PM,32000,없음,32000,신용카드,접수완료,복지관,,,"{""source_receipt"": ""DH2026608767"", ""education"": ""대학교졸"", ""training_org"": ""청주보건교육원"", ""training_cert_no"": ""TR20263935"", ""training_done"": ""2026-05-22"", ""training_hours"": 240, ""photo_verified"": ""PASS"", ""payment_status"": ""success""}",2026-08-15 18:40
보건,두두보건,H002,위생사,조경자,010-5622-7124,F,1928-05-14,제주,2026-10-07,PM,30000,없음,30000,가상계좌,접수완료,가족보조,,,"{""source_receipt"": ""DH2026100517"", ""education"": ""중학교졸업"", ""training_org"": ""인천보건대 환경보건과"", ""training_cert_no"": ""TR20267668"", ""training_done"": ""2026-07-14"", ""training_hours"": 0, ""photo_verified"": ""PASS"", ""payment_status"": ""success""}",2026-08-16 17:01
보건,두두보건,H002,위생사,황성호,010-7820-2401,M,1946-11-14,수원,2026-11-25,PM,30000,없음,30000,계좌이체,접수완료,본인단독,,,"{""source_receipt"": ""DH2026268931"", ""education"": ""대학교졸"", ""training_org"": ""수원보건대학 환경보건과"", ""training_cert_no"": ""TR20264610"", ""training_done"": ""2026-06-04"", ""training_hours"": 0, ""photo_verified"": ""PASS"", ""payment_status"": ""success""}",2026-08-02 15:29
보건,두두보건,H001,요양보호사,류성호,010-7292-4668,M,1953-06-04,대전,2026-09-24,PM,32000,없음,32000,가상계좌,접수완료,복지관,,,"{""source_receipt"": ""DH2026766694"", ""education"": ""전문대졸"", ""training_org"": ""서울시립요양보호사교육원"", ""training_cert_no"": ""TR20260568"", ""training_done"": ""2026-06-28"", ""training_hours"": 240, ""photo_verified"": ""PENDING"", ""payment_status"": ""success""}",2026-08-06 18:26
보건,두두보건,H001,요양보호사,정만수,010-2855-4239,M,1937-06-28,제주,2026-10-21,AM,32000,기초생활수급자,32000,가상계좌,접수완료,가족보조,,,"{""source_receipt"": ""DH2026023763"", ""education"": ""전문대졸"", ""training_org"": ""성남시립간호조무사교육원"", ""training_cert_no"": ""TR20268686"", ""training_done"": ""2026-04-12"", ""training_hours"": 240, ""photo_verified"": ""PASS"", ""payment_status"": ""success""}",2026-08-15 16:44
보건,두두보건,H001,요양보호사,안말자,010-2071-3454,F,1934-12-14,부산,2026-09-05,PM,32000,없음,32000,신용카드,접수완료,본인단독,,,"{""source_receipt"": ""DH2026115107"", ""education"": ""초등학교졸업"", ""training_org"": ""경기도요양보호사교육원"", ""training_cert_no"": ""TR20267748"", ""training_done"": ""2026-06-15"", ""training_hours"": 240, ""photo_verified"": ""PASS"", ""payment_status"": ""success""}",2026-08-06 13:55
보건,두두보건,H001,요양보호사,박인순,010-6787-5455,F,1930-09-02,수원,2026-10-02,PM,32000,없음,32000,가상계좌,접수완료,가족보조,,,"{""source_receipt"": ""DH2026932579"", ""education"": ""고등학교졸업"", ""training_org"": ""순천시니어교육원"", ""training_cert_no"": ""TR20267567"", ""training_done"": ""2026-05-27"", ""training_hours"": 240, ""photo_verified"": ""PASS"", ""payment_status"": ""success""}",2026-08-12 16:47
보건,두두보건,H002,위생사,허귀순,010-4657-4250,F,1931-04-28,제주,2026-10-02,AM,30000,없음,30000,계좌이체,취소,가족보조,,,"{""source_receipt"": ""DH2026995443"", ""education"": ""전문대졸"", ""training_org"": ""전주보건대학교 위생과"", ""training_cert_no"": ""TR20264736"", ""training_done"": ""2026-05-19"", ""training_hours"": 0, ""photo_verified"": ""PASS"", ""payment_status"": ""refunded""}",2026-08-18 11:50
보건,두두보건,H002,위생사,전광수,010-5971-3811,M,1954-07-22,수원,2026-11-01,PM,30000,없음,30000,계좌이체,접수완료,복지관,,,"{""source_receipt"": ""DH2026582088"", ""education"": ""전문대졸"", ""training_org"": ""서울보건대학교 환경위생과"", ""training_cert_no"": ""TR20267462"", ""training_done"": ""2026-06-11"", ""training_hours"": 0, ""photo_verified"": ""PASS"", ""payment_status"": ""success""}",2026-08-10 19:44
보건,두두보건,H001,요양보호사,황광수,010-2759-4987,M,1958-06-26,청주,2026-09-26,AM,32000,없음,32000,계좌이체,접수완료,복지관,,,"{""source_receipt"": ""DH2026468459"", ""education"": ""고등학교졸업"", ""training_org"": ""고양시평생교육원"", ""training_cert_no"": ""TR20261489"", ""training_done"": ""2026-03-18"", ""training_hours"": 240, ""photo_verified"": ""PASS"", ""payment_status"": ""success""}",2026-08-02 12:52
보건,두두보건,H002,위생사,강종수,010-4342-2814,M,1928-07-10,서울,2026-11-23,PM,30000,기초생활수급자,30000,신용카드,접수완료,본인단독,,,"{""source_receipt"": ""DH2026411867"", ""education"": ""고등학교졸업"", ""training_org"": ""대구보건대학교 보건위생과"", ""training_cert_no"": ""TR20262329"", ""training_done"": ""2026-07-28"", ""training_hours"": 0, ""photo_verified"": ""PASS"", ""payment_status"": ""success""}",2026-08-12 17:43
보건,두두보건,H002,위생사,양필호,010-8740-7159,M,1954-10-20,광주,2026-09-03,AM,30000,없음,30000,가상계좌,접수완료,본인단독,,,"{""source_receipt"": ""DH2026188823"", ""education"": ""대학교졸"", ""training_org"": ""전주보건대학교 위생과"", ""training_cert_no"": ""TR20267750"", ""training_done"": ""2026-06-08"", ""training_hours"": 0, ""photo_verified"": ""PASS"", ""payment_status"": ""success""}",2026-08-13 18:27
보건,두두보건,H001,요양보호사,백만수,010-7571-9180,M,1937-08-14,청주,2026-11-07,AM,32000,없음,32000,신용카드,접수완료,본인단독,,,"{""source_receipt"": ""DH2026384789"", ""education"": ""초등학교졸업"", ""training_org"": ""포항시민교육원"", ""training_cert_no"": ""TR20263495"", ""training_done"": ""2026-03-05"", ""training_hours"": 240, ""photo_verified"": ""PASS"", ""payment_status"": ""success""}",2026-08-19 10:47
보건,두두보건,H001,요양보호사,차재호,010-4113-2143,M,1947-05-19,수원,2026-10-05,AM,32000,없음,32000,계좌이체,접수완료,복지관,,,"{""source_receipt"": ""DH2026219146"", ""education"": ""대학원졸"", ""training_org"": ""인천시니어교육센터"", ""training_cert_no"": ""TR20264218"", ""training_done"": ""2026-07-02"", ""training_hours"": 240, ""photo_verified"": ""PASS"", ""payment_status"": ""success""}",2026-08-18 15:50
보건,두두보건,H002,위생사,손정호,010-6570-4027,M,1950-11-01,청주,2026-11-28,AM,30000,기초생활수급자,30000,가상계좌,접수완료,복지관,,,"{""source_receipt"": ""DH2026741054"", ""education"": ""전문대졸"", ""training_org"": ""전주보건대학교 위생과"", ""training_cert_no"": ""TR20262272"", ""training_done"": ""2026-03-05"", ""training_hours"": 0, ""photo_verified"": ""PASS"", ""payment_status"": ""success""}",2026-08-01 15:30
보건,두두보건,H001,요양보호사,오계순,010-2462-2945,F,1944-02-08,제주,2026-10-28,PM,32000,없음,32000,가상계좌,접수완료,복지관,,,"{""source_receipt"": ""DH2026090622"", ""education"": ""고등학교졸업"", ""training_org"": ""순천시니어교육원"", ""training_cert_no"": ""TR20261326"", ""training_done"": ""2026-04-10"", ""training_hours"": 240, ""photo_verified"": ""PASS"", ""payment_status"": ""success""}",2026-08-13 10:09
보건,두두보건,H001,요양보호사,고순자,010-3202-2764,F,1943-10-08,부산,2026-10-20,AM,32000,없음,32000,신용카드,접수완료,가족보조,,,"{""source_receipt"": ""DH2026387725"", ""education"": ""초등학교졸업"", ""training_org"": ""청주보건교육원"", ""training_cert_no"": ""TR20266686"", ""training_done"": ""2026-06-13"", ""training_hours"": 240, ""photo_verified"": ""PASS"", ""payment_status"": ""success""}",2026-08-14 21:32
보건,두두보건,H001,요양보호사,우삼석,010-7951-6629,M,1943-07-11,광주,2026-09-22,PM,32000,장애인,32000,가상계좌,접수완료,복지관,,,"{""source_receipt"": ""DH2026945086"", ""education"": ""중학교졸업"", ""training_org"": ""대구평생교육원"", ""training_cert_no"": ""TR20261390"", ""training_done"": ""2026-04-01"", ""training_hours"": 240, ""photo_verified"": ""PENDING"", ""payment_status"": ""success""}",2026-08-08 09:35
보건,두두보건,H001,요양보호사,송영숙,010-8417-1577,F,1962-10-20,대구,2026-11-13,AM,32000,없음,32000,계좌이체,접수완료,복지관,,,"{""source_receipt"": ""DH2026280744"", ""education"": ""전문대졸"", ""training_org"": ""고양시평생교육원"", ""training_cert_no"": ""TR20265655"", ""training_done"": ""2026-07-10"", ""training_hours"": 240, ""photo_verified"": ""PASS"", ""payment_status"": ""success""}",2026-08-15 20:50
보건,두두보건,H001,요양보호사,안말자,010-9488-2487,F,1928-11-22,전주,2026-10-20,PM,32000,없음,32000,신용카드,접수완료,가족보조,,,"{""source_receipt"": ""DH2026314158"", ""education"": ""대학교졸"", ""training_org"": ""부산광역시요양보호사교육원"", ""training_cert_no"": ""TR20267714"", ""training_done"": ""2026-05-26"", ""training_hours"": 240, ""photo_verified"": ""PASS"", ""payment_status"": ""success""}",2026-08-17 15:51
보건,두두보건,H001,요양보호사,류정순,010-9028-1947,F,1945-01-03,청주,2026-10-14,AM,32000,기초생활수급자,32000,가상계좌,접수완료,복지관,,,"{""source_receipt"": ""DH2026544175"", ""education"": ""초등학교졸업"", ""training_org"": ""대구평생교육원"", ""training_cert_no"": ""TR20264336"", ""training_done"": ""2026-06-15"", ""training_hours"": 240, ""photo_verified"": ""PASS"", ""payment_status"": ""success""}",2026-08-17 21:29
보건,두두보건,H001,요양보호사,류금순,010-7582-8145,F,1929-04-03,수원,2026-10-04,AM,32000,없음,32000,가상계좌,접수완료,본인단독,,,"{""source_receipt"": ""DH2026043195"", ""education"": ""고등학교졸업"", ""training_org"": ""전주평생학습관"", ""training_cert_no"": ""TR20261627"", ""training_done"": ""2026-04-24"", ""training_hours"": 240, ""photo_verified"": ""PASS"", ""payment_status"": ""success""}",2026-08-16 21:29
보건,두두보건,H001,요양보호사,송성호,010-7912-2385,M,1942-09-04,수원,2026-09-07,PM,32000,없음,32000,신용카드,취소,본인단독,,,"{""source_receipt"": ""DH2026815744"", ""education"": ""고등학교졸업"", ""training_org"": ""전주평생학습관"", ""training_cert_no"": ""TR20263576"", ""training_done"": ""2026-03-03"", ""training_hours"": 240, ""photo_verified"": ""PASS"", ""payment_status"": ""refunded""}",2026-08-08 11:34
보건,두두보건,H001,요양보호사,배갑순,010-1431-7887,F,1932-12-10,제주,2026-09-07,AM,32000,장애인,32000,가상계좌,접수완료,가족보조,,,"{""source_receipt"": ""DH2026603494"", ""education"": ""전문대졸"", ""training_org"": ""제주시니어교육원"", ""training_cert_no"": ""TR20263346"", ""training_done"": ""2026-04-04"", ""training_hours"": 240, ""photo_verified"": ""PASS"", ""payment_status"": ""success""}",2026-08-03 18:41
보건,두두보건,H001,요양보호사,성옥희,010-1272-3247,F,1957-09-09,서울,2026-11-10,AM,32000,없음,32000,신용카드,접수완료,가족보조,,,"{""source_receipt"": ""DH2026668426"", ""education"": ""대학교졸"", ""training_org"": ""순천시니어교육원"", ""training_cert_no"": ""TR20266276"", ""training_done"": ""2026-07-08"", ""training_hours"": 240, ""photo_verified"": ""PASS"", ""payment_status"": ""success""}",2026-08-06 20:51
보건,두두보건,H002,위생사,한복순,010-7014-4280,F,1929-08-21,대전,2026-09-20,PM,30000,없음,30000,신용카드,접수완료,가족보조,,,"{""source_receipt"": ""DH2026384465"", ""education"": ""대학교졸"", ""training_org"": ""서울보건대학교 환경위생과"", ""training_cert_no"": ""TR20268508"", ""training_done"": ""2026-05-27"", ""training_hours"": 0, ""photo_verified"": ""PASS"", ""payment_status"": ""success""}",2026-08-12 14:59
보건,두두보건,H001,요양보호사,권정순,010-5917-4244,F,1965-01-05,제주,2026-11-14,AM,32000,기초생활수급자,32000,계좌이체,접수완료,본인단독,,,"{""source_receipt"": ""DH2026275867"", ""education"": ""대학원졸"", ""training_org"": ""대구평생교육원"", ""training_cert_no"": ""TR20269655"", ""training_done"": ""2026-03-20"", ""training_hours"": 240, ""photo_verified"": ""PASS"", ""payment_status"": ""success""}",2026-08-15 12:29
보건,두두보건,H001,요양보호사,박운순,010-1216-1753,F,1956-05-26,대전,2026-11-06,PM,32000,없음,32000,가상계좌,접수완료,본인단독,,,"{""source_receipt"": ""DH2026114068"", ""education"": ""무학"", ""training_org"": ""서울시립요양보호사교육원"", ""training_cert_no"": ""TR20269489"", ""training_done"": ""2026-07-10"", ""training_hours"": 240, ""photo_verified"": ""PASS"", ""payment_status"": ""success""}",2026-08-15 20:40
보건,두두보건,H002,위생사,한갑순,010-8516-7003,F,1931-02-04,제주,2026-09-23,AM,30000,없음,30000,가상계좌,접수완료,가족보조,,,"{""source_receipt"": ""DH2026658908"", ""education"": ""대학교졸"", ""training_org"": ""서울보건대학교 환경위생과"", ""training_cert_no"": ""TR20267277"", ""training_done"": ""2026-05-14"", ""training_hours"": 0, ""photo_verified"": ""PASS"", ""payment_status"": ""success""}",2026-08-01 14:06
보건,두두보건,H002,위생사,정영자,010-4366-2597,F,1963-08-25,청주,2026-09-06,PM,30000,장애인,30000,신용카드,접수완료,복지관,,,"{""source_receipt"": ""DH2026749569"", ""education"": ""고등학교졸업"", ""training_org"": ""부산보건대학 위생학과"", ""training_cert_no"": ""TR20260985"", ""training_done"": ""2026-06-01"", ""training_hours"": 0, ""photo_verified"": ""PASS"", ""payment_status"": ""success""}",2026-08-16 16:42
보건,두두보건,H001,요양보호사,문필호,010-1953-2003,M,1934-08-16,제주,2026-10-19,AM,32000,없음,32000,신용카드,접수완료,본인단독,,,"{""source_receipt"": ""DH2026855216"", ""education"": ""고등학교졸업"", ""training_org"": ""청주보건교육원"", ""training_cert_no"": ""TR20260629"", ""training_done"": ""2026-06-16"", ""training_hours"": 240, ""photo_verified"": ""PASS"", ""payment_status"": ""success""}",2026-08-17 16:44
보건,두두보건,H001,요양보호사,양인순,010-3213-5305,F,1930-02-20,부산,2026-09-12,PM,32000,없음,32000,계좌이체,접수완료,본인단독,,,"{""source_receipt"": ""DH2026097064"", ""education"": ""대학교졸"", ""training_org"": ""포항시민교육원"", ""training_cert_no"": ""TR20267784"", ""training_done"": ""2026-06-21"", ""training_hours"": 240, ""photo_verified"": ""PASS"", ""payment_status"": ""success""}",2026-08-15 14:10
보건,두두보건,H002,위생사,구동석,010-1196-9433,M,1947-01-04,대구,2026-10-22,PM,30000,없음,30000,계좌이체,접수완료,가족보조,,,"{""source_receipt"": ""DH2026209606"", ""education"": ""전문대졸"", ""training_org"": ""부산보건대학 위생학과"", ""training_cert_no"": ""TR20260794"", ""training_done"": ""2026-03-14"", ""training_hours"": 0, ""photo_verified"": ""PASS"", ""payment_status"": ""success""}",2026-08-01 15:34
보건,두두보건,H001,요양보호사,류인순,010-9798-2520,F,1941-11-12,제주,2026-10-17,AM,32000,없음,32000,계좌이체,접수완료,본인단독,,,"{""source_receipt"": ""DH2026437241"", ""education"": ""고등학교졸업"", ""training_org"": ""전주평생학습관"", ""training_cert_no"": ""TR20260374"", ""training_done"": ""2026-07-17"", ""training_hours"": 240, ""photo_verified"": ""FAIL"", ""payment_status"": ""success""}",2026-08-06 13:57
보건,두두보건,H001,요양보호사,한계순,010-6158-5732,F,1940-03-20,제주,2026-10-13,PM,32000,없음,32000,신용카드,접수완료,복지관,,,"{""source_receipt"": ""DH2026508440"", ""education"": ""대학교졸"", ""training_org"": ""광주복지교육원"", ""training_cert_no"": ""TR20264278"", ""training_done"": ""2026-07-15"", ""training_hours"": 240, ""photo_verified"": ""PASS"", ""payment_status"": ""success""}",2026-08-19 14:21
보건,두두보건,H001,요양보호사,고경자,010-8972-9527,F,1941-08-17,대구,2026-09-24,AM,32000,장애인,32000,신용카드,접수완료,복지관,,,"{""source_receipt"": ""DH2026888140"", ""education"": ""무학"", ""training_org"": ""대구평생교육원"", ""training_cert_no"": ""TR20265138"", ""training_done"": ""2026-06-20"", ""training_hours"": 240, ""photo_verified"": ""PASS"", ""payment_status"": ""success""}",2026-08-03 09:00
보건,두두보건,H001,요양보호사,성옥희,010-5757-7143,F,1959-12-08,전주,2026-09-20,AM,32000,장애인,32000,가상계좌,접수완료,복지관,,,"{""source_receipt"": ""DH2026448435"", ""education"": ""고등학교졸업"", ""training_org"": ""전주평생학습관"", ""training_cert_no"": ""TR20267141"", ""training_done"": ""2026-03-23"", ""training_hours"": 240, ""photo_verified"": ""PASS"", ""payment_status"": ""success""}",2026-08-16 21:52
보건,두두보건,H001,요양보호사,임정호,010-9636-5954,M,1944-02-09,대구,2026-11-14,PM,32000,없음,32000,신용카드,접수완료,본인단독,,,"{""source_receipt"": ""DH2026457494"", ""education"": ""전문대졸"", ""training_org"": ""수원시니어아카데미"", ""training_cert_no"": ""TR20264723"", ""training_done"": ""2026-06-11"", ""training_hours"": 240, ""photo_verified"": ""PASS"", ""payment_status"": ""success""}",2026-08-15 13:21
보건,두두보건,H001,요양보호사,장명자,010-9052-8512,F,1956-09-05,부산,2026-11-25,AM,32000,없음,32000,계좌이체,접수완료,복지관,,,"{""source_receipt"": ""DH2026005189"", ""education"": ""초등학교졸업"", ""training_org"": ""순천시니어교육원"", ""training_cert_no"": ""TR20264972"", ""training_done"": ""2026-05-17"", ""training_hours"": 240, ""photo_verified"": ""PASS"", ""payment_status"": ""success""}",2026-08-18 13:18
보건,두두보건,H002,위생사,서옥분,010-8625-2363,F,1945-12-20,광주,2026-10-21,AM,30000,없음,30000,가상계좌,접수완료,본인단독,,,"{""source_receipt"": ""DH2026207939"", ""education"": ""고등학교졸업"", ""training_org"": ""제주보건대학 환경위생과"", ""training_cert_no"": ""TR20267718"", ""training_done"": ""2026-06-02"", ""training_hours"": 0, ""photo_verified"": ""PASS"", ""payment_status"": ""success""}",2026-08-09 21:59
보건,두두보건,H001,요양보호사,유순옥,010-9998-3326,F,1938-12-28,대구,2026-11-10,PM,32000,없음,32000,가상계좌,접수완료,복지관,,,"{""source_receipt"": ""DH2026527231"", ""education"": ""고등학교졸업"", ""training_org"": ""전주평생학습관"", ""training_cert_no"": ""TR20269686"", ""training_done"": ""2026-04-15"", ""training_hours"": 240, ""photo_verified"": ""PASS"", ""payment_status"": ""success""}",2026-08-18 13:55
보건,두두보건,H001,요양보호사,우철수,010-3951-9301,M,1943-12-10,대구,2026-10-03,AM,32000,없음,32000,계좌이체,접수완료,복지관,,,"{""source_receipt"": ""DH2026883302"", ""education"": ""대학원졸"", ""training_org"": ""대구평생교육원"", ""training_cert_no"": ""TR20260318"", ""training_done"": ""2026-03-28"", ""training_hours"": 240, ""photo_verified"": ""PASS"", ""payment_status"": ""success""}",2026-08-14 14:19
보건,두두보건,H002,위생사,주상길,010-8083-5249,M,1958-09-08,수원,2026-11-23,PM,30000,없음,30000,가상계좌,접수완료,복지관,,,"{""source_receipt"": ""DH2026842216"", ""education"": ""대학교졸"", ""training_org"": ""전주보건대학교 위생과"", ""training_cert_no"": ""TR20262460"", ""training_done"": ""2026-07-11"", ""training_hours"": 0, ""photo_verified"": ""PASS"", ""payment_status"": ""success""}",2026-08-07 22:18
보건,두두보건,H001,요양보호사,민계순,010-9198-5130,F,1949-11-10,광주,2026-11-12,AM,32000,없음,32000,가상계좌,접수완료,본인단독,,,"{""source_receipt"": ""DH2026340758"", ""education"": ""고등학교졸업"", ""training_org"": ""서울시립요양보호사교육원"", ""training_cert_no"": ""TR20264584"", ""training_done"": ""2026-05-17"", ""training_hours"": 240, ""photo_verified"": ""PASS"", ""payment_status"": ""success""}",2026-08-13 11:16
보건,두두보건,H001,요양보호사,오종수,010-7095-7926,M,1928-03-06,청주,2026-10-25,PM,32000,없음,32000,계좌이체,접수완료,본인단독,,,"{""source_receipt"": ""DH2026180272"", ""education"": ""고등학교졸업"", ""training_org"": ""천안시니어교육센터"", ""training_cert_no"": ""TR20269194"", ""training_done"": ""2026-06-06"", ""training_hours"": 240, ""photo_verified"": ""PASS"", ""payment_status"": ""success""}",2026-08-05 09:37
보건,두두보건,H002,위생사,양복순,010-4477-7241,F,1946-12-15,대전,2026-11-25,AM,30000,없음,30000,가상계좌,접수완료,가족보조,,,"{""source_receipt"": ""DH2026802267"", ""education"": ""전문대졸"", ""training_org"": ""대구보건대학교 보건위생과"", ""training_cert_no"": ""TR20262286"", ""training_done"": ""2026-04-14"", ""training_hours"": 0, ""photo_verified"": ""PASS"", ""payment_status"": ""success""}",2026-08-07 14:57
보건,두두보건,H002,위생사,정운순,010-6019-8395,F,1955-10-24,대구,2026-10-19,PM,30000,기초생활수급자,30000,가상계좌,접수완료,가족보조,,,"{""source_receipt"": ""DH2026201126"", ""education"": ""대학교졸"", ""training_org"": ""인천보건대 환경보건과"", ""training_cert_no"": ""TR20263298"", ""training_done"": ""2026-03-15"", ""training_hours"": 0, ""photo_verified"": ""PASS"", ""payment_status"": ""success""}",2026-08-14 11:26
보건,두두보건,H001,요양보호사,권동석,010-5451-9712,M,1952-09-08,대구,2026-11-18,PM,32000,장애인,32000,신용카드,접수완료,가족보조,,,"{""source_receipt"": ""DH2026646701"", ""education"": ""고등학교졸업"", ""training_org"": ""청주보건교육원"", ""training_cert_no"": ""TR20266130"", ""training_done"": ""2026-04-23"", ""training_hours"": 240, ""photo_verified"": ""PASS"", ""payment_status"": ""success""}",2026-08-06 16:51
보건,두두보건,H001,요양보호사,허옥분,010-9812-1717,F,1936-07-11,광주,2026-10-05,PM,32000,장애인,32000,신용카드,접수완료,복지관,,,"{""source_receipt"": ""DH2026138437"", ""education"": ""고등학교졸업"", ""training_org"": ""광주복지교육원"", ""training_cert_no"": ""TR20268571"", ""training_done"": ""2026-05-07"", ""training_hours"": 240, ""photo_verified"": ""PASS"", ""payment_status"": ""success""}",2026-08-18 21:40
보건,두두보건,H002,위생사,심근호,010-7103-7151,M,1961-12-26,제주,2026-10-02,PM,30000,없음,30000,가상계좌,접수완료,복지관,,,"{""source_receipt"": ""DH2026167820"", ""education"": ""대학원졸"", ""training_org"": ""대구보건대학교 보건위생과"", ""training_cert_no"": ""TR20265806"", ""training_done"": ""2026-05-26"", ""training_hours"": 0, ""photo_verified"": ""PASS"", ""payment_status"": ""success""}",2026-08-01 22:14
보건,두두보건,H001,요양보호사,강춘희,010-6821-8556,F,1956-05-20,전주,2026-11-12,AM,32000,없음,32000,가상계좌,접수완료,본인단독,,,"{""source_receipt"": ""DH2026676004"", ""education"": ""고등학교졸업"", ""training_org"": ""대전실버교육원"", ""training_cert_no"": ""TR20261046"", ""training_done"": ""2026-05-26"", ""training_hours"": 240, ""photo_verified"": ""PASS"", ""payment_status"": ""success""}",2026-08-06 11:22
보건,두두보건,H001,요양보호사,민영수,010-3987-9137,M,1928-12-27,대구,2026-10-02,PM,32000,없음,32000,신용카드,취소,가족보조,,,"{""source_receipt"": ""DH2026394131"", ""education"": ""고등학교졸업"", ""training_org"": ""순천시니어교육원"", ""training_cert_no"": ""TR20265374"", ""training_done"": ""2026-04-17"", ""training_hours"": 240, ""photo_verified"": ""FAIL"", ""payment_status"": ""refunded""}",2026-08-07 21:21
보건,두두보건,H001,요양보호사,하상길,010-2196-2180,M,1942-12-28,수원,2026-11-09,PM,32000,없음,32000,계좌이체,접수완료,본인단독,,,"{""source_receipt"": ""DH2026123049"", ""education"": ""고등학교졸업"", ""training_org"": ""대전실버교육원"", ""training_cert_no"": ""TR20261629"", ""training_done"": ""2026-06-25"", ""training_hours"": 240, ""photo_verified"": ""PASS"", ""payment_status"": ""success""}",2026-08-12 19:57
보건,두두보건,H002,위생사,황인순,010-4463-4248,F,1963-03-09,제주,2026-10-01,PM,30000,장애인,30000,신용카드,접수완료,본인단독,,,"{""source_receipt"": ""DH2026667934"", ""education"": ""대학교졸"", ""training_org"": ""전주보건대학교 위생과"", ""training_cert_no"": ""TR20268317"", ""training_done"": ""2026-05-24"", ""training_hours"": 0, ""photo_verified"": ""PASS"", ""payment_status"": ""success""}",2026-08-10 20:53
보건,두두보건,H001,요양보호사,노점순,010-9852-5022,F,1931-07-14,대구,2026-11-24,PM,32000,없음,32000,계좌이체,결제대기,가족보조,,,"{""source_receipt"": ""DH2026157587"", ""education"": ""대학교졸"", ""training_org"": ""전주평생학습관"", ""training_cert_no"": ""TR20260861"", ""training_done"": ""2026-06-03"", ""training_hours"": 240, ""photo_verified"": ""PASS"", ""payment_status"": ""pending""}",2026-08-19 09:44
보건,두두보건,H001,요양보호사,안갑수,010-2089-6712,M,1947-03-13,전주,2026-10-26,AM,32000,장애인,32000,가상계좌,접수완료,본인단독,,,"{""source_receipt"": ""DH2026277735"", ""education"": ""대학원졸"", ""training_org"": ""춘천노인복지교육센터"", ""training_cert_no"": ""TR20263746"", ""training_done"": ""2026-05-09"", ""training_hours"": 240, ""photo_verified"": ""PASS"", ""payment_status"": ""success""}",2026-08-11 21:31
보건,두두보건,H001,요양보호사,양필순,010-4233-8671,F,1941-02-23,제주,2026-11-20,AM,32000,없음,32000,계좌이체,취소,본인단독,,,"{""source_receipt"": ""DH2026114316"", ""education"": ""고등학교졸업"", ""training_org"": ""인천시니어교육센터"", ""training_cert_no"": ""TR20260013"", ""training_done"": ""2026-04-20"", ""training_hours"": 240, ""photo_verified"": ""PASS"", ""payment_status"": ""refunded""}",2026-08-12 21:05
보건,두두보건,H002,위생사,전운순,010-1154-3877,F,1939-04-21,광주,2026-09-12,AM,30000,없음,30000,계좌이체,접수완료,본인단독,,,"{""source_receipt"": ""DH2026208995"", ""education"": ""초등학교졸업"", ""training_org"": ""광주보건대학교 위생과"", ""training_cert_no"": ""TR20260825"", ""training_done"": ""2026-05-09"", ""training_hours"": 0, ""photo_verified"": ""PASS"", ""payment_status"": ""success""}",2026-08-08 20:47
보건,두두보건,H001,요양보호사,강병수,010-5790-6621,M,1934-10-12,전주,2026-10-23,AM,32000,장애인,32000,신용카드,접수완료,복지관,,,"{""source_receipt"": ""DH2026144699"", ""education"": ""고등학교졸업"", ""training_org"": ""대구평생교육원"", ""training_cert_no"": ""TR20261863"", ""training_done"": ""2026-04-04"", ""training_hours"": 240, ""photo_verified"": ""PASS"", ""payment_status"": ""success""}",2026-08-13 12:32
보건,두두보건,H001,요양보호사,박필호,010-8050-8289,M,1936-11-08,청주,2026-09-10,PM,32000,없음,32000,신용카드,접수완료,가족보조,,,"{""source_receipt"": ""DH2026067181"", ""education"": ""초등학교졸업"", ""training_org"": ""성남시립간호조무사교육원"", ""training_cert_no"": ""TR20267840"", ""training_done"": ""2026-05-05"", ""training_hours"": 240, ""photo_verified"": ""PASS"", ""payment_status"": ""success""}",2026-08-06 21:46
보건,두두보건,H001,요양보호사,유만복,010-9816-6072,M,1961-05-23,수원,2026-09-28,PM,32000,없음,32000,계좌이체,접수완료,복지관,,,"{""source_receipt"": ""DH2026954917"", ""education"": ""대학교졸"", ""training_org"": ""수원시니어아카데미"", ""training_cert_no"": ""TR20267251"", ""training_done"": ""2026-07-19"", ""training_hours"": 240, ""photo_verified"": ""PASS"", ""payment_status"": ""success""}",2026-08-11 19:54
보건,두두보건,H001,요양보호사,하두만,010-4334-3329,M,1961-06-03,광주,2026-09-04,AM,32000,기초생활수급자,32000,계좌이체,접수완료,가족보조,,,"{""source_receipt"": ""DH2026220118"", ""education"": ""중학교졸업"", ""training_org"": ""천안시니어교육센터"", ""training_cert_no"": ""TR20262076"", ""training_done"": ""2026-05-19"", ""training_hours"": 240, ""photo_verified"": ""PASS"", ""payment_status"": ""success""}",2026-08-13 09:49
보건,두두보건,H002,위생사,양순자,010-7213-5296,F,1941-05-19,광주,2026-09-15,PM,30000,없음,30000,신용카드,접수완료,복지관,,,"{""source_receipt"": ""DH2026624413"", ""education"": ""고등학교졸업"", ""training_org"": ""전주보건대학교 위생과"", ""training_cert_no"": ""TR20260319"", ""training_done"": ""2026-05-18"", ""training_hours"": 0, ""photo_verified"": ""PASS"", ""payment_status"": ""success""}",2026-08-03 14:37
보건,두두보건,H002,위생사,이점순,010-6227-3590,F,1933-02-26,전주,2026-11-07,AM,30000,없음,30000,가상계좌,접수완료,복지관,,,"{""source_receipt"": ""DH2026895980"", ""education"": ""중학교졸업"", ""training_org"": ""제주보건대학 환경위생과"", ""training_cert_no"": ""TR20261702"", ""training_done"": ""2026-05-06"", ""training_hours"": 0, ""photo_verified"": ""PASS"", ""payment_status"": ""success""}",2026-08-05 16:04
보건,두두보건,H001,요양보호사,홍금순,010-6075-1312,F,1931-08-09,제주,2026-10-06,AM,32000,없음,32000,계좌이체,접수완료,본인단독,,,"{""source_receipt"": ""DH2026675272"", ""education"": ""전문대졸"", ""training_org"": ""광주복지교육원"", ""training_cert_no"": ""TR20267882"", ""training_done"": ""2026-03-09"", ""training_hours"": 240, ""photo_verified"": ""PASS"", ""payment_status"": ""success""}",2026-08-04 22:40
보건,두두보건,H002,위생사,안상길,010-8907-3315,M,1951-09-16,대전,2026-10-23,PM,30000,장애인,30000,신용카드,접수완료,복지관,,,"{""source_receipt"": ""DH2026046142"", ""education"": ""고등학교졸업"", ""training_org"": ""전주보건대학교 위생과"", ""training_cert_no"": ""TR20268249"", ""training_done"": ""2026-06-26"", ""training_hours"": 0, ""photo_verified"": ""PASS"", ""payment_status"": ""success""}",2026-08-08 11:57
보건,두두보건,H001,요양보호사,황만복,010-1085-2919,M,1935-08-24,전주,2026-11-18,AM,32000,장애인,32000,가상계좌,접수완료,복지관,,,"{""source_receipt"": ""DH2026743391"", ""education"": ""고등학교졸업"", ""training_org"": ""수원시니어아카데미"", ""training_cert_no"": ""TR20262956"", ""training_done"": ""2026-07-21"", ""training_hours"": 240, ""photo_verified"": ""PASS"", ""payment_status"": ""success""}",2026-08-05 20:22
보건,두두보건,H002,위생사,남동석,010-5609-9358,M,1946-09-03,청주,2026-10-04,PM,30000,기초생활수급자,30000,가상계좌,결제대기,복지관,,,"{""source_receipt"": ""DH2026064092"", ""education"": ""전문대졸"", ""training_org"": ""전주보건대학교 위생과"", ""training_cert_no"": ""TR20265755"", ""training_done"": ""2026-07-25"", ""training_hours"": 0, ""photo_verified"": ""PASS"", ""payment_status"": ""pending""}",2026-08-19 22:50
보건,두두보건,H001,요양보호사,양정순,010-2061-2262,F,1944-02-27,제주,2026-11-09,AM,32000,없음,32000,가상계좌,접수완료,복지관,,,"{""source_receipt"": ""DH2026085964"", ""education"": ""중학교졸업"", ""training_org"": ""전주평생학습관"", ""training_cert_no"": ""TR20262560"", ""training_done"": ""2026-04-20"", ""training_hours"": 240, ""photo_verified"": ""PASS"", ""payment_status"": ""success""}",2026-08-06 10:08
보건,두두보건,H002,위생사,조근호,010-7136-2643,M,1942-01-05,서울,2026-10-07,AM,30000,없음,30000,가상계좌,결제대기,가족보조,,,"{""source_receipt"": ""DH2026380790"", ""education"": ""전문대졸"", ""training_org"": ""전주보건대학교 위생과"", ""training_cert_no"": ""TR20260249"", ""training_done"": ""2026-06-23"", ""training_hours"": 0, ""photo_verified"": ""PASS"", ""payment_status"": ""pending""}",2026-08-09 12:10
보건,두두보건,H001,요양보호사,정정호,010-2933-9157,M,1962-05-04,청주,2026-10-24,PM,32000,기초생활수급자,32000,계좌이체,접수완료,가족보조,,,"{""source_receipt"": ""DH2026964927"", ""education"": ""초등학교졸업"", ""training_org"": ""인천시니어교육센터"", ""training_cert_no"": ""TR20268308"", ""training_done"": ""2026-07-25"", ""training_hours"": 240, ""photo_verified"": ""PASS"", ""payment_status"": ""success""}",2026-08-13 21:47
보건,두두보건,H002,위생사,권운순,010-6843-7606,F,1953-05-26,청주,2026-10-09,PM,30000,없음,30000,가상계좌,접수완료,복지관,,,"{""source_receipt"": ""DH2026007500"", ""education"": ""중학교졸업"", ""training_org"": ""전주보건대학교 위생과"", ""training_cert_no"": ""TR20268628"", ""training_done"": ""2026-05-17"", ""training_hours"": 0, ""photo_verified"": ""PASS"", ""payment_status"": ""success""}",2026-08-18 13:22
보건,두두보건,H002,위생사,남갑수,010-4171-8220,M,1962-04-03,전주,2026-10-25,PM,30000,없음,30000,계좌이체,접수완료,복지관,,,"{""source_receipt"": ""DH2026142239"", ""education"": ""중학교졸업"", ""training_org"": ""전주보건대학교 위생과"", ""training_cert_no"": ""TR20267757"", ""training_done"": ""2026-07-20"", ""training_hours"": 0, ""photo_verified"": ""PASS"", ""payment_status"": ""success""}",2026-08-04 21:15
보건,두두보건,H001,요양보호사,전점순,010-4674-4064,F,1943-05-17,서울,2026-11-25,AM,32000,없음,32000,가상계좌,접수완료,복지관,,,"{""source_receipt"": ""DH2026271536"", ""education"": ""초등학교졸업"", ""training_org"": ""춘천노인복지교육센터"", ""training_cert_no"": ""TR20268595"", ""training_done"": ""2026-04-10"", ""training_hours"": 240, ""photo_verified"": ""PASS"", ""payment_status"": ""success""}",2026-08-16 22:58
보건,두두보건,H001,요양보호사,하계순,010-6915-7971,F,1944-01-20,부산,2026-10-06,AM,32000,없음,32000,계좌이체,접수완료,본인단독,,,"{""source_receipt"": ""DH2026903995"", ""education"": ""전문대졸"", ""training_org"": ""성남시립간호조무사교육원"", ""training_cert_no"": ""TR20265497"", ""training_done"": ""2026-06-06"", ""training_hours"": 240, ""photo_verified"": ""PASS"", ""payment_status"": ""success""}",2026-08-13 09:48
보건,두두보건,H001,요양보호사,최영자,010-8555-6304,F,1938-11-26,제주,2026-09-15,AM,32000,없음,32000,가상계좌,접수완료,본인단독,,,"{""source_receipt"": ""DH2026283397"", ""education"": ""고등학교졸업"", ""training_org"": ""청주보건교육원"", ""training_cert_no"": ""TR20261260"", ""training_done"": ""2026-07-07"", ""training_hours"": 240, ""photo_verified"": ""PASS"", ""payment_status"": ""success""}",2026-08-17 09:43
보건,두두보건,H001,요양보호사,주동호,010-2381-4451,M,1932-12-19,청주,2026-09-12,AM,32000,없음,32000,계좌이체,접수완료,본인단독,,,"{""source_receipt"": ""DH2026030718"", ""education"": ""고등학교졸업"", ""training_org"": ""천안시니어교육센터"", ""training_cert_no"": ""TR20262514"", ""training_done"": ""2026-07-19"", ""training_hours"": 240, ""photo_verified"": ""PASS"", ""payment_status"": ""success""}",2026-08-08 20:01
보건,두두보건,H001,요양보호사,고옥희,010-5699-9602,F,1964-06-23,전주,2026-11-01,AM,32000,없음,32000,계좌이체,접수완료,가족보조,,,"{""source_receipt"": ""DH2026154548"", ""education"": ""중학교졸업"", ""training_org"": ""부산광역시요양보호사교육원"", ""training_cert_no"": ""TR20264038"", ""training_done"": ""2026-06-15"", ""training_hours"": 240, ""photo_verified"": ""PASS"", ""payment_status"": ""success""}",2026-08-10 16:16
보건,두두보건,H002,위생사,양순옥,010-1249-9577,F,1948-05-18,서울,2026-10-23,AM,30000,없음,30000,계좌이체,접수완료,가족보조,,,"{""source_receipt"": ""DH2026317792"", ""education"": ""대학교졸"", ""training_org"": ""수원보건대학 환경보건과"", ""training_cert_no"": ""TR20263945"", ""training_done"": ""2026-05-19"", ""training_hours"": 0, ""photo_verified"": ""PASS"", ""payment_status"": ""success""}",2026-08-02 18:05
보건,두두보건,H001,요양보호사,성갑수,010-5974-3998,M,1944-12-14,대구,2026-09-22,PM,32000,없음,32000,가상계좌,접수완료,본인단독,,,"{""source_receipt"": ""DH2026151877"", ""education"": ""전문대졸"", ""training_org"": ""인천시니어교육센터"", ""training_cert_no"": ""TR20262649"", ""training_done"": ""2026-06-25"", ""training_hours"": 240, ""photo_verified"": ""PASS"", ""payment_status"": ""success""}",2026-08-13 11:56
보건,두두보건,H001,요양보호사,강정순,010-2055-1305,F,1958-03-02,광주,2026-11-07,PM,32000,없음,32000,가상계좌,접수완료,가족보조,,,"{""source_receipt"": ""DH2026134008"", ""education"": ""전문대졸"", ""training_org"": ""순천시니어교육원"", ""training_cert_no"": ""TR20260552"", ""training_done"": ""2026-04-03"", ""training_hours"": 240, ""photo_verified"": ""PASS"", ""payment_status"": ""success""}",2026-08-08 17:05
보건,두두보건,H001,요양보호사,백정호,010-9148-3100,M,1957-01-14,청주,2026-11-14,AM,32000,없음,32000,가상계좌,취소,복지관,,,"{""source_receipt"": ""DH2026861387"", ""education"": ""전문대졸"", ""training_org"": ""전주평생학습관"", ""training_cert_no"": ""TR20264001"", ""training_done"": ""2026-07-11"", ""training_hours"": 240, ""photo_verified"": ""PASS"", ""payment_status"": ""refunded""}",2026-08-17 19:13
보건,두두보건,H001,요양보호사,임선옥,010-5330-5705,F,1946-06-11,대전,2026-10-03,AM,32000,없음,32000,계좌이체,접수완료,본인단독,,,"{""source_receipt"": ""DH2026212619"", ""education"": ""대학교졸"", ""training_org"": ""부산광역시요양보호사교육원"", ""training_cert_no"": ""TR20264568"", ""training_done"": ""2026-07-06"", ""training_hours"": 240, ""photo_verified"": ""PASS"", ""payment_status"": ""success""}",2026-08-13 12:06
보건,두두보건,H002,위생사,오정순,010-1435-7226,F,1930-12-28,제주,2026-10-04,AM,30000,없음,30000,가상계좌,취소,복지관,,,"{""source_receipt"": ""DH2026441545"", ""education"": ""대학교졸"", ""training_org"": ""광주보건대학교 위생과"", ""training_cert_no"": ""TR20262070"", ""training_done"": ""2026-04-22"", ""training_hours"": 0, ""photo_verified"": ""PASS"", ""payment_status"": ""refunded""}",2026-08-03 21:58
보건,두두보건,H001,요양보호사,서춘자,010-9254-5844,F,1954-10-22,전주,2026-10-05,AM,32000,없음,32000,계좌이체,취소,가족보조,,,"{""source_receipt"": ""DH2026238595"", ""education"": ""고등학교졸업"", ""training_org"": ""창원노인복지관교육부"", ""training_cert_no"": ""TR20266681"", ""training_done"": ""2026-03-26"", ""training_hours"": 240, ""photo_verified"": ""PASS"", ""payment_status"": ""refunded""}",2026-08-10 20:43
보건,두두보건,H001,요양보호사,손옥희,010-6087-5411,F,1948-06-27,부산,2026-09-15,PM,32000,없음,32000,가상계좌,접수완료,가족보조,,,"{""source_receipt"": ""DH2026237625"", ""education"": ""대학교졸"", ""training_org"": ""순천시니어교육원"", ""training_cert_no"": ""TR20263798"", ""training_done"": ""2026-06-12"", ""training_hours"": 240, ""photo_verified"": ""PASS"", ""payment_status"": ""success""}",2026-08-18 22:59
보건,두두보건,H002,위생사,황일남,010-1262-5131,M,1957-01-28,부산,2026-10-20,AM,30000,기초생활수급자,30000,가상계좌,접수완료,가족보조,,,"{""source_receipt"": ""DH2026646681"", ""education"": ""대학원졸"", ""training_org"": ""대구보건대학교 보건위생과"", ""training_cert_no"": ""TR20267215"", ""training_done"": ""2026-03-14"", ""training_hours"": 0, ""photo_verified"": ""PASS"", ""payment_status"": ""success""}",2026-08-06 09:31
보건,두두보건,H001,요양보호사,곽영수,010-7609-2283,M,1963-10-27,대전,2026-11-12,AM,32000,없음,32000,계좌이체,접수완료,복지관,,,"{""source_receipt"": ""DH2026944603"", ""education"": ""전문대졸"", ""training_org"": ""순천시니어교육원"", ""training_cert_no"": ""TR20264115"", ""training_done"": ""2026-03-25"", ""training_hours"": 240, ""photo_verified"": ""PASS"", ""payment_status"": ""success""}",2026-08-07 21:52
보건,두두보건,H001,요양보호사,하봉숙,010-3689-6180,F,1934-07-07,수원,2026-09-14,PM,32000,장애인,32000,계좌이체,접수완료,본인단독,,,"{""source_receipt"": ""DH2026158583"", ""education"": ""대학교졸"", ""training_org"": ""인천시니어교육센터"", ""training_cert_no"": ""TR20266574"", ""training_done"": ""2026-03-04"", ""training_hours"": 240, ""photo_verified"": ""PASS"", ""payment_status"": ""success""}",2026-08-19 16:46
보건,두두보건,H001,요양보호사,임춘희,010-9223-7660,F,1936-02-21,서울,2026-10-07,AM,32000,없음,32000,신용카드,취소,복지관,,,"{""source_receipt"": ""DH2026724504"", ""education"": ""고등학교졸업"", ""training_org"": ""경기도요양보호사교육원"", ""training_cert_no"": ""TR20264931"", ""training_done"": ""2026-06-03"", ""training_hours"": 240, ""photo_verified"": ""PASS"", ""payment_status"": ""refunded""}",2026-08-11 14:57
보건,두두보건,H001,요양보호사,허일남,010-3906-2343,M,1928-02-05,광주,2026-09-03,PM,32000,기초생활수급자,32000,가상계좌,접수완료,본인단독,,,"{""source_receipt"": ""DH2026132108"", ""education"": ""중학교졸업"", ""training_org"": ""성남시립간호조무사교육원"", ""training_cert_no"": ""TR20261861"", ""training_done"": ""2026-05-19"", ""training_hours"": 240, ""photo_verified"": ""PASS"", ""payment_status"": ""success""}",2026-08-17 12:35
보건,두두보건,H001,요양보호사,성일남,010-7655-9329,M,1958-05-25,부산,2026-10-19,AM,32000,없음,32000,신용카드,결제대기,본인단독,,,"{""source_receipt"": ""DH2026859739"", ""education"": ""전문대졸"", ""training_org"": ""부산광역시요양보호사교육원"", ""training_cert_no"": ""TR20262007"", ""training_done"": ""2026-03-04"", ""training_hours"": 240, ""photo_verified"": ""PASS"", ""payment_status"": ""pending""}",2026-08-08 09:51
보건,두두보건,H001,요양보호사,남원호,010-4690-4927,M,1960-02-23,수원,2026-11-23,AM,32000,없음,32000,계좌이체,접수완료,가족보조,,,"{""source_receipt"": ""DH2026099462"", ""education"": ""무학"", ""training_org"": ""수원시니어아카데미"", ""training_cert_no"": ""TR20261727"", ""training_done"": ""2026-04-17"", ""training_hours"": 240, ""photo_verified"": ""PASS"", ""payment_status"": ""success""}",2026-08-03 11:15
보건,두두보건,H001,요양보호사,우재호,010-4082-8137,M,1943-11-05,수원,2026-11-01,AM,32000,없음,32000,계좌이체,접수완료,가족보조,,,"{""source_receipt"": ""DH2026202761"", ""education"": ""고등학교졸업"", ""training_org"": ""대구평생교육원"", ""training_cert_no"": ""TR20266279"", ""training_done"": ""2026-05-01"", ""training_hours"": 240, ""photo_verified"": ""PASS"", ""payment_status"": ""success""}",2026-08-17 14:23
보건,두두보건,H001,요양보호사,우갑순,010-2686-4558,F,1956-07-17,부산,2026-09-08,AM,32000,없음,32000,계좌이체,접수완료,본인단독,,,"{""source_receipt"": ""DH2026712535"", ""education"": ""중학교졸업"", ""training_org"": ""포항시민교육원"", ""training_cert_no"": ""TR20267761"", ""training_done"": ""2026-07-02"", ""training_hours"": 240, ""photo_verified"": ""PASS"", ""payment_status"": ""success""}",2026-08-10 17:21
보건,두두보건,H001,요양보호사,심옥분,010-9574-1786,F,1944-01-17,대구,2026-11-05,PM,32000,장애인,32000,신용카드,접수완료,본인단독,,,"{""source_receipt"": ""DH2026908480"", ""education"": ""고등학교졸업"", ""training_org"": ""제주시니어교육원"", ""training_cert_no"": ""TR20264857"", ""training_done"": ""2026-04-28"", ""training_hours"": 240, ""photo_verified"": ""PASS"", ""payment_status"": ""success""}",2026-08-02 11:11
보건,두두보건,H001,요양보호사,노갑순,010-8362-5506,F,1938-11-18,부산,2026-09-11,AM,32000,기초생활수급자,32000,계좌이체,접수완료,본인단독,,,"{""source_receipt"": ""DH2026494835"", ""education"": ""고등학교졸업"", ""training_org"": ""창원노인복지관교육부"", ""training_cert_no"": ""TR20265351"", ""training_done"": ""2026-06-16"", ""training_hours"": 240, ""photo_verified"": ""PASS"", ""payment_status"": ""success""}",2026-08-10 19:38
보건,두두보건,H001,요양보호사,한정순,010-9762-5292,F,1939-09-25,청주,2026-09-14,PM,32000,없음,32000,신용카드,취소,본인단독,,,"{""source_receipt"": ""DH2026826544"", ""education"": ""중학교졸업"", ""training_org"": ""수원시니어아카데미"", ""training_cert_no"": ""TR20263345"", ""training_done"": ""2026-07-27"", ""training_hours"": 240, ""photo_verified"": ""PASS"", ""payment_status"": ""refunded""}",2026-08-04 15:28
보건,두두보건,H001,요양보호사,류순자,010-3369-3895,F,1931-12-26,광주,2026-11-13,AM,32000,없음,32000,계좌이체,접수완료,가족보조,,,"{""source_receipt"": ""DH2026845298"", ""education"": ""전문대졸"", ""training_org"": ""광주복지교육원"", ""training_cert_no"": ""TR20261459"", ""training_done"": ""2026-07-14"", ""training_hours"": 240, ""photo_verified"": ""PENDING"", ""payment_status"": ""success""}",2026-08-05 16:09
보건,두두보건,H001,요양보호사,심태호,010-2796-9298,M,1929-02-12,서울,2026-09-04,AM,32000,장애인,32000,신용카드,접수완료,복지관,,,"{""source_receipt"": ""DH2026638255"", ""education"": ""초등학교졸업"", ""training_org"": ""경기도요양보호사교육원"", ""training_cert_no"": ""TR20268540"", ""training_done"": ""2026-06-05"", ""training_hours"": 240, ""photo_verified"": ""PASS"", ""payment_status"": ""success""}",2026-08-13 21:40
보건,두두보건,H002,위생사,서태호,010-8692-6039,M,1929-08-22,대구,2026-11-14,AM,30000,없음,30000,신용카드,접수완료,복지관,,,"{""source_receipt"": ""DH2026985346"", ""education"": ""대학교졸"", ""training_org"": ""광주보건대학교 위생과"", ""training_cert_no"": ""TR20265413"", ""training_done"": ""2026-03-20"", ""training_hours"": 0, ""photo_verified"": ""PASS"", ""payment_status"": ""success""}",2026-08-08 12:10
보건,두두보건,H001,요양보호사,남정자,010-6121-6410,F,1963-11-09,청주,2026-09-23,AM,32000,없음,32000,계좌이체,접수완료,가족보조,,,"{""source_receipt"": ""DH2026762037"", ""education"": ""고등학교졸업"", ""training_org"": ""창원노인복지관교육부"", ""training_cert_no"": ""TR20263155"", ""training_done"": ""2026-06-08"", ""training_hours"": 240, ""photo_verified"": ""PASS"", ""payment_status"": ""success""}",2026-08-08 10:47
보건,두두보건,H001,요양보호사,양정자,010-2810-2926,F,1966-04-05,제주,2026-10-05,AM,32000,없음,32000,계좌이체,접수완료,복지관,,,"{""source_receipt"": ""DH2026219081"", ""education"": ""초등학교졸업"", ""training_org"": ""서울시립요양보호사교육원"", ""training_cert_no"": ""TR20264090"", ""training_done"": ""2026-07-11"", ""training_hours"": 240, ""photo_verified"": ""PASS"", ""payment_status"": ""success""}",2026-08-06 21:06
보건,두두보건,H001,요양보호사,황상원,010-6077-7067,M,1955-03-15,대전,2026-11-26,PM,32000,없음,32000,가상계좌,접수완료,복지관,,,"{""source_receipt"": ""DH2026821698"", ""education"": ""고등학교졸업"", ""training_org"": ""대구평생교육원"", ""training_cert_no"": ""TR20268221"", ""training_done"": ""2026-07-18"", ""training_hours"": 240, ""photo_verified"": ""PASS"", ""payment_status"": ""success""}",2026-08-15 13:00
보건,두두보건,H001,요양보호사,박용기,010-6655-3760,M,1938-04-10,부산,2026-11-19,AM,32000,없음,32000,계좌이체,접수완료,복지관,,,"{""source_receipt"": ""DH2026805382"", ""education"": ""대학원졸"", ""training_org"": ""광주복지교육원"", ""training_cert_no"": ""TR20262732"", ""training_done"": ""2026-05-12"", ""training_hours"": 240, ""photo_verified"": ""PASS"", ""payment_status"": ""success""}",2026-08-03 09:08
보건,두두보건,H001,요양보호사,문영숙,010-2791-8261,F,1957-06-12,광주,2026-10-06,PM,32000,없음,32000,신용카드,결제대기,가족보조,,,"{""source_receipt"": ""DH2026550962"", ""education"": ""중학교졸업"", ""training_org"": ""제주시니어교육원"", ""training_cert_no"": ""TR20262060"", ""training_done"": ""2026-04-06"", ""training_hours"": 240, ""photo_verified"": ""PASS"", ""payment_status"": ""pending""}",2026-08-08 13:23
보건,두두보건,H001,요양보호사,황점순,010-4738-1782,F,1932-01-05,청주,2026-09-24,AM,32000,없음,32000,신용카드,접수완료,가족보조,,,"{""source_receipt"": ""DH2026471777"", ""education"": ""초등학교졸업"", ""training_org"": ""성남시립간호조무사교육원"", ""training_cert_no"": ""TR20265619"", ""training_done"": ""2026-07-10"", ""training_hours"": 240, ""photo_verified"": ""PASS"", ""payment_status"": ""success""}",2026-08-16 12:51
보건,두두보건,H001,요양보호사,윤만수,010-5115-4140,M,1935-03-23,대구,2026-10-13,AM,32000,없음,32000,신용카드,취소,가족보조,,,"{""source_receipt"": ""DH2026249576"", ""education"": ""중학교졸업"", ""training_org"": ""춘천노인복지교육센터"", ""training_cert_no"": ""TR20261199"", ""training_done"": ""2026-04-20"", ""training_hours"": 240, ""photo_verified"": ""PASS"", ""payment_status"": ""refunded""}",2026-08-08 09:29
보건,두두보건,H001,요양보호사,성귀순,010-4425-8914,F,1962-04-22,청주,2026-11-03,AM,32000,없음,32000,신용카드,접수완료,복지관,,,"{""source_receipt"": ""DH2026090494"", ""education"": ""대학교졸"", ""training_org"": ""경기도요양보호사교육원"", ""training_cert_no"": ""TR20263170"", ""training_done"": ""2026-06-23"", ""training_hours"": 240, ""photo_verified"": ""PASS"", ""payment_status"": ""success""}",2026-08-09 21:13
보건,두두보건,H001,요양보호사,최동호,010-2517-5923,M,1955-05-01,제주,2026-10-04,PM,32000,없음,32000,계좌이체,접수완료,가족보조,,,"{""source_receipt"": ""DH2026263857"", ""education"": ""고등학교졸업"", ""training_org"": ""고양시평생교육원"", ""training_cert_no"": ""TR20265594"", ""training_done"": ""2026-06-27"", ""training_hours"": 240, ""photo_verified"": ""FAIL"", ""payment_status"": ""success""}",2026-08-08 18:34
보건,두두보건,H001,요양보호사,홍만수,010-8287-2935,M,1960-12-20,제주,2026-11-21,PM,32000,없음,32000,계좌이체,접수완료,복지관,,,"{""source_receipt"": ""DH2026455531"", ""education"": ""중학교졸업"", ""training_org"": ""광주복지교육원"", ""training_cert_no"": ""TR20266973"", ""training_done"": ""2026-04-01"", ""training_hours"": 240, ""photo_verified"": ""PASS"", ""payment_status"": ""success""}",2026-08-10 13:19
보건,두두보건,H001,요양보호사,안철수,010-7251-5859,M,1933-10-02,서울,2026-10-26,PM,32000,없음,32000,계좌이체,접수완료,복지관,,,"{""source_receipt"": ""DH2026064359"", ""education"": ""고등학교졸업"", ""training_org"": ""전주평생학습관"", ""training_cert_no"": ""TR20268364"", ""training_done"": ""2026-03-17"", ""training_hours"": 240, ""photo_verified"": ""PASS"", ""payment_status"": ""success""}",2026-08-14 16:07
보건,두두보건,H001,요양보호사,남기철,010-6583-3453,M,1955-04-12,서울,2026-09-11,AM,32000,없음,32000,신용카드,취소,복지관,,,"{""source_receipt"": ""DH2026371261"", ""education"": ""고등학교졸업"", ""training_org"": ""부산광역시요양보호사교육원"", ""training_cert_no"": ""TR20268797"", ""training_done"": ""2026-05-09"", ""training_hours"": 240, ""photo_verified"": ""PASS"", ""payment_status"": ""refunded""}",2026-08-05 14:37
보건,두두보건,H001,요양보호사,심순자,010-6524-9414,F,1930-06-06,전주,2026-09-22,AM,32000,없음,32000,계좌이체,접수완료,본인단독,,,"{""source_receipt"": ""DH2026223458"", ""education"": ""고등학교졸업"", ""training_org"": ""제주시니어교육원"", ""training_cert_no"": ""TR20261106"", ""training_done"": ""2026-06-22"", ""training_hours"": 240, ""photo_verified"": ""PASS"", ""payment_status"": ""success""}",2026-08-04 09:34
보건,두두보건,H001,요양보호사,김순자,010-3782-7350,F,1929-11-19,전주,2026-11-17,PM,32000,없음,32000,계좌이체,접수완료,본인단독,,,"{""source_receipt"": ""DH2026019418"", ""education"": ""고등학교졸업"", ""training_org"": ""창원노인복지관교육부"", ""training_cert_no"": ""TR20260395"", ""training_done"": ""2026-05-12"", ""training_hours"": 240, ""photo_verified"": ""PASS"", ""payment_status"": ""success""}",2026-08-14 16:18
보건,두두보건,H001,요양보호사,서경자,010-9709-2521,F,1929-02-26,전주,2026-10-24,PM,32000,없음,32000,신용카드,취소,가족보조,,,"{""source_receipt"": ""DH2026693314"", ""education"": ""고등학교졸업"", ""training_org"": ""천안시니어교육센터"", ""training_cert_no"": ""TR20261550"", ""training_done"": ""2026-04-14"", ""training_hours"": 240, ""photo_verified"": ""PASS"", ""payment_status"": ""refunded""}",2026-08-16 09:14
보건,두두보건,H001,요양보호사,차철수,010-3963-5814,M,1946-07-08,서울,2026-11-08,AM,32000,없음,32000,가상계좌,접수완료,복지관,,,"{""source_receipt"": ""DH2026451687"", ""education"": ""대학원졸"", ""training_org"": ""부산광역시요양보호사교육원"", ""training_cert_no"": ""TR20263015"", ""training_done"": ""2026-07-25"", ""training_hours"": 240, ""photo_verified"": ""PASS"", ""payment_status"": ""success""}",2026-08-06 16:11
보건,두두보건,H001,요양보호사,전재호,010-4032-8664,M,1928-04-18,광주,2026-11-20,PM,32000,없음,32000,신용카드,접수완료,복지관,,,"{""source_receipt"": ""DH2026369873"", ""education"": ""무학"", ""training_org"": ""포항시민교육원"", ""training_cert_no"": ""TR20266964"", ""training_done"": ""2026-05-01"", ""training_hours"": 240, ""photo_verified"": ""PASS"", ""payment_status"": ""success""}",2026-08-12 14:43
보건,두두보건,H002,위생사,우춘희,010-5926-2508,F,1948-08-26,대전,2026-10-01,PM,30000,없음,30000,신용카드,접수완료,본인단독,,,"{""source_receipt"": ""DH2026425814"", ""education"": ""고등학교졸업"", ""training_org"": ""서울보건대학교 환경위생과"", ""training_cert_no"": ""TR20262895"", ""training_done"": ""2026-05-25"", ""training_hours"": 0, ""photo_verified"": ""PASS"", ""payment_status"": ""success""}",2026-08-04 10:45
보건,두두보건,H001,요양보호사,김만수,010-9330-4617,M,1932-09-05,대구,2026-10-22,AM,32000,없음,32000,신용카드,접수완료,복지관,,,"{""source_receipt"": ""DH2026775710"", ""education"": ""중학교졸업"", ""training_org"": ""부산광역시요양보호사교육원"", ""training_cert_no"": ""TR20263694"", ""training_done"": ""2026-05-08"", ""training_hours"": 240, ""photo_verified"": ""PASS"", ""payment_status"": ""success""}",2026-08-05 13:40
보건,두두보건,H001,요양보호사,심갑수,010-3674-7565,M,1964-04-04,부산,2026-11-22,PM,32000,없음,32000,계좌이체,접수완료,복지관,,,"{""source_receipt"": ""DH2026438490"", ""education"": ""고등학교졸업"", ""training_org"": ""인천시니어교육센터"", ""training_cert_no"": ""TR20269279"", ""training_done"": ""2026-07-26"", ""training_hours"": 240, ""photo_verified"": ""PASS"", ""payment_status"": ""success""}",2026-08-11 20:09
보건,두두보건,H002,위생사,민계순,010-1311-3949,F,1937-02-08,대전,2026-11-26,PM,30000,없음,30000,가상계좌,접수완료,가족보조,,,"{""source_receipt"": ""DH2026097890"", ""education"": ""초등학교졸업"", ""training_org"": ""대구보건대학교 보건위생과"", ""training_cert_no"": ""TR20263923"", ""training_done"": ""2026-07-23"", ""training_hours"": 0, ""photo_verified"": ""PASS"", ""payment_status"": ""success""}",2026-08-02 13:33
보건,두두보건,H002,위생사,오기철,010-2668-5200,M,1964-03-04,청주,2026-10-04,AM,30000,없음,30000,신용카드,접수완료,가족보조,,,"{""source_receipt"": ""DH2026902363"", ""education"": ""무학"", ""training_org"": ""대전보건대학 환경위생학과"", ""training_cert_no"": ""TR20267171"", ""training_done"": ""2026-05-14"", ""training_hours"": 0, ""photo_verified"": ""PASS"", ""payment_status"": ""success""}",2026-08-01 14:36
보건,두두보건,H002,위생사,정정호,010-7149-8733,M,1932-04-16,광주,2026-09-02,AM,30000,없음,30000,신용카드,접수완료,복지관,,,"{""source_receipt"": ""DH2026742375"", ""education"": ""고등학교졸업"", ""training_org"": ""대구보건대학교 보건위생과"", ""training_cert_no"": ""TR20261846"", ""training_done"": ""2026-05-20"", ""training_hours"": 0, ""photo_verified"": ""FAIL"", ""payment_status"": ""success""}",2026-08-14 16:46
보건,두두보건,H001,요양보호사,하운순,010-7646-9896,F,1951-11-03,대구,2026-10-21,AM,32000,장애인,32000,가상계좌,결제대기,복지관,,,"{""source_receipt"": ""DH2026365237"", ""education"": ""고등학교졸업"", ""training_org"": ""대전실버교육원"", ""training_cert_no"": ""TR20269885"", ""training_done"": ""2026-06-08"", ""training_hours"": 240, ""photo_verified"": ""PASS"", ""payment_status"": ""pending""}",2026-08-05 19:47
보건,두두보건,H002,위생사,손태호,010-1343-2631,M,1966-08-03,청주,2026-11-14,PM,30000,없음,30000,가상계좌,취소,복지관,,,"{""source_receipt"": ""DH2026076244"", ""education"": ""대학교졸"", ""training_org"": ""제주보건대학 환경위생과"", ""training_cert_no"": ""TR20269313"", ""training_done"": ""2026-06-03"", ""training_hours"": 0, ""photo_verified"": ""PASS"", ""payment_status"": ""refunded""}",2026-08-07 22:17
보건,두두보건,H001,요양보호사,곽광수,010-4562-5994,M,1942-12-07,대구,2026-09-02,PM,32000,없음,32000,가상계좌,접수완료,본인단독,,,"{""source_receipt"": ""DH2026218904"", ""education"": ""대학원졸"", ""training_org"": ""제주시니어교육원"", ""training_cert_no"": ""TR20269054"", ""training_done"": ""2026-04-22"", ""training_hours"": 240, ""photo_verified"": ""PENDING"", ""payment_status"": ""success""}",2026-08-10 13:28
보건,두두보건,H001,요양보호사,강상길,010-3858-2418,M,1964-01-06,전주,2026-10-06,PM,32000,없음,32000,가상계좌,접수완료,복지관,,,"{""source_receipt"": ""DH2026026562"", ""education"": ""전문대졸"", ""training_org"": ""청주보건교육원"", ""training_cert_no"": ""TR20266382"", ""training_done"": ""2026-05-14"", ""training_hours"": 240, ""photo_verified"": ""PASS"", ""payment_status"": ""success""}",2026-08-09 20:23
보건,두두보건,H001,요양보호사,류갑수,010-4556-4146,M,1957-01-14,수원,2026-10-13,PM,32000,장애인,32000,가상계좌,접수완료,복지관,,,"{""source_receipt"": ""DH2026254537"", ""education"": ""고등학교졸업"", ""training_org"": ""대전실버교육원"", ""training_cert_no"": ""TR20264090"", ""training_done"": ""2026-07-05"", ""training_hours"": 240, ""photo_verified"": ""PASS"", ""payment_status"": ""success""}",2026-08-19 14:36
보건,두두보건,H001,요양보호사,홍영자,010-2780-8926,F,1938-07-25,부산,2026-10-06,PM,32000,없음,32000,계좌이체,접수완료,가족보조,,,"{""source_receipt"": ""DH2026589140"", ""education"": ""고등학교졸업"", ""training_org"": ""성남시립간호조무사교육원"", ""training_cert_no"": ""TR20262290"", ""training_done"": ""2026-05-05"", ""training_hours"": 240, ""photo_verified"": ""PASS"", ""payment_status"": ""success""}",2026-08-18 21:06
보건,두두보건,H001,요양보호사,유금순,010-4876-4329,F,1961-06-02,대전,2026-09-04,PM,32000,기초생활수급자,32000,가상계좌,접수완료,가족보조,,,"{""source_receipt"": ""DH2026171292"", ""education"": ""대학교졸"", ""training_org"": ""제주시니어교육원"", ""training_cert_no"": ""TR20265237"", ""training_done"": ""2026-04-22"", ""training_hours"": 240, ""photo_verified"": ""PASS"", ""payment_status"": ""success""}",2026-08-03 15:23
보건,두두보건,H001,요양보호사,백삼석,010-6717-2704,M,1928-06-11,수원,2026-10-06,PM,32000,없음,32000,신용카드,접수완료,가족보조,,,"{""source_receipt"": ""DH2026430118"", ""education"": ""고등학교졸업"", ""training_org"": ""전주평생학습관"", ""training_cert_no"": ""TR20262184"", ""training_done"": ""2026-06-03"", ""training_hours"": 240, ""photo_verified"": ""PASS"", ""payment_status"": ""success""}",2026-08-04 17:00
보건,두두보건,H001,요양보호사,심미자,010-8258-9882,F,1961-11-24,제주,2026-09-02,AM,32000,없음,32000,신용카드,접수완료,본인단독,,,"{""source_receipt"": ""DH2026157776"", ""education"": ""대학교졸"", ""training_org"": ""서울시립요양보호사교육원"", ""training_cert_no"": ""TR20266866"", ""training_done"": ""2026-04-05"", ""training_hours"": 240, ""photo_verified"": ""PASS"", ""payment_status"": ""success""}",2026-08-01 20:32
보건,두두보건,H002,위생사,홍근호,010-4689-1656,M,1963-03-13,청주,2026-10-08,AM,30000,없음,30000,신용카드,접수완료,가족보조,,,"{""source_receipt"": ""DH2026392699"", ""education"": ""중학교졸업"", ""training_org"": ""수원보건대학 환경보건과"", ""training_cert_no"": ""TR20262666"", ""training_done"": ""2026-07-26"", ""training_hours"": 0, ""photo_verified"": ""PENDING"", ""payment_status"": ""success""}",2026-08-19 13:18
보건,두두보건,H001,요양보호사,배인순,010-8935-8611,F,1931-08-20,대구,2026-11-13,PM,32000,없음,32000,신용카드,접수완료,본인단독,,,"{""source_receipt"": ""DH2026764873"", ""education"": ""고등학교졸업"", ""training_org"": ""포항시민교육원"", ""training_cert_no"": ""TR20261276"", ""training_done"": ""2026-07-27"", ""training_hours"": 240, ""photo_verified"": ""PASS"", ""payment_status"": ""success""}",2026-08-14 10:01
보건,두두보건,H001,요양보호사,차태호,010-9954-6538,M,1930-11-14,서울,2026-11-21,PM,32000,없음,32000,가상계좌,접수완료,복지관,,,"{""source_receipt"": ""DH2026678431"", ""education"": ""대학교졸"", ""training_org"": ""천안시니어교육센터"", ""training_cert_no"": ""TR20265323"", ""training_done"": ""2026-06-18"", ""training_hours"": 240, ""photo_verified"": ""PENDING"", ""payment_status"": ""success""}",2026-08-11 16:23
보건,두두보건,H001,요양보호사,안만복,010-7073-9636,M,1947-11-21,부산,2026-09-11,PM,32000,없음,32000,계좌이체,접수완료,본인단독,,,"{""source_receipt"": ""DH2026286852"", ""education"": ""중학교졸업"", ""training_org"": ""광주복지교육원"", ""training_cert_no"": ""TR20261354"", ""training_done"": ""2026-05-07"", ""training_hours"": 240, ""photo_verified"": ""PASS"", ""payment_status"": ""success""}",2026-08-17 12:03
보건,두두보건,H001,요양보호사,서철수,010-3125-9202,M,1951-06-26,제주,2026-11-11,AM,32000,없음,32000,가상계좌,접수완료,복지관,,,"{""source_receipt"": ""DH2026315206"", ""education"": ""대학교졸"", ""training_org"": ""서울시립요양보호사교육원"", ""training_cert_no"": ""TR20266020"", ""training_done"": ""2026-05-01"", ""training_hours"": 240, ""photo_verified"": ""PASS"", ""payment_status"": ""success""}",2026-08-13 16:03
보건,두두보건,H001,요양보호사,성옥분,010-2381-3583,F,1944-11-14,대전,2026-10-17,AM,32000,없음,32000,가상계좌,접수완료,본인단독,,,"{""source_receipt"": ""DH2026941013"", ""education"": ""고등학교졸업"", ""training_org"": ""대구평생교육원"", ""training_cert_no"": ""TR20269753"", ""training_done"": ""2026-05-10"", ""training_hours"": 240, ""photo_verified"": ""PASS"", ""payment_status"": ""success""}",2026-08-03 16:18
보건,두두보건,H002,위생사,고말자,010-3533-8013,F,1937-10-03,부산,2026-11-26,AM,30000,장애인,30000,가상계좌,접수완료,가족보조,,,"{""source_receipt"": ""DH2026597520"", ""education"": ""초등학교졸업"", ""training_org"": ""부산보건대학 위생학과"", ""training_cert_no"": ""TR20263157"", ""training_done"": ""2026-06-01"", ""training_hours"": 0, ""photo_verified"": ""PENDING"", ""payment_status"": ""success""}",2026-08-19 09:23
보건,두두보건,H001,요양보호사,민영자,010-1172-1040,F,1940-10-04,제주,2026-11-18,PM,32000,기초생활수급자,32000,계좌이체,접수완료,가족보조,,,"{""source_receipt"": ""DH2026713055"", ""education"": ""고등학교졸업"", ""training_org"": ""광주복지교육원"", ""training_cert_no"": ""TR20260265"", ""training_done"": ""2026-03-13"", ""training_hours"": 240, ""photo_verified"": ""PASS"", ""payment_status"": ""success""}",2026-08-12 21:29
보건,두두보건,H001,요양보호사,문계순,010-9483-3264,F,1963-06-19,전주,2026-11-21,AM,32000,없음,32000,신용카드,접수완료,복지관,,,"{""source_receipt"": ""DH2026120994"", ""education"": ""전문대졸"", ""training_org"": ""청주보건교육원"", ""training_cert_no"": ""TR20266675"", ""training_done"": ""2026-05-06"", ""training_hours"": 240, ""photo_verified"": ""PASS"", ""payment_status"": ""success""}",2026-08-17 19:02
보건,두두보건,H001,요양보호사,최상길,010-6051-9971,M,1965-05-27,부산,2026-11-23,AM,32000,없음,32000,신용카드,접수완료,가족보조,,,"{""source_receipt"": ""DH2026156739"", ""education"": ""대학교졸"", ""training_org"": ""부산광역시요양보호사교육원"", ""training_cert_no"": ""TR20265105"", ""training_done"": ""2026-03-01"", ""training_hours"": 240, ""photo_verified"": ""PASS"", ""payment_status"": ""success""}",2026-08-02 16:23
보건,두두보건,H001,요양보호사,류순자,010-1011-1287,F,1937-02-23,전주,2026-10-13,AM,32000,없음,32000,가상계좌,접수완료,복지관,,,"{""source_receipt"": ""DH2026185214"", ""education"": ""중학교졸업"", ""training_org"": ""창원노인복지관교육부"", ""training_cert_no"": ""TR20264006"", ""training_done"": ""2026-04-06"", ""training_hours"": 240, ""photo_verified"": ""PASS"", ""payment_status"": ""success""}",2026-08-12 11:42
보건,두두보건,H001,요양보호사,고선옥,010-6790-5914,F,1966-06-07,대전,2026-11-14,PM,32000,없음,32000,계좌이체,접수완료,가족보조,,,"{""source_receipt"": ""DH2026290280"", ""education"": ""고등학교졸업"", ""training_org"": ""경기도요양보호사교육원"", ""training_cert_no"": ""TR20269308"", ""training_done"": ""2026-07-11"", ""training_hours"": 240, ""photo_verified"": ""PASS"", ""payment_status"": ""success""}",2026-08-14 13:32
보건,두두보건,H001,요양보호사,주필순,010-9459-9660,F,1933-10-22,수원,2026-09-14,PM,32000,없음,32000,신용카드,접수완료,복지관,,,"{""source_receipt"": ""DH2026970876"", ""education"": ""무학"", ""training_org"": ""성남시립간호조무사교육원"", ""training_cert_no"": ""TR20260322"", ""training_done"": ""2026-04-01"", ""training_hours"": 240, ""photo_verified"": ""PASS"", ""payment_status"": ""success""}",2026-08-14 15:01
보건,두두보건,H001,요양보호사,김춘자,010-3163-1491,F,1948-10-07,대전,2026-11-15,AM,32000,장애인,32000,계좌이체,접수완료,본인단독,,,"{""source_receipt"": ""DH2026246069"", ""education"": ""고등학교졸업"", ""training_org"": ""포항시민교육원"", ""training_cert_no"": ""TR20266962"", ""training_done"": ""2026-03-02"", ""training_hours"": 240, ""photo_verified"": ""PENDING"", ""payment_status"": ""success""}",2026-08-16 20:15
보건,두두보건,H001,요양보호사,민태호,010-3553-1058,M,1947-03-25,전주,2026-09-22,PM,32000,없음,32000,계좌이체,접수완료,가족보조,,,"{""source_receipt"": ""DH2026069169"", ""education"": ""중학교졸업"", ""training_org"": ""청주보건교육원"", ""training_cert_no"": ""TR20266062"", ""training_done"": ""2026-03-19"", ""training_hours"": 240, ""photo_verified"": ""PASS"", ""payment_status"": ""success""}",2026-08-12 10:03
보건,두두보건,H001,요양보호사,서금순,010-5924-9055,F,1954-12-27,부산,2026-11-02,PM,32000,없음,32000,가상계좌,접수완료,가족보조,,,"{""source_receipt"": ""DH2026068364"", ""education"": ""중학교졸업"", ""training_org"": ""인천시니어교육센터"", ""training_cert_no"": ""TR20263416"", ""training_done"": ""2026-03-23"", ""training_hours"": 240, ""photo_verified"": ""PASS"", ""payment_status"": ""success""}",2026-08-02 18:32
보건,두두보건,H001,요양보호사,주재호,010-2342-1516,M,1928-10-07,수원,2026-11-12,PM,32000,없음,32000,계좌이체,접수완료,본인단독,,,"{""source_receipt"": ""DH2026691023"", ""education"": ""고등학교졸업"", ""training_org"": ""대구평생교육원"", ""training_cert_no"": ""TR20262295"", ""training_done"": ""2026-06-18"", ""training_hours"": 240, ""photo_verified"": ""PASS"", ""payment_status"": ""success""}",2026-08-11 21:50
보건,두두보건,H001,요양보호사,노동석,010-7189-6298,M,1948-07-20,청주,2026-09-22,AM,32000,없음,32000,계좌이체,접수완료,본인단독,,,"{""source_receipt"": ""DH2026789629"", ""education"": ""대학원졸"", ""training_org"": ""수원시니어아카데미"", ""training_cert_no"": ""TR20264340"", ""training_done"": ""2026-04-15"", ""training_hours"": 240, ""photo_verified"": ""PASS"", ""payment_status"": ""success""}",2026-08-08 17:10
보건,두두보건,H001,요양보호사,심상길,010-3931-2023,M,1936-04-10,대구,2026-11-26,AM,32000,장애인,32000,가상계좌,접수완료,가족보조,,,"{""source_receipt"": ""DH2026602031"", ""education"": ""초등학교졸업"", ""training_org"": ""성남시립간호조무사교육원"", ""training_cert_no"": ""TR20261292"", ""training_done"": ""2026-04-23"", ""training_hours"": 240, ""photo_verified"": ""PASS"", ""payment_status"": ""success""}",2026-08-03 11:47
보건,두두보건,H001,요양보호사,백필호,010-9027-7480,M,1948-03-04,대전,2026-10-22,AM,32000,없음,32000,신용카드,접수완료,복지관,,,"{""source_receipt"": ""DH2026342093"", ""education"": ""대학교졸"", ""training_org"": ""수원시니어아카데미"", ""training_cert_no"": ""TR20268839"", ""training_done"": ""2026-06-25"", ""training_hours"": 240, ""photo_verified"": ""PASS"", ""payment_status"": ""success""}",2026-08-08 14:48
보건,두두보건,H002,위생사,김동석,010-4311-3996,M,1959-05-19,서울,2026-11-11,AM,30000,없음,30000,신용카드,접수완료,복지관,,,"{""source_receipt"": ""DH2026620170"", ""education"": ""대학원졸"", ""training_org"": ""대구보건대학교 보건위생과"", ""training_cert_no"": ""TR20266916"", ""training_done"": ""2026-07-20"", ""training_hours"": 0, ""photo_verified"": ""PASS"", ""payment_status"": ""success""}",2026-08-16 13:52
보건,두두보건,H001,요양보호사,성만복,010-3895-8462,M,1961-09-17,대전,2026-10-28,AM,32000,없음,32000,가상계좌,접수완료,가족보조,,,"{""source_receipt"": ""DH2026949752"", ""education"": ""고등학교졸업"", ""training_org"": ""경기도요양보호사교육원"", ""training_cert_no"": ""TR20263134"", ""training_done"": ""2026-03-19"", ""training_hours"": 240, ""photo_verified"": ""PASS"", ""payment_status"": ""success""}",2026-08-03 19:25
보건,두두보건,H002,위생사,문필순,010-9504-8062,F,1934-02-26,서울,2026-11-10,AM,30000,없음,30000,계좌이체,접수완료,본인단독,,,"{""source_receipt"": ""DH2026991299"", ""education"": ""초등학교졸업"", ""training_org"": ""전주보건대학교 위생과"", ""training_cert_no"": ""TR20264063"", ""training_done"": ""2026-05-21"", ""training_hours"": 0, ""photo_verified"": ""PASS"", ""payment_status"": ""success""}",2026-08-04 19:58
보건,두두보건,H002,위생사,이순자,010-4978-2557,F,1932-07-28,대전,2026-11-26,PM,30000,없음,30000,신용카드,접수완료,복지관,,,"{""source_receipt"": ""DH2026596071"", ""education"": ""중학교졸업"", ""training_org"": ""서울보건대학교 환경위생과"", ""training_cert_no"": ""TR20268791"", ""training_done"": ""2026-05-21"", ""training_hours"": 0, ""photo_verified"": ""PENDING"", ""payment_status"": ""success""}",2026-08-14 09:06
보건,두두보건,H002,위생사,구만수,010-3051-1948,M,1934-11-26,대전,2026-11-14,AM,30000,없음,30000,가상계좌,접수완료,가족보조,,,"{""source_receipt"": ""DH2026234673"", ""education"": ""중학교졸업"", ""training_org"": ""대구보건대학교 보건위생과"", ""training_cert_no"": ""TR20264913"", ""training_done"": ""2026-04-24"", ""training_hours"": 0, ""photo_verified"": ""PASS"", ""payment_status"": ""success""}",2026-08-16 14:46
보건,두두보건,H002,위생사,윤춘자,010-9090-8299,F,1956-05-15,청주,2026-09-27,AM,30000,없음,30000,계좌이체,접수완료,가족보조,,,"{""source_receipt"": ""DH2026238267"", ""education"": ""초등학교졸업"", ""training_org"": ""대전보건대학 환경위생학과"", ""training_cert_no"": ""TR20267017"", ""training_done"": ""2026-06-20"", ""training_hours"": 0, ""photo_verified"": ""PASS"", ""payment_status"": ""success""}",2026-08-17 19:54
보건,두두보건,H001,요양보호사,장춘자,010-2269-6182,F,1937-06-10,전주,2026-09-14,PM,32000,기초생활수급자,32000,신용카드,접수완료,복지관,,,"{""source_receipt"": ""DH2026400071"", ""education"": ""중학교졸업"", ""training_org"": ""포항시민교육원"", ""training_cert_no"": ""TR20263726"", ""training_done"": ""2026-05-03"", ""training_hours"": 240, ""photo_verified"": ""PASS"", ""payment_status"": ""success""}",2026-08-05 17:17
보건,두두보건,H002,위생사,강계순,010-1668-2008,F,1947-02-07,청주,2026-10-06,AM,30000,없음,30000,가상계좌,결제대기,본인단독,,,"{""source_receipt"": ""DH2026712712"", ""education"": ""대학교졸"", ""training_org"": ""서울보건대학교 환경위생과"", ""training_cert_no"": ""TR20262831"", ""training_done"": ""2026-05-01"", ""training_hours"": 0, ""photo_verified"": ""PASS"", ""payment_status"": ""pending""}",2026-08-03 22:17
보건,두두보건,H002,위생사,성철수,010-6836-7764,M,1962-02-14,전주,2026-09-05,AM,30000,없음,30000,가상계좌,접수완료,가족보조,,,"{""source_receipt"": ""DH2026482415"", ""education"": ""고등학교졸업"", ""training_org"": ""인천보건대 환경보건과"", ""training_cert_no"": ""TR20261317"", ""training_done"": ""2026-07-08"", ""training_hours"": 0, ""photo_verified"": ""PASS"", ""payment_status"": ""success""}",2026-08-14 16:48
보건,두두보건,H002,위생사,한귀순,010-3576-9668,F,1935-09-21,부산,2026-10-25,AM,30000,장애인,30000,계좌이체,접수완료,가족보조,,,"{""source_receipt"": ""DH2026951426"", ""education"": ""고등학교졸업"", ""training_org"": ""전주보건대학교 위생과"", ""training_cert_no"": ""TR20268647"", ""training_done"": ""2026-04-26"", ""training_hours"": 0, ""photo_verified"": ""PENDING"", ""payment_status"": ""success""}",2026-08-19 14:42
보건,두두보건,H001,요양보호사,노성호,010-3630-2071,M,1934-02-20,수원,2026-10-04,PM,32000,없음,32000,계좌이체,접수완료,복지관,,,"{""source_receipt"": ""DH2026966788"", ""education"": ""고등학교졸업"", ""training_org"": ""포항시민교육원"", ""training_cert_no"": ""TR20262494"", ""training_done"": ""2026-03-15"", ""training_hours"": 240, ""photo_verified"": ""PASS"", ""payment_status"": ""success""}",2026-08-12 11:43
보건,두두보건,H001,요양보호사,강영호,010-1456-6577,M,1941-08-17,청주,2026-10-25,AM,32000,없음,32000,신용카드,접수완료,복지관,,,"{""source_receipt"": ""DH2026442080"", ""education"": ""고등학교졸업"", ""training_org"": ""경기도요양보호사교육원"", ""training_cert_no"": ""TR20260821"", ""training_done"": ""2026-04-28"", ""training_hours"": 240, ""photo_verified"": ""PASS"", ""payment_status"": ""success""}",2026-08-06 17:26
보건,두두보건,H001,요양보호사,오봉숙,010-6009-5648,F,1929-06-23,청주,2026-10-02,AM,32000,없음,32000,가상계좌,접수완료,복지관,,,"{""source_receipt"": ""DH2026102292"", ""education"": ""중학교졸업"", ""training_org"": ""인천시니어교육센터"", ""training_cert_no"": ""TR20269686"", ""training_done"": ""2026-04-14"", ""training_hours"": 240, ""photo_verified"": ""PENDING"", ""payment_status"": ""success""}",2026-08-03 16:12
보건,두두보건,H002,위생사,임필순,010-2852-4148,F,1955-05-17,대구,2026-09-19,AM,30000,없음,30000,가상계좌,접수완료,복지관,,,"{""source_receipt"": ""DH2026400488"", ""education"": ""대학교졸"", ""training_org"": ""광주보건대학교 위생과"", ""training_cert_no"": ""TR20265022"", ""training_done"": ""2026-04-12"", ""training_hours"": 0, ""photo_verified"": ""PASS"", ""payment_status"": ""success""}",2026-08-12 14:04
보건,두두보건,H002,위생사,최용기,010-5237-8907,M,1949-09-05,대전,2026-09-22,PM,30000,없음,30000,계좌이체,접수완료,복지관,,,"{""source_receipt"": ""DH2026429205"", ""education"": ""중학교졸업"", ""training_org"": ""수원보건대학 환경보건과"", ""training_cert_no"": ""TR20267795"", ""training_done"": ""2026-05-14"", ""training_hours"": 0, ""photo_verified"": ""PENDING"", ""payment_status"": ""success""}",2026-08-07 17:54
보건,두두보건,H001,요양보호사,곽상길,010-7126-9048,M,1929-06-02,대전,2026-09-09,AM,32000,없음,32000,신용카드,접수완료,복지관,,,"{""source_receipt"": ""DH2026001758"", ""education"": ""중학교졸업"", ""training_org"": ""전주평생학습관"", ""training_cert_no"": ""TR20269114"", ""training_done"": ""2026-03-06"", ""training_hours"": 240, ""photo_verified"": ""PASS"", ""payment_status"": ""success""}",2026-08-03 22:39
보건,두두보건,H002,위생사,성영숙,010-9897-7357,F,1948-07-03,청주,2026-10-14,AM,30000,없음,30000,계좌이체,접수완료,복지관,,,"{""source_receipt"": ""DH2026042445"", ""education"": ""고등학교졸업"", ""training_org"": ""광주보건대학교 위생과"", ""training_cert_no"": ""TR20268779"", ""training_done"": ""2026-04-13"", ""training_hours"": 0, ""photo_verified"": ""PASS"", ""payment_status"": ""success""}",2026-08-05 12:30
보건,두두보건,H001,요양보호사,구영숙,010-7817-4277,F,1947-12-01,제주,2026-10-28,PM,32000,없음,32000,신용카드,취소,본인단독,,,"{""source_receipt"": ""DH2026698885"", ""education"": ""대학교졸"", ""training_org"": ""성남시립간호조무사교육원"", ""training_cert_no"": ""TR20267713"", ""training_done"": ""2026-03-17"", ""training_hours"": 240, ""photo_verified"": ""PASS"", ""payment_status"": ""refunded""}",2026-08-04 14:41
보건,두두보건,H001,요양보호사,구춘희,010-8315-2497,F,1942-09-23,서울,2026-11-11,AM,32000,없음,32000,신용카드,접수완료,복지관,,,"{""source_receipt"": ""DH2026538720"", ""education"": ""중학교졸업"", ""training_org"": ""포항시민교육원"", ""training_cert_no"": ""TR20266047"", ""training_done"": ""2026-05-11"", ""training_hours"": 240, ""photo_verified"": ""FAIL"", ""payment_status"": ""success""}",2026-08-08 14:39
보건,두두보건,H001,요양보호사,서영호,010-6186-5445,M,1959-07-15,서울,2026-09-01,PM,32000,없음,32000,가상계좌,접수완료,본인단독,,,"{""source_receipt"": ""DH2026167194"", ""education"": ""무학"", ""training_org"": ""춘천노인복지교육센터"", ""training_cert_no"": ""TR20261936"", ""training_done"": ""2026-05-04"", ""training_hours"": 240, ""photo_verified"": ""PASS"", ""payment_status"": ""success""}",2026-08-15 15:07
보건,두두보건,H002,위생사,김상길,010-6030-2288,M,1963-05-20,수원,2026-10-17,PM,30000,없음,30000,가상계좌,접수완료,본인단독,,,"{""source_receipt"": ""DH2026949564"", ""education"": ""중학교졸업"", ""training_org"": ""인천보건대 환경보건과"", ""training_cert_no"": ""TR20264086"", ""training_done"": ""2026-07-05"", ""training_hours"": 0, ""photo_verified"": ""PASS"", ""payment_status"": ""success""}",2026-08-14 18:48
보건,두두보건,H001,요양보호사,남점순,010-5782-1976,F,1950-10-14,제주,2026-10-20,AM,32000,없음,32000,계좌이체,접수완료,가족보조,,,"{""source_receipt"": ""DH2026255987"", ""education"": ""중학교졸업"", ""training_org"": ""청주보건교육원"", ""training_cert_no"": ""TR20264726"", ""training_done"": ""2026-03-17"", ""training_hours"": 240, ""photo_verified"": ""PASS"", ""payment_status"": ""success""}",2026-08-07 16:19
보건,두두보건,H001,요양보호사,조선옥,010-7777-7209,F,1950-03-12,서울,2026-11-19,AM,32000,없음,32000,신용카드,접수완료,복지관,,,"{""source_receipt"": ""DH2026454056"", ""education"": ""무학"", ""training_org"": ""경기도요양보호사교육원"", ""training_cert_no"": ""TR20262885"", ""training_done"": ""2026-07-28"", ""training_hours"": 240, ""photo_verified"": ""PASS"", ""payment_status"": ""success""}",2026-08-10 10:01
보건,두두보건,H001,요양보호사,조선옥,010-5972-7199,F,1946-07-04,광주,2026-11-01,AM,32000,없음,32000,가상계좌,접수완료,본인단독,,,"{""source_receipt"": ""DH2026330253"", ""education"": ""고등학교졸업"", ""training_org"": ""청주보건교육원"", ""training_cert_no"": ""TR20266753"", ""training_done"": ""2026-04-13"", ""training_hours"": 240, ""photo_verified"": ""PASS"", ""payment_status"": ""success""}",2026-08-09 11:42
보건,두두보건,H001,요양보호사,남태호,010-5889-8730,M,1945-05-20,서울,2026-11-05,AM,32000,없음,32000,계좌이체,취소,본인단독,,,"{""source_receipt"": ""DH2026525993"", ""education"": ""고등학교졸업"", ""training_org"": ""대구평생교육원"", ""training_cert_no"": ""TR20263885"", ""training_done"": ""2026-04-07"", ""training_hours"": 240, ""photo_verified"": ""PASS"", ""payment_status"": ""refunded""}",2026-08-05 21:51
보건,두두보건,H001,요양보호사,배인순,010-9723-4206,F,1930-05-25,부산,2026-09-06,PM,32000,없음,32000,계좌이체,접수완료,가족보조,,,"{""source_receipt"": ""DH2026033659"", ""education"": ""고등학교졸업"", ""training_org"": ""천안시니어교육센터"", ""training_cert_no"": ""TR20263930"", ""training_done"": ""2026-05-08"", ""training_hours"": 240, ""photo_verified"": ""PASS"", ""payment_status"": ""success""}",2026-08-05 22:16
